date,runAt,service,region,itemCount,productCount,skuCount,minRetailPrice,maxRetailPrice,averageRetailPrice,currency,truncated
2026-06-15,2026-06-15T20:50:01Z,Application Gateway,australiaeast,22,8,5,0.008,0.522,0.15022182,USD,False
2026-06-15,2026-06-15T20:50:01Z,Application Gateway,brazilsouth,18,7,5,0.008,0.72,0.20858,USD,False
2026-06-15,2026-06-15T20:50:01Z,Application Gateway,eastus,22,8,5,0.008,0.448,0.12017727,USD,False
2026-06-15,2026-06-15T20:50:01Z,Application Gateway,eastus2,22,8,5,0.008,0.448,0.12017727,USD,False
2026-06-15,2026-06-15T20:50:01Z,Application Gateway,japaneast,14,6,5,0.008,0.522,0.18805857,USD,False
2026-06-15,2026-06-15T20:50:01Z,Application Gateway,northeurope,22,8,5,0.008,0.50176,0.13672182,USD,False
2026-06-15,2026-06-15T20:50:01Z,Application Gateway,southeastasia,22,8,5,0.008,0.50176,0.14207636,USD,False
2026-06-15,2026-06-15T20:50:01Z,Application Gateway,swedencentral,17,7,5,0.0076,0.50176,0.14827176,USD,False
2026-06-15,2026-06-15T20:50:01Z,Application Gateway,westeurope,22,8,5,0.008,0.50176,0.14206727,USD,False
2026-06-15,2026-06-15T20:50:01Z,Application Gateway,westus2,18,7,5,0.008,0.448,0.13827222,USD,False
2026-06-15,2026-06-15T20:50:01Z,Azure App Service,australiaeast,124,20,67,0.016,80.0,3.33422719,USD,False
2026-06-15,2026-06-15T20:50:01Z,Azure App Service,brazilsouth,102,18,56,0.0158,80.0,2.96177998,USD,False
2026-06-15,2026-06-15T20:50:01Z,Azure App Service,eastus,113,16,62,0.017,80.0,3.05313451,USD,False
2026-06-15,2026-06-15T20:50:01Z,Azure App Service,eastus2,117,17,63,0.0,80.0,3.02458982,USD,False
2026-06-15,2026-06-15T20:50:01Z,Azure App Service,japaneast,128,21,68,0.0,80.0,3.31481827,USD,False
2026-06-15,2026-06-15T20:50:01Z,Azure App Service,northeurope,113,16,62,0.018,80.0,3.45700196,USD,False
2026-06-15,2026-06-15T20:50:01Z,Azure App Service,southeastasia,113,16,62,0.018,80.0,3.50719758,USD,False
2026-06-15,2026-06-15T20:50:01Z,Azure App Service,swedencentral,111,17,60,0.0,80.0,3.06190559,USD,False
2026-06-15,2026-06-15T20:50:01Z,Azure App Service,westeurope,117,17,63,0.0,80.0,3.48324291,USD,False
2026-06-15,2026-06-15T20:50:01Z,Azure App Service,westus2,117,17,63,0.0,80.0,3.01730191,USD,False
2026-06-15,2026-06-15T20:50:01Z,Azure Cosmos DB,australiaeast,106,14,81,0.0,32.553,2.54770911,USD,False
2026-06-15,2026-06-15T20:50:01Z,Azure Cosmos DB,brazilsouth,103,14,78,0.0,44.9,3.58415748,USD,False
2026-06-15,2026-06-15T20:50:01Z,Azure Cosmos DB,eastus,99,14,76,0.0,22.45,2.07406196,USD,False
2026-06-15,2026-06-15T20:50:01Z,Azure Cosmos DB,eastus2,99,14,76,0.0,22.45,2.07625388,USD,False
2026-06-15,2026-06-15T20:50:01Z,Azure Cosmos DB,japaneast,106,14,81,0.0,32.553,2.5569471,USD,False
2026-06-15,2026-06-15T20:50:01Z,Azure Cosmos DB,northeurope,106,14,81,0.0,26.94,2.21805191,USD,False
2026-06-15,2026-06-15T20:50:01Z,Azure Cosmos DB,southeastasia,106,14,81,0.0,29.185,2.30645925,USD,False
2026-06-15,2026-06-15T20:50:01Z,Azure Cosmos DB,swedencentral,97,14,73,0.0,29.185,2.587158,USD,False
2026-06-15,2026-06-15T20:50:01Z,Azure Cosmos DB,westeurope,106,14,81,0.0,29.185,2.39201482,USD,False
2026-06-15,2026-06-15T20:50:01Z,Azure Cosmos DB,westus2,99,14,76,0.0,22.45,2.04923503,USD,False
2026-06-15,2026-06-15T20:50:01Z,Azure Database for PostgreSQL,australiaeast,107,41,48,0.0,76.343,4.33323421,USD,False
2026-06-15,2026-06-15T20:50:01Z,Azure Database for PostgreSQL,brazilsouth,111,43,48,0.0,133.345,6.79866926,USD,False
2026-06-15,2026-06-15T20:50:01Z,Azure Database for PostgreSQL,eastus,110,43,48,0.0,63.619,3.43568106,USD,False
2026-06-15,2026-06-15T20:50:01Z,Azure Database for PostgreSQL,eastus2,111,44,48,0.0,63.619,3.40815691,USD,False
2026-06-15,2026-06-15T20:50:01Z,Azure Database for PostgreSQL,japaneast,110,43,48,0.0,76.343,4.21765002,USD,False
2026-06-15,2026-06-15T20:50:01Z,Azure Database for PostgreSQL,northeurope,112,45,48,0.0,71.253,3.76968572,USD,False
2026-06-15,2026-06-15T20:50:01Z,Azure Database for PostgreSQL,southeastasia,110,43,48,0.0,76.343,4.21477941,USD,False
2026-06-15,2026-06-15T20:50:01Z,Azure Database for PostgreSQL,swedencentral,104,41,47,0.0,65.4,3.73360233,USD,False
2026-06-15,2026-06-15T20:50:01Z,Azure Database for PostgreSQL,westeurope,114,47,48,0.0,77.615,4.02451162,USD,False
2026-06-15,2026-06-15T20:50:01Z,Azure Database for PostgreSQL,westus2,107,41,48,0.0,63.619,3.53051698,USD,False
2026-06-15,2026-06-15T20:50:01Z,Azure Kubernetes Service,australiaeast,8,1,1,0.010602,0.16,0.0385475,USD,False
2026-06-15,2026-06-15T20:50:01Z,Azure Kubernetes Service,brazilsouth,8,1,1,0.014624,0.16,0.045583,USD,False
2026-06-15,2026-06-15T20:50:01Z,Azure Kubernetes Service,eastus,9,2,2,0.007312,0.6,0.09581467,USD,False
2026-06-15,2026-06-15T20:50:01Z,Azure Kubernetes Service,eastus2,8,1,1,0.007312,0.16,0.0327915,USD,False
2026-06-15,2026-06-15T20:50:01Z,Azure Kubernetes Service,japaneast,8,1,1,0.010602,0.16,0.0385475,USD,False
2026-06-15,2026-06-15T20:50:01Z,Azure Kubernetes Service,northeurope,8,1,1,0.008774,0.16,0.0353495,USD,False
2026-06-15,2026-06-15T20:50:01Z,Azure Kubernetes Service,southeastasia,8,1,1,0.009506,0.16,0.036629,USD,False
2026-06-15,2026-06-15T20:50:01Z,Azure Kubernetes Service,swedencentral,8,1,1,0.009506,0.16,0.036629,USD,False
2026-06-15,2026-06-15T20:50:01Z,Azure Kubernetes Service,westeurope,8,1,1,0.010456,0.16,0.03829175,USD,False
2026-06-15,2026-06-15T20:50:01Z,Azure Kubernetes Service,westus2,8,1,1,0.007312,0.16,0.0327915,USD,False
2026-06-15,2026-06-15T20:50:01Z,Functions,australiaeast,9,2,3,0.0,0.182,0.02167433,USD,False
2026-06-15,2026-06-15T20:50:01Z,Functions,brazilsouth,9,2,3,0.0,0.183,0.02179656,USD,False
2026-06-15,2026-06-15T20:50:01Z,Functions,eastus,9,2,3,0.0,0.173,0.02059489,USD,False
2026-06-15,2026-06-15T20:50:01Z,Functions,eastus2,9,2,3,0.0,0.16,0.01905044,USD,False
2026-06-15,2026-06-15T20:50:01Z,Functions,japaneast,9,2,3,0.0,0.196,0.02333933,USD,False
2026-06-15,2026-06-15T20:50:01Z,Functions,northeurope,9,2,3,0.0,0.167,0.01988378,USD,False
2026-06-15,2026-06-15T20:50:01Z,Functions,southeastasia,9,2,3,0.0,0.178,0.02119656,USD,False
2026-06-15,2026-06-15T20:50:01Z,Functions,swedencentral,9,2,3,0.0,0.169,0.02012822,USD,False
2026-06-15,2026-06-15T20:50:01Z,Functions,westeurope,9,2,3,0.0,0.169,0.02012822,USD,False
2026-06-15,2026-06-15T20:50:01Z,Functions,westus2,9,2,3,0.0,0.16,0.01905044,USD,False
2026-06-15,2026-06-15T20:50:01Z,Load Balancer,australiaeast,0,0,0,,,,USD,False
2026-06-15,2026-06-15T20:50:01Z,Load Balancer,brazilsouth,0,0,0,,,,USD,False
2026-06-15,2026-06-15T20:50:01Z,Load Balancer,eastus,0,0,0,,,,USD,False
2026-06-15,2026-06-15T20:50:01Z,Load Balancer,eastus2,0,0,0,,,,USD,False
2026-06-15,2026-06-15T20:50:01Z,Load Balancer,japaneast,0,0,0,,,,USD,False
2026-06-15,2026-06-15T20:50:01Z,Load Balancer,northeurope,0,0,0,,,,USD,False
2026-06-15,2026-06-15T20:50:01Z,Load Balancer,southeastasia,0,0,0,,,,USD,False
2026-06-15,2026-06-15T20:50:01Z,Load Balancer,swedencentral,0,0,0,,,,USD,False
2026-06-15,2026-06-15T20:50:01Z,Load Balancer,westeurope,0,0,0,,,,USD,False
2026-06-15,2026-06-15T20:50:01Z,Load Balancer,westus2,0,0,0,,,,USD,False
2026-06-15,2026-06-15T20:50:01Z,SQL Database,australiaeast,154,37,77,0.0,571.408,22.78711522,USD,False
2026-06-15,2026-06-15T20:50:01Z,SQL Database,brazilsouth,109,35,71,0.0,627.26,31.3701431,USD,False
2026-06-15,2026-06-15T20:50:01Z,SQL Database,eastus,113,30,37,0.0,24.36,2.87434587,USD,False
2026-06-15,2026-06-15T20:50:01Z,SQL Database,eastus2,108,29,36,0.0,24.36,2.98343595,USD,False
2026-06-15,2026-06-15T20:50:01Z,SQL Database,japaneast,150,37,75,0.0,584.208,23.84588713,USD,False
2026-06-15,2026-06-15T20:50:01Z,SQL Database,northeurope,113,30,37,0.0,29.22,3.43563935,USD,False
2026-06-15,2026-06-15T20:50:01Z,SQL Database,southeastasia,111,29,37,0.0,31.66,3.77798125,USD,False
2026-06-15,2026-06-15T20:50:01Z,SQL Database,swedencentral,106,30,74,0.0,516.128,26.50978892,USD,False
2026-06-15,2026-06-15T20:50:01Z,SQL Database,westeurope,113,30,37,0.0,31.66,3.72220855,USD,False
2026-06-15,2026-06-15T20:50:01Z,SQL Database,westus2,111,29,37,0.0,24.36,2.91339714,USD,False
2026-06-15,2026-06-15T20:50:01Z,Storage,australiaeast,200,23,68,0.0,3342.34,23.89177272,USD,True
2026-06-15,2026-06-15T20:50:01Z,Storage,brazilsouth,200,27,62,0.0,4669.71,74.65290366,USD,True
2026-06-15,2026-06-15T20:50:01Z,Storage,eastus,200,28,70,0.0,3686.4,51.35685995,USD,False
2026-06-15,2026-06-15T20:50:01Z,Storage,eastus2,200,25,72,0.0,3686.4,24.146832,USD,False
2026-06-15,2026-06-15T20:50:01Z,Storage,japaneast,200,26,71,0.0,3109.035,41.43337182,USD,False
2026-06-15,2026-06-15T20:50:01Z,Storage,northeurope,200,26,69,0.0,3604.11,53.98662846,USD,False
2026-06-15,2026-06-15T20:50:01Z,Storage,southeastasia,200,28,79,0.0,3686.4,33.44615276,USD,False
2026-06-15,2026-06-15T20:50:01Z,Storage,swedencentral,200,26,76,0.0,3686.4,31.87963216,USD,True
2026-06-15,2026-06-15T20:50:01Z,Storage,westeurope,200,25,73,0.0,1982.17,32.12951834,USD,False
2026-06-15,2026-06-15T20:50:01Z,Storage,westus2,200,26,73,0.0,3686.4,34.08984903,USD,False
2026-06-15,2026-06-15T20:50:01Z,Virtual Machines,australiaeast,200,135,193,0.014026,41.918,2.83716256,USD,True
2026-06-15,2026-06-15T20:50:01Z,Virtual Machines,brazilsouth,200,139,196,0.00303,133.07446,4.94827496,USD,True
2026-06-15,2026-06-15T20:50:01Z,Virtual Machines,eastus,200,142,198,0.0,117.7788,3.82165823,USD,True
2026-06-15,2026-06-15T20:50:01Z,Virtual Machines,eastus2,200,147,200,0.00846,116.052,4.11662961,USD,True
2026-06-15,2026-06-15T20:50:01Z,Virtual Machines,japaneast,200,129,198,0.00864,179.244241,4.59073903,USD,True
2026-06-15,2026-06-15T20:50:01Z,Virtual Machines,northeurope,200,149,200,0.00204,71.50672,2.78711167,USD,True
2026-06-15,2026-06-15T20:50:01Z,Virtual Machines,southeastasia,200,141,198,0.021067,213.0211,6.18305004,USD,True
2026-06-15,2026-06-15T20:50:01Z,Virtual Machines,swedencentral,200,127,198,0.011,196.6272,4.39897042,USD,True
2026-06-15,2026-06-15T20:50:01Z,Virtual Machines,westeurope,200,135,199,0.00216,147.07536,6.45790144,USD,True
2026-06-15,2026-06-15T20:50:01Z,Virtual Machines,westus2,200,151,196,0.004,451.616,7.56839495,USD,True
2026-06-16,2026-06-16T19:29:27Z,Application Gateway,australiaeast,22,8,5,0.008,0.522,0.15022182,USD,False
2026-06-16,2026-06-16T19:29:27Z,Application Gateway,brazilsouth,18,7,5,0.008,0.72,0.20858,USD,False
2026-06-16,2026-06-16T19:29:27Z,Application Gateway,eastus,22,8,5,0.008,0.448,0.12017727,USD,False
2026-06-16,2026-06-16T19:29:27Z,Application Gateway,eastus2,22,8,5,0.008,0.448,0.12017727,USD,False
2026-06-16,2026-06-16T19:29:27Z,Application Gateway,japaneast,14,6,5,0.008,0.522,0.18805857,USD,False
2026-06-16,2026-06-16T19:29:27Z,Application Gateway,northeurope,22,8,5,0.008,0.50176,0.13672182,USD,False
2026-06-16,2026-06-16T19:29:27Z,Application Gateway,southeastasia,22,8,5,0.008,0.50176,0.14207636,USD,False
2026-06-16,2026-06-16T19:29:27Z,Application Gateway,swedencentral,17,7,5,0.0076,0.50176,0.14827176,USD,False
2026-06-16,2026-06-16T19:29:27Z,Application Gateway,westeurope,22,8,5,0.008,0.50176,0.14206727,USD,False
2026-06-16,2026-06-16T19:29:27Z,Application Gateway,westus2,18,7,5,0.008,0.448,0.13827222,USD,False
2026-06-16,2026-06-16T19:29:27Z,Azure App Service,australiaeast,124,20,67,0.016,80.0,3.33422719,USD,False
2026-06-16,2026-06-16T19:29:27Z,Azure App Service,brazilsouth,102,18,56,0.0158,80.0,2.96177998,USD,False
2026-06-16,2026-06-16T19:29:27Z,Azure App Service,eastus,113,16,62,0.017,80.0,3.05313451,USD,False
2026-06-16,2026-06-16T19:29:27Z,Azure App Service,eastus2,117,17,63,0.0,80.0,3.02458982,USD,False
2026-06-16,2026-06-16T19:29:27Z,Azure App Service,japaneast,128,21,68,0.0,80.0,3.31481827,USD,False
2026-06-16,2026-06-16T19:29:27Z,Azure App Service,northeurope,113,16,62,0.018,80.0,3.45700196,USD,False
2026-06-16,2026-06-16T19:29:27Z,Azure App Service,southeastasia,113,16,62,0.018,80.0,3.50719758,USD,False
2026-06-16,2026-06-16T19:29:27Z,Azure App Service,swedencentral,111,17,60,0.0,80.0,3.06190559,USD,False
2026-06-16,2026-06-16T19:29:27Z,Azure App Service,westeurope,117,17,63,0.0,80.0,3.48324291,USD,False
2026-06-16,2026-06-16T19:29:27Z,Azure App Service,westus2,117,17,63,0.0,80.0,3.01730191,USD,False
2026-06-16,2026-06-16T19:29:27Z,Azure Cosmos DB,australiaeast,106,14,81,0.0,32.553,2.54770911,USD,False
2026-06-16,2026-06-16T19:29:27Z,Azure Cosmos DB,brazilsouth,103,14,78,0.0,44.9,3.58415748,USD,False
2026-06-16,2026-06-16T19:29:27Z,Azure Cosmos DB,eastus,99,14,76,0.0,22.45,2.07406196,USD,False
2026-06-16,2026-06-16T19:29:27Z,Azure Cosmos DB,eastus2,99,14,76,0.0,22.45,2.07625388,USD,False
2026-06-16,2026-06-16T19:29:27Z,Azure Cosmos DB,japaneast,106,14,81,0.0,32.553,2.5569471,USD,False
2026-06-16,2026-06-16T19:29:27Z,Azure Cosmos DB,northeurope,106,14,81,0.0,26.94,2.21805191,USD,False
2026-06-16,2026-06-16T19:29:27Z,Azure Cosmos DB,southeastasia,106,14,81,0.0,29.185,2.30645925,USD,False
2026-06-16,2026-06-16T19:29:27Z,Azure Cosmos DB,swedencentral,97,14,73,0.0,29.185,2.587158,USD,False
2026-06-16,2026-06-16T19:29:27Z,Azure Cosmos DB,westeurope,106,14,81,0.0,29.185,2.39201482,USD,False
2026-06-16,2026-06-16T19:29:27Z,Azure Cosmos DB,westus2,99,14,76,0.0,22.45,2.04923503,USD,False
2026-06-16,2026-06-16T19:29:27Z,Azure Database for PostgreSQL,australiaeast,107,41,48,0.0,76.343,4.33323421,USD,False
2026-06-16,2026-06-16T19:29:27Z,Azure Database for PostgreSQL,brazilsouth,111,43,48,0.0,133.345,6.79866926,USD,False
2026-06-16,2026-06-16T19:29:27Z,Azure Database for PostgreSQL,eastus,110,43,48,0.0,63.619,3.43568106,USD,False
2026-06-16,2026-06-16T19:29:27Z,Azure Database for PostgreSQL,eastus2,111,44,48,0.0,63.619,3.40815691,USD,False
2026-06-16,2026-06-16T19:29:27Z,Azure Database for PostgreSQL,japaneast,110,43,48,0.0,76.343,4.21765002,USD,False
2026-06-16,2026-06-16T19:29:27Z,Azure Database for PostgreSQL,northeurope,112,45,48,0.0,71.253,3.76968572,USD,False
2026-06-16,2026-06-16T19:29:27Z,Azure Database for PostgreSQL,southeastasia,110,43,48,0.0,76.343,4.21477941,USD,False
2026-06-16,2026-06-16T19:29:27Z,Azure Database for PostgreSQL,swedencentral,104,41,47,0.0,65.4,3.73360233,USD,False
2026-06-16,2026-06-16T19:29:27Z,Azure Database for PostgreSQL,westeurope,114,47,48,0.0,77.615,4.02451162,USD,False
2026-06-16,2026-06-16T19:29:27Z,Azure Database for PostgreSQL,westus2,107,41,48,0.0,63.619,3.53051698,USD,False
2026-06-16,2026-06-16T19:29:27Z,Azure Kubernetes Service,australiaeast,8,1,1,0.010602,0.16,0.0385475,USD,False
2026-06-16,2026-06-16T19:29:27Z,Azure Kubernetes Service,brazilsouth,8,1,1,0.014624,0.16,0.045583,USD,False
2026-06-16,2026-06-16T19:29:27Z,Azure Kubernetes Service,eastus,9,2,2,0.007312,0.6,0.09581467,USD,False
2026-06-16,2026-06-16T19:29:27Z,Azure Kubernetes Service,eastus2,8,1,1,0.007312,0.16,0.0327915,USD,False
2026-06-16,2026-06-16T19:29:27Z,Azure Kubernetes Service,japaneast,8,1,1,0.010602,0.16,0.0385475,USD,False
2026-06-16,2026-06-16T19:29:27Z,Azure Kubernetes Service,northeurope,8,1,1,0.008774,0.16,0.0353495,USD,False
2026-06-16,2026-06-16T19:29:27Z,Azure Kubernetes Service,southeastasia,8,1,1,0.009506,0.16,0.036629,USD,False
2026-06-16,2026-06-16T19:29:27Z,Azure Kubernetes Service,swedencentral,8,1,1,0.009506,0.16,0.036629,USD,False
2026-06-16,2026-06-16T19:29:27Z,Azure Kubernetes Service,westeurope,8,1,1,0.010456,0.16,0.03829175,USD,False
2026-06-16,2026-06-16T19:29:27Z,Azure Kubernetes Service,westus2,8,1,1,0.007312,0.16,0.0327915,USD,False
2026-06-16,2026-06-16T19:29:27Z,Functions,australiaeast,9,2,3,0.0,0.182,0.02167433,USD,False
2026-06-16,2026-06-16T19:29:27Z,Functions,brazilsouth,9,2,3,0.0,0.183,0.02179656,USD,False
2026-06-16,2026-06-16T19:29:27Z,Functions,eastus,9,2,3,0.0,0.173,0.02059489,USD,False
2026-06-16,2026-06-16T19:29:27Z,Functions,eastus2,9,2,3,0.0,0.16,0.01905044,USD,False
2026-06-16,2026-06-16T19:29:27Z,Functions,japaneast,9,2,3,0.0,0.196,0.02333933,USD,False
2026-06-16,2026-06-16T19:29:27Z,Functions,northeurope,9,2,3,0.0,0.167,0.01988378,USD,False
2026-06-16,2026-06-16T19:29:27Z,Functions,southeastasia,9,2,3,0.0,0.178,0.02119656,USD,False
2026-06-16,2026-06-16T19:29:27Z,Functions,swedencentral,9,2,3,0.0,0.169,0.02012822,USD,False
2026-06-16,2026-06-16T19:29:27Z,Functions,westeurope,9,2,3,0.0,0.169,0.02012822,USD,False
2026-06-16,2026-06-16T19:29:27Z,Functions,westus2,9,2,3,0.0,0.16,0.01905044,USD,False
2026-06-16,2026-06-16T19:29:27Z,Load Balancer,australiaeast,0,0,0,,,,USD,False
2026-06-16,2026-06-16T19:29:27Z,Load Balancer,brazilsouth,0,0,0,,,,USD,False
2026-06-16,2026-06-16T19:29:27Z,Load Balancer,eastus,0,0,0,,,,USD,False
2026-06-16,2026-06-16T19:29:27Z,Load Balancer,eastus2,0,0,0,,,,USD,False
2026-06-16,2026-06-16T19:29:27Z,Load Balancer,japaneast,0,0,0,,,,USD,False
2026-06-16,2026-06-16T19:29:27Z,Load Balancer,northeurope,0,0,0,,,,USD,False
2026-06-16,2026-06-16T19:29:27Z,Load Balancer,southeastasia,0,0,0,,,,USD,False
2026-06-16,2026-06-16T19:29:27Z,Load Balancer,swedencentral,0,0,0,,,,USD,False
2026-06-16,2026-06-16T19:29:27Z,Load Balancer,westeurope,0,0,0,,,,USD,False
2026-06-16,2026-06-16T19:29:27Z,Load Balancer,westus2,0,0,0,,,,USD,False
2026-06-16,2026-06-16T19:29:27Z,SQL Database,australiaeast,154,37,77,0.0,571.408,22.78711522,USD,False
2026-06-16,2026-06-16T19:29:27Z,SQL Database,brazilsouth,109,35,71,0.0,627.26,31.3701431,USD,False
2026-06-16,2026-06-16T19:29:27Z,SQL Database,eastus,113,30,37,0.0,24.36,2.87434587,USD,False
2026-06-16,2026-06-16T19:29:27Z,SQL Database,eastus2,108,29,36,0.0,24.36,2.98343595,USD,False
2026-06-16,2026-06-16T19:29:27Z,SQL Database,japaneast,150,37,75,0.0,584.208,23.84588713,USD,False
2026-06-16,2026-06-16T19:29:27Z,SQL Database,northeurope,113,30,37,0.0,29.22,3.43563935,USD,False
2026-06-16,2026-06-16T19:29:27Z,SQL Database,southeastasia,111,29,37,0.0,31.66,3.77798125,USD,False
2026-06-16,2026-06-16T19:29:27Z,SQL Database,swedencentral,106,30,74,0.0,516.128,26.50978892,USD,False
2026-06-16,2026-06-16T19:29:27Z,SQL Database,westeurope,113,30,37,0.0,31.66,3.72220855,USD,False
2026-06-16,2026-06-16T19:29:27Z,SQL Database,westus2,111,29,37,0.0,24.36,2.91339714,USD,False
2026-06-16,2026-06-16T19:29:27Z,Storage,australiaeast,200,23,68,0.0,3342.34,23.89177272,USD,True
2026-06-16,2026-06-16T19:29:27Z,Storage,brazilsouth,200,27,62,0.0,4669.71,74.65290366,USD,True
2026-06-16,2026-06-16T19:29:27Z,Storage,eastus,200,28,70,0.0,3686.4,51.35685995,USD,False
2026-06-16,2026-06-16T19:29:27Z,Storage,eastus2,200,25,72,0.0,3686.4,24.146832,USD,False
2026-06-16,2026-06-16T19:29:27Z,Storage,japaneast,200,26,71,0.0,3109.035,41.43337182,USD,False
2026-06-16,2026-06-16T19:29:27Z,Storage,northeurope,200,26,69,0.0,3604.11,53.98662846,USD,False
2026-06-16,2026-06-16T19:29:27Z,Storage,southeastasia,200,28,79,0.0,3686.4,33.44615276,USD,False
2026-06-16,2026-06-16T19:29:27Z,Storage,swedencentral,200,26,76,0.0,3686.4,31.87963216,USD,True
2026-06-16,2026-06-16T19:29:27Z,Storage,westeurope,200,25,73,0.0,1982.17,32.12951834,USD,False
2026-06-16,2026-06-16T19:29:27Z,Storage,westus2,200,26,73,0.0,3686.4,34.08984903,USD,False
2026-06-16,2026-06-16T19:29:27Z,Virtual Machines,australiaeast,200,135,193,0.014026,41.918,2.83716256,USD,True
2026-06-16,2026-06-16T19:29:27Z,Virtual Machines,brazilsouth,200,139,196,0.00303,133.07446,4.94827496,USD,True
2026-06-16,2026-06-16T19:29:27Z,Virtual Machines,eastus,200,142,198,0.0,117.7788,3.82165823,USD,True
2026-06-16,2026-06-16T19:29:27Z,Virtual Machines,eastus2,200,147,200,0.00846,116.052,4.11662961,USD,True
2026-06-16,2026-06-16T19:29:27Z,Virtual Machines,japaneast,200,129,198,0.00864,179.244241,4.59073903,USD,True
2026-06-16,2026-06-16T19:29:27Z,Virtual Machines,northeurope,200,149,200,0.00204,71.50672,2.78711167,USD,True
2026-06-16,2026-06-16T19:29:27Z,Virtual Machines,southeastasia,200,141,198,0.021067,213.0211,6.18305004,USD,True
2026-06-16,2026-06-16T19:29:27Z,Virtual Machines,swedencentral,200,127,198,0.011,196.6272,4.39897042,USD,True
2026-06-16,2026-06-16T19:29:27Z,Virtual Machines,westeurope,200,135,199,0.00216,147.07536,6.45790144,USD,True
2026-06-16,2026-06-16T19:29:27Z,Virtual Machines,westus2,200,151,196,0.004,451.616,7.56839495,USD,True
2026-06-18,2026-06-18T19:07:42Z,Application Gateway,australiaeast,22,8,5,0.008,0.522,0.15022182,USD,False
2026-06-18,2026-06-18T19:07:42Z,Application Gateway,brazilsouth,18,7,5,0.008,0.72,0.20858,USD,False
2026-06-18,2026-06-18T19:07:42Z,Application Gateway,eastus,22,8,5,0.008,0.448,0.12017727,USD,False
2026-06-18,2026-06-18T19:07:42Z,Application Gateway,eastus2,22,8,5,0.008,0.448,0.12017727,USD,False
2026-06-18,2026-06-18T19:07:42Z,Application Gateway,japaneast,14,6,5,0.008,0.522,0.18805857,USD,False
2026-06-18,2026-06-18T19:07:42Z,Application Gateway,northeurope,22,8,5,0.008,0.50176,0.13672182,USD,False
2026-06-18,2026-06-18T19:07:42Z,Application Gateway,southeastasia,22,8,5,0.008,0.50176,0.14207636,USD,False
2026-06-18,2026-06-18T19:07:42Z,Application Gateway,swedencentral,17,7,5,0.0076,0.50176,0.14827176,USD,False
2026-06-18,2026-06-18T19:07:42Z,Application Gateway,westeurope,22,8,5,0.008,0.50176,0.14206727,USD,False
2026-06-18,2026-06-18T19:07:42Z,Application Gateway,westus2,18,7,5,0.008,0.448,0.13827222,USD,False
2026-06-18,2026-06-18T19:07:42Z,Azure App Service,australiaeast,124,20,67,0.016,80.0,3.33422719,USD,False
2026-06-18,2026-06-18T19:07:42Z,Azure App Service,brazilsouth,102,18,56,0.0158,80.0,2.96177998,USD,False
2026-06-18,2026-06-18T19:07:42Z,Azure App Service,eastus,113,16,62,0.017,80.0,3.05313451,USD,False
2026-06-18,2026-06-18T19:07:42Z,Azure App Service,eastus2,117,17,63,0.0,80.0,3.02458982,USD,False
2026-06-18,2026-06-18T19:07:42Z,Azure App Service,japaneast,128,21,68,0.0,80.0,3.31481827,USD,False
2026-06-18,2026-06-18T19:07:42Z,Azure App Service,northeurope,113,16,62,0.018,80.0,3.45700196,USD,False
2026-06-18,2026-06-18T19:07:42Z,Azure App Service,southeastasia,113,16,62,0.018,80.0,3.50719758,USD,False
2026-06-18,2026-06-18T19:07:42Z,Azure App Service,swedencentral,111,17,60,0.0,80.0,3.06190559,USD,False
2026-06-18,2026-06-18T19:07:42Z,Azure App Service,westeurope,117,17,63,0.0,80.0,3.48324291,USD,False
2026-06-18,2026-06-18T19:07:42Z,Azure App Service,westus2,117,17,63,0.0,80.0,3.01730191,USD,False
2026-06-18,2026-06-18T19:07:42Z,Azure Cosmos DB,australiaeast,106,14,81,0.0,32.553,2.54770911,USD,False
2026-06-18,2026-06-18T19:07:42Z,Azure Cosmos DB,brazilsouth,103,14,78,0.0,44.9,3.58415748,USD,False
2026-06-18,2026-06-18T19:07:42Z,Azure Cosmos DB,eastus,99,14,76,0.0,22.45,2.07406196,USD,False
2026-06-18,2026-06-18T19:07:42Z,Azure Cosmos DB,eastus2,99,14,76,0.0,22.45,2.07625388,USD,False
2026-06-18,2026-06-18T19:07:42Z,Azure Cosmos DB,japaneast,106,14,81,0.0,32.553,2.5569471,USD,False
2026-06-18,2026-06-18T19:07:42Z,Azure Cosmos DB,northeurope,106,14,81,0.0,26.94,2.21805191,USD,False
2026-06-18,2026-06-18T19:07:42Z,Azure Cosmos DB,southeastasia,106,14,81,0.0,29.185,2.30645925,USD,False
2026-06-18,2026-06-18T19:07:42Z,Azure Cosmos DB,swedencentral,97,14,73,0.0,29.185,2.587158,USD,False
2026-06-18,2026-06-18T19:07:42Z,Azure Cosmos DB,westeurope,106,14,81,0.0,29.185,2.39201482,USD,False
2026-06-18,2026-06-18T19:07:42Z,Azure Cosmos DB,westus2,99,14,76,0.0,22.45,2.04923503,USD,False
2026-06-18,2026-06-18T19:07:42Z,Azure Database for PostgreSQL,australiaeast,107,41,48,0.0,76.343,4.33323421,USD,False
2026-06-18,2026-06-18T19:07:42Z,Azure Database for PostgreSQL,brazilsouth,111,43,48,0.0,133.345,6.79866926,USD,False
2026-06-18,2026-06-18T19:07:42Z,Azure Database for PostgreSQL,eastus,110,43,48,0.0,63.619,3.43568106,USD,False
2026-06-18,2026-06-18T19:07:42Z,Azure Database for PostgreSQL,eastus2,111,44,48,0.0,63.619,3.40815691,USD,False
2026-06-18,2026-06-18T19:07:42Z,Azure Database for PostgreSQL,japaneast,110,43,48,0.0,76.343,4.21765002,USD,False
2026-06-18,2026-06-18T19:07:42Z,Azure Database for PostgreSQL,northeurope,112,45,48,0.0,71.253,3.76968572,USD,False
2026-06-18,2026-06-18T19:07:42Z,Azure Database for PostgreSQL,southeastasia,110,43,48,0.0,76.343,4.21477941,USD,False
2026-06-18,2026-06-18T19:07:42Z,Azure Database for PostgreSQL,swedencentral,104,41,47,0.0,65.4,3.73360233,USD,False
2026-06-18,2026-06-18T19:07:42Z,Azure Database for PostgreSQL,westeurope,114,47,48,0.0,77.615,4.02451162,USD,False
2026-06-18,2026-06-18T19:07:42Z,Azure Database for PostgreSQL,westus2,107,41,48,0.0,63.619,3.53051698,USD,False
2026-06-18,2026-06-18T19:07:42Z,Azure Kubernetes Service,australiaeast,8,1,1,0.010602,0.16,0.0385475,USD,False
2026-06-18,2026-06-18T19:07:42Z,Azure Kubernetes Service,brazilsouth,8,1,1,0.014624,0.16,0.045583,USD,False
2026-06-18,2026-06-18T19:07:42Z,Azure Kubernetes Service,eastus,9,2,2,0.007312,0.6,0.09581467,USD,False
2026-06-18,2026-06-18T19:07:42Z,Azure Kubernetes Service,eastus2,8,1,1,0.007312,0.16,0.0327915,USD,False
2026-06-18,2026-06-18T19:07:42Z,Azure Kubernetes Service,japaneast,8,1,1,0.010602,0.16,0.0385475,USD,False
2026-06-18,2026-06-18T19:07:42Z,Azure Kubernetes Service,northeurope,8,1,1,0.008774,0.16,0.0353495,USD,False
2026-06-18,2026-06-18T19:07:42Z,Azure Kubernetes Service,southeastasia,8,1,1,0.009506,0.16,0.036629,USD,False
2026-06-18,2026-06-18T19:07:42Z,Azure Kubernetes Service,swedencentral,8,1,1,0.009506,0.16,0.036629,USD,False
2026-06-18,2026-06-18T19:07:42Z,Azure Kubernetes Service,westeurope,8,1,1,0.010456,0.16,0.03829175,USD,False
2026-06-18,2026-06-18T19:07:42Z,Azure Kubernetes Service,westus2,8,1,1,0.007312,0.16,0.0327915,USD,False
2026-06-18,2026-06-18T19:07:42Z,Functions,australiaeast,9,2,3,0.0,0.182,0.02167433,USD,False
2026-06-18,2026-06-18T19:07:42Z,Functions,brazilsouth,9,2,3,0.0,0.183,0.02179656,USD,False
2026-06-18,2026-06-18T19:07:42Z,Functions,eastus,9,2,3,0.0,0.173,0.02059489,USD,False
2026-06-18,2026-06-18T19:07:42Z,Functions,eastus2,9,2,3,0.0,0.16,0.01905044,USD,False
2026-06-18,2026-06-18T19:07:42Z,Functions,japaneast,9,2,3,0.0,0.196,0.02333933,USD,False
2026-06-18,2026-06-18T19:07:42Z,Functions,northeurope,9,2,3,0.0,0.167,0.01988378,USD,False
2026-06-18,2026-06-18T19:07:42Z,Functions,southeastasia,9,2,3,0.0,0.178,0.02119656,USD,False
2026-06-18,2026-06-18T19:07:42Z,Functions,swedencentral,9,2,3,0.0,0.169,0.02012822,USD,False
2026-06-18,2026-06-18T19:07:42Z,Functions,westeurope,9,2,3,0.0,0.169,0.02012822,USD,False
2026-06-18,2026-06-18T19:07:42Z,Functions,westus2,9,2,3,0.0,0.16,0.01905044,USD,False
2026-06-18,2026-06-18T19:07:42Z,Load Balancer,australiaeast,0,0,0,,,,USD,False
2026-06-18,2026-06-18T19:07:42Z,Load Balancer,brazilsouth,0,0,0,,,,USD,False
2026-06-18,2026-06-18T19:07:42Z,Load Balancer,eastus,0,0,0,,,,USD,False
2026-06-18,2026-06-18T19:07:42Z,Load Balancer,eastus2,0,0,0,,,,USD,False
2026-06-18,2026-06-18T19:07:42Z,Load Balancer,japaneast,0,0,0,,,,USD,False
2026-06-18,2026-06-18T19:07:42Z,Load Balancer,northeurope,0,0,0,,,,USD,False
2026-06-18,2026-06-18T19:07:42Z,Load Balancer,southeastasia,0,0,0,,,,USD,False
2026-06-18,2026-06-18T19:07:42Z,Load Balancer,swedencentral,0,0,0,,,,USD,False
2026-06-18,2026-06-18T19:07:42Z,Load Balancer,westeurope,0,0,0,,,,USD,False
2026-06-18,2026-06-18T19:07:42Z,Load Balancer,westus2,0,0,0,,,,USD,False
2026-06-18,2026-06-18T19:07:42Z,SQL Database,australiaeast,154,37,77,0.0,571.408,22.78711522,USD,False
2026-06-18,2026-06-18T19:07:42Z,SQL Database,brazilsouth,109,35,71,0.0,627.26,31.3701431,USD,False
2026-06-18,2026-06-18T19:07:42Z,SQL Database,eastus,113,30,37,0.0,24.36,2.87434587,USD,False
2026-06-18,2026-06-18T19:07:42Z,SQL Database,eastus2,108,29,36,0.0,24.36,2.98343595,USD,False
2026-06-18,2026-06-18T19:07:42Z,SQL Database,japaneast,150,37,75,0.0,584.208,23.84588713,USD,False
2026-06-18,2026-06-18T19:07:42Z,SQL Database,northeurope,113,30,37,0.0,29.22,3.43563935,USD,False
2026-06-18,2026-06-18T19:07:42Z,SQL Database,southeastasia,111,29,37,0.0,31.66,3.77798125,USD,False
2026-06-18,2026-06-18T19:07:42Z,SQL Database,swedencentral,106,30,74,0.0,516.128,26.50978892,USD,False
2026-06-18,2026-06-18T19:07:42Z,SQL Database,westeurope,113,30,37,0.0,31.66,3.72220855,USD,False
2026-06-18,2026-06-18T19:07:42Z,SQL Database,westus2,111,29,37,0.0,24.36,2.91339714,USD,False
2026-06-18,2026-06-18T19:07:42Z,Storage,australiaeast,200,23,68,0.0,3342.34,23.89177272,USD,True
2026-06-18,2026-06-18T19:07:42Z,Storage,brazilsouth,200,27,62,0.0,4669.71,74.65290366,USD,True
2026-06-18,2026-06-18T19:07:42Z,Storage,eastus,200,28,70,0.0,3686.4,51.35685995,USD,False
2026-06-18,2026-06-18T19:07:42Z,Storage,eastus2,200,25,72,0.0,3686.4,24.146832,USD,False
2026-06-18,2026-06-18T19:07:42Z,Storage,japaneast,200,26,71,0.0,3109.035,41.43337182,USD,False
2026-06-18,2026-06-18T19:07:42Z,Storage,northeurope,200,26,69,0.0,3604.11,53.98662846,USD,False
2026-06-18,2026-06-18T19:07:42Z,Storage,southeastasia,200,28,79,0.0,3686.4,33.44615276,USD,False
2026-06-18,2026-06-18T19:07:42Z,Storage,swedencentral,200,26,76,0.0,3686.4,31.87963216,USD,True
2026-06-18,2026-06-18T19:07:42Z,Storage,westeurope,200,25,73,0.0,1982.17,32.12951834,USD,False
2026-06-18,2026-06-18T19:07:42Z,Storage,westus2,200,26,73,0.0,3686.4,34.08984903,USD,False
2026-06-18,2026-06-18T19:07:42Z,Virtual Machines,australiaeast,200,135,193,0.014026,41.918,2.83716256,USD,True
2026-06-18,2026-06-18T19:07:42Z,Virtual Machines,brazilsouth,200,139,196,0.00303,133.07446,4.94827496,USD,True
2026-06-18,2026-06-18T19:07:42Z,Virtual Machines,eastus,200,142,198,0.0,117.7788,3.82165823,USD,True
2026-06-18,2026-06-18T19:07:42Z,Virtual Machines,eastus2,200,147,200,0.00846,116.052,4.11662961,USD,True
2026-06-18,2026-06-18T19:07:42Z,Virtual Machines,japaneast,200,129,198,0.00864,179.244241,4.59073903,USD,True
2026-06-18,2026-06-18T19:07:42Z,Virtual Machines,northeurope,200,149,200,0.00204,71.50672,2.78711167,USD,True
2026-06-18,2026-06-18T19:07:42Z,Virtual Machines,southeastasia,200,141,198,0.021067,213.0211,6.18305004,USD,True
2026-06-18,2026-06-18T19:07:42Z,Virtual Machines,swedencentral,200,127,198,0.011,196.6272,4.39897042,USD,True
2026-06-18,2026-06-18T19:07:42Z,Virtual Machines,westeurope,200,135,199,0.00216,147.07536,6.45790144,USD,True
2026-06-18,2026-06-18T19:07:42Z,Virtual Machines,westus2,200,151,196,0.004,451.616,7.56839495,USD,True
2026-06-19,2026-06-19T18:57:07Z,Application Gateway,australiaeast,22,8,5,0.008,0.522,0.15022182,USD,False
2026-06-19,2026-06-19T18:57:07Z,Application Gateway,brazilsouth,18,7,5,0.008,0.72,0.20858,USD,False
2026-06-19,2026-06-19T18:57:07Z,Application Gateway,eastus,22,8,5,0.008,0.448,0.12017727,USD,False
2026-06-19,2026-06-19T18:57:07Z,Application Gateway,eastus2,22,8,5,0.008,0.448,0.12017727,USD,False
2026-06-19,2026-06-19T18:57:07Z,Application Gateway,japaneast,14,6,5,0.008,0.522,0.18805857,USD,False
2026-06-19,2026-06-19T18:57:07Z,Application Gateway,northeurope,22,8,5,0.008,0.50176,0.13672182,USD,False
2026-06-19,2026-06-19T18:57:07Z,Application Gateway,southeastasia,22,8,5,0.008,0.50176,0.14207636,USD,False
2026-06-19,2026-06-19T18:57:07Z,Application Gateway,swedencentral,17,7,5,0.0076,0.50176,0.14827176,USD,False
2026-06-19,2026-06-19T18:57:07Z,Application Gateway,westeurope,22,8,5,0.008,0.50176,0.14206727,USD,False
2026-06-19,2026-06-19T18:57:07Z,Application Gateway,westus2,18,7,5,0.008,0.448,0.13827222,USD,False
2026-06-19,2026-06-19T18:57:07Z,Azure App Service,australiaeast,124,20,67,0.016,80.0,3.33422719,USD,False
2026-06-19,2026-06-19T18:57:07Z,Azure App Service,brazilsouth,102,18,56,0.0158,80.0,2.96177998,USD,False
2026-06-19,2026-06-19T18:57:07Z,Azure App Service,eastus,113,16,62,0.017,80.0,3.05313451,USD,False
2026-06-19,2026-06-19T18:57:07Z,Azure App Service,eastus2,117,17,63,0.0,80.0,3.02458982,USD,False
2026-06-19,2026-06-19T18:57:07Z,Azure App Service,japaneast,128,21,68,0.0,80.0,3.31481827,USD,False
2026-06-19,2026-06-19T18:57:07Z,Azure App Service,northeurope,113,16,62,0.018,80.0,3.45700196,USD,False
2026-06-19,2026-06-19T18:57:07Z,Azure App Service,southeastasia,113,16,62,0.018,80.0,3.50719758,USD,False
2026-06-19,2026-06-19T18:57:07Z,Azure App Service,swedencentral,111,17,60,0.0,80.0,3.06190559,USD,False
2026-06-19,2026-06-19T18:57:07Z,Azure App Service,westeurope,117,17,63,0.0,80.0,3.48324291,USD,False
2026-06-19,2026-06-19T18:57:07Z,Azure App Service,westus2,117,17,63,0.0,80.0,3.01730191,USD,False
2026-06-19,2026-06-19T18:57:07Z,Azure Cosmos DB,australiaeast,106,14,81,0.0,32.553,2.54770911,USD,False
2026-06-19,2026-06-19T18:57:07Z,Azure Cosmos DB,brazilsouth,103,14,78,0.0,44.9,3.58415748,USD,False
2026-06-19,2026-06-19T18:57:07Z,Azure Cosmos DB,eastus,99,14,76,0.0,22.45,2.07406196,USD,False
2026-06-19,2026-06-19T18:57:07Z,Azure Cosmos DB,eastus2,99,14,76,0.0,22.45,2.07625388,USD,False
2026-06-19,2026-06-19T18:57:07Z,Azure Cosmos DB,japaneast,106,14,81,0.0,32.553,2.5569471,USD,False
2026-06-19,2026-06-19T18:57:07Z,Azure Cosmos DB,northeurope,106,14,81,0.0,26.94,2.21805191,USD,False
2026-06-19,2026-06-19T18:57:07Z,Azure Cosmos DB,southeastasia,106,14,81,0.0,29.185,2.30645925,USD,False
2026-06-19,2026-06-19T18:57:07Z,Azure Cosmos DB,swedencentral,97,14,73,0.0,29.185,2.587158,USD,False
2026-06-19,2026-06-19T18:57:07Z,Azure Cosmos DB,westeurope,106,14,81,0.0,29.185,2.39201482,USD,False
2026-06-19,2026-06-19T18:57:07Z,Azure Cosmos DB,westus2,99,14,76,0.0,22.45,2.04923503,USD,False
2026-06-19,2026-06-19T18:57:07Z,Azure Database for PostgreSQL,australiaeast,107,41,48,0.0,76.343,4.33323421,USD,False
2026-06-19,2026-06-19T18:57:07Z,Azure Database for PostgreSQL,brazilsouth,111,43,48,0.0,133.345,6.79866926,USD,False
2026-06-19,2026-06-19T18:57:07Z,Azure Database for PostgreSQL,eastus,110,43,48,0.0,63.619,3.43568106,USD,False
2026-06-19,2026-06-19T18:57:07Z,Azure Database for PostgreSQL,eastus2,111,44,48,0.0,63.619,3.40815691,USD,False
2026-06-19,2026-06-19T18:57:07Z,Azure Database for PostgreSQL,japaneast,110,43,48,0.0,76.343,4.21765002,USD,False
2026-06-19,2026-06-19T18:57:07Z,Azure Database for PostgreSQL,northeurope,112,45,48,0.0,71.253,3.76968572,USD,False
2026-06-19,2026-06-19T18:57:07Z,Azure Database for PostgreSQL,southeastasia,110,43,48,0.0,76.343,4.21477941,USD,False
2026-06-19,2026-06-19T18:57:07Z,Azure Database for PostgreSQL,swedencentral,104,41,47,0.0,65.4,3.73360233,USD,False
2026-06-19,2026-06-19T18:57:07Z,Azure Database for PostgreSQL,westeurope,114,47,48,0.0,77.615,4.02451162,USD,False
2026-06-19,2026-06-19T18:57:07Z,Azure Database for PostgreSQL,westus2,107,41,48,0.0,63.619,3.53051698,USD,False
2026-06-19,2026-06-19T18:57:07Z,Azure Kubernetes Service,australiaeast,8,1,1,0.010602,0.16,0.0385475,USD,False
2026-06-19,2026-06-19T18:57:07Z,Azure Kubernetes Service,brazilsouth,8,1,1,0.014624,0.16,0.045583,USD,False
2026-06-19,2026-06-19T18:57:07Z,Azure Kubernetes Service,eastus,9,2,2,0.007312,0.6,0.09581467,USD,False
2026-06-19,2026-06-19T18:57:07Z,Azure Kubernetes Service,eastus2,8,1,1,0.007312,0.16,0.0327915,USD,False
2026-06-19,2026-06-19T18:57:07Z,Azure Kubernetes Service,japaneast,8,1,1,0.010602,0.16,0.0385475,USD,False
2026-06-19,2026-06-19T18:57:07Z,Azure Kubernetes Service,northeurope,8,1,1,0.008774,0.16,0.0353495,USD,False
2026-06-19,2026-06-19T18:57:07Z,Azure Kubernetes Service,southeastasia,8,1,1,0.009506,0.16,0.036629,USD,False
2026-06-19,2026-06-19T18:57:07Z,Azure Kubernetes Service,swedencentral,8,1,1,0.009506,0.16,0.036629,USD,False
2026-06-19,2026-06-19T18:57:07Z,Azure Kubernetes Service,westeurope,8,1,1,0.010456,0.16,0.03829175,USD,False
2026-06-19,2026-06-19T18:57:07Z,Azure Kubernetes Service,westus2,8,1,1,0.007312,0.16,0.0327915,USD,False
2026-06-19,2026-06-19T18:57:07Z,Functions,australiaeast,9,2,3,0.0,0.182,0.02167433,USD,False
2026-06-19,2026-06-19T18:57:07Z,Functions,brazilsouth,9,2,3,0.0,0.183,0.02179656,USD,False
2026-06-19,2026-06-19T18:57:07Z,Functions,eastus,9,2,3,0.0,0.173,0.02059489,USD,False
2026-06-19,2026-06-19T18:57:07Z,Functions,eastus2,9,2,3,0.0,0.16,0.01905044,USD,False
2026-06-19,2026-06-19T18:57:07Z,Functions,japaneast,9,2,3,0.0,0.196,0.02333933,USD,False
2026-06-19,2026-06-19T18:57:07Z,Functions,northeurope,9,2,3,0.0,0.167,0.01988378,USD,False
2026-06-19,2026-06-19T18:57:07Z,Functions,southeastasia,9,2,3,0.0,0.178,0.02119656,USD,False
2026-06-19,2026-06-19T18:57:07Z,Functions,swedencentral,9,2,3,0.0,0.169,0.02012822,USD,False
2026-06-19,2026-06-19T18:57:07Z,Functions,westeurope,9,2,3,0.0,0.169,0.02012822,USD,False
2026-06-19,2026-06-19T18:57:07Z,Functions,westus2,9,2,3,0.0,0.16,0.01905044,USD,False
2026-06-19,2026-06-19T18:57:07Z,Load Balancer,australiaeast,0,0,0,,,,USD,False
2026-06-19,2026-06-19T18:57:07Z,Load Balancer,brazilsouth,0,0,0,,,,USD,False
2026-06-19,2026-06-19T18:57:07Z,Load Balancer,eastus,0,0,0,,,,USD,False
2026-06-19,2026-06-19T18:57:07Z,Load Balancer,eastus2,0,0,0,,,,USD,False
2026-06-19,2026-06-19T18:57:07Z,Load Balancer,japaneast,0,0,0,,,,USD,False
2026-06-19,2026-06-19T18:57:07Z,Load Balancer,northeurope,0,0,0,,,,USD,False
2026-06-19,2026-06-19T18:57:07Z,Load Balancer,southeastasia,0,0,0,,,,USD,False
2026-06-19,2026-06-19T18:57:07Z,Load Balancer,swedencentral,0,0,0,,,,USD,False
2026-06-19,2026-06-19T18:57:07Z,Load Balancer,westeurope,0,0,0,,,,USD,False
2026-06-19,2026-06-19T18:57:07Z,Load Balancer,westus2,0,0,0,,,,USD,False
2026-06-19,2026-06-19T18:57:07Z,SQL Database,australiaeast,154,37,77,0.0,571.408,22.78711522,USD,False
2026-06-19,2026-06-19T18:57:07Z,SQL Database,brazilsouth,109,35,71,0.0,627.26,31.3701431,USD,False
2026-06-19,2026-06-19T18:57:07Z,SQL Database,eastus,113,30,37,0.0,24.36,2.87434587,USD,False
2026-06-19,2026-06-19T18:57:07Z,SQL Database,eastus2,108,29,36,0.0,24.36,2.98343595,USD,False
2026-06-19,2026-06-19T18:57:07Z,SQL Database,japaneast,150,37,75,0.0,584.208,23.84588713,USD,False
2026-06-19,2026-06-19T18:57:07Z,SQL Database,northeurope,113,30,37,0.0,29.22,3.43563935,USD,False
2026-06-19,2026-06-19T18:57:07Z,SQL Database,southeastasia,111,29,37,0.0,31.66,3.77798125,USD,False
2026-06-19,2026-06-19T18:57:07Z,SQL Database,swedencentral,106,30,74,0.0,516.128,26.50978892,USD,False
2026-06-19,2026-06-19T18:57:07Z,SQL Database,westeurope,113,30,37,0.0,31.66,3.72220855,USD,False
2026-06-19,2026-06-19T18:57:07Z,SQL Database,westus2,111,29,37,0.0,24.36,2.91339714,USD,False
2026-06-19,2026-06-19T18:57:07Z,Storage,australiaeast,200,23,68,0.0,3342.34,23.89177272,USD,True
2026-06-19,2026-06-19T18:57:07Z,Storage,brazilsouth,200,27,62,0.0,4669.71,74.65290366,USD,True
2026-06-19,2026-06-19T18:57:07Z,Storage,eastus,200,28,70,0.0,3686.4,51.35685995,USD,False
2026-06-19,2026-06-19T18:57:07Z,Storage,eastus2,200,25,72,0.0,3686.4,24.146832,USD,False
2026-06-19,2026-06-19T18:57:07Z,Storage,japaneast,200,26,71,0.0,3109.035,41.43337182,USD,False
2026-06-19,2026-06-19T18:57:07Z,Storage,northeurope,200,26,69,0.0,3604.11,53.98662846,USD,False
2026-06-19,2026-06-19T18:57:07Z,Storage,southeastasia,200,28,79,0.0,3686.4,33.44615276,USD,False
2026-06-19,2026-06-19T18:57:07Z,Storage,swedencentral,200,26,76,0.0,3686.4,31.87963216,USD,True
2026-06-19,2026-06-19T18:57:07Z,Storage,westeurope,200,25,73,0.0,1982.17,32.12951834,USD,False
2026-06-19,2026-06-19T18:57:07Z,Storage,westus2,200,26,73,0.0,3686.4,34.08984903,USD,False
2026-06-19,2026-06-19T18:57:07Z,Virtual Machines,australiaeast,200,135,193,0.014026,41.918,2.83716256,USD,True
2026-06-19,2026-06-19T18:57:07Z,Virtual Machines,brazilsouth,200,139,196,0.00303,133.07446,4.94827496,USD,True
2026-06-19,2026-06-19T18:57:07Z,Virtual Machines,eastus,200,142,198,0.0,117.7788,3.82165823,USD,True
2026-06-19,2026-06-19T18:57:07Z,Virtual Machines,eastus2,200,147,200,0.00846,116.052,4.11662961,USD,True
2026-06-19,2026-06-19T18:57:07Z,Virtual Machines,japaneast,200,129,198,0.00864,179.244241,4.59073903,USD,True
2026-06-19,2026-06-19T18:57:07Z,Virtual Machines,northeurope,200,149,200,0.00204,71.50672,2.78711167,USD,True
2026-06-19,2026-06-19T18:57:07Z,Virtual Machines,southeastasia,200,141,198,0.021067,213.0211,6.18305004,USD,True
2026-06-19,2026-06-19T18:57:07Z,Virtual Machines,swedencentral,200,127,198,0.011,196.6272,4.39897042,USD,True
2026-06-19,2026-06-19T18:57:07Z,Virtual Machines,westeurope,200,135,199,0.00216,147.07536,6.45790144,USD,True
2026-06-19,2026-06-19T18:57:07Z,Virtual Machines,westus2,200,151,196,0.004,451.616,7.56839495,USD,True
2026-06-20,2026-06-20T18:48:44Z,Application Gateway,australiaeast,22,8,5,0.008,0.522,0.15022182,USD,False
2026-06-20,2026-06-20T18:48:44Z,Application Gateway,brazilsouth,18,7,5,0.008,0.72,0.20858,USD,False
2026-06-20,2026-06-20T18:48:44Z,Application Gateway,eastus,22,8,5,0.008,0.448,0.12017727,USD,False
2026-06-20,2026-06-20T18:48:44Z,Application Gateway,eastus2,22,8,5,0.008,0.448,0.12017727,USD,False
2026-06-20,2026-06-20T18:48:44Z,Application Gateway,japaneast,14,6,5,0.008,0.522,0.18805857,USD,False
2026-06-20,2026-06-20T18:48:44Z,Application Gateway,northeurope,22,8,5,0.008,0.50176,0.13672182,USD,False
2026-06-20,2026-06-20T18:48:44Z,Application Gateway,southeastasia,22,8,5,0.008,0.50176,0.14207636,USD,False
2026-06-20,2026-06-20T18:48:44Z,Application Gateway,swedencentral,17,7,5,0.0076,0.50176,0.14827176,USD,False
2026-06-20,2026-06-20T18:48:44Z,Application Gateway,westeurope,22,8,5,0.008,0.50176,0.14206727,USD,False
2026-06-20,2026-06-20T18:48:44Z,Application Gateway,westus2,18,7,5,0.008,0.448,0.13827222,USD,False
2026-06-20,2026-06-20T18:48:44Z,Azure App Service,australiaeast,124,20,67,0.016,80.0,3.33422719,USD,False
2026-06-20,2026-06-20T18:48:44Z,Azure App Service,brazilsouth,102,18,56,0.0158,80.0,2.96177998,USD,False
2026-06-20,2026-06-20T18:48:44Z,Azure App Service,eastus,113,16,62,0.017,80.0,3.05313451,USD,False
2026-06-20,2026-06-20T18:48:44Z,Azure App Service,eastus2,117,17,63,0.0,80.0,3.02458982,USD,False
2026-06-20,2026-06-20T18:48:44Z,Azure App Service,japaneast,128,21,68,0.0,80.0,3.31481827,USD,False
2026-06-20,2026-06-20T18:48:44Z,Azure App Service,northeurope,113,16,62,0.018,80.0,3.45700196,USD,False
2026-06-20,2026-06-20T18:48:44Z,Azure App Service,southeastasia,113,16,62,0.018,80.0,3.50719758,USD,False
2026-06-20,2026-06-20T18:48:44Z,Azure App Service,swedencentral,111,17,60,0.0,80.0,3.06190559,USD,False
2026-06-20,2026-06-20T18:48:44Z,Azure App Service,westeurope,117,17,63,0.0,80.0,3.48324291,USD,False
2026-06-20,2026-06-20T18:48:44Z,Azure App Service,westus2,117,17,63,0.0,80.0,3.01730191,USD,False
2026-06-20,2026-06-20T18:48:44Z,Azure Cosmos DB,australiaeast,106,14,81,0.0,32.553,2.54770911,USD,False
2026-06-20,2026-06-20T18:48:44Z,Azure Cosmos DB,brazilsouth,103,14,78,0.0,44.9,3.58415748,USD,False
2026-06-20,2026-06-20T18:48:44Z,Azure Cosmos DB,eastus,99,14,76,0.0,22.45,2.07406196,USD,False
2026-06-20,2026-06-20T18:48:44Z,Azure Cosmos DB,eastus2,99,14,76,0.0,22.45,2.07625388,USD,False
2026-06-20,2026-06-20T18:48:44Z,Azure Cosmos DB,japaneast,106,14,81,0.0,32.553,2.5569471,USD,False
2026-06-20,2026-06-20T18:48:44Z,Azure Cosmos DB,northeurope,106,14,81,0.0,26.94,2.21805191,USD,False
2026-06-20,2026-06-20T18:48:44Z,Azure Cosmos DB,southeastasia,106,14,81,0.0,29.185,2.30645925,USD,False
2026-06-20,2026-06-20T18:48:44Z,Azure Cosmos DB,swedencentral,97,14,73,0.0,29.185,2.587158,USD,False
2026-06-20,2026-06-20T18:48:44Z,Azure Cosmos DB,westeurope,106,14,81,0.0,29.185,2.39201482,USD,False
2026-06-20,2026-06-20T18:48:44Z,Azure Cosmos DB,westus2,99,14,76,0.0,22.45,2.04923503,USD,False
2026-06-20,2026-06-20T18:48:44Z,Azure Database for PostgreSQL,australiaeast,107,41,48,0.0,76.343,4.33323421,USD,False
2026-06-20,2026-06-20T18:48:44Z,Azure Database for PostgreSQL,brazilsouth,111,43,48,0.0,133.345,6.79866926,USD,False
2026-06-20,2026-06-20T18:48:44Z,Azure Database for PostgreSQL,eastus,110,43,48,0.0,63.619,3.43568106,USD,False
2026-06-20,2026-06-20T18:48:44Z,Azure Database for PostgreSQL,eastus2,111,44,48,0.0,63.619,3.40815691,USD,False
2026-06-20,2026-06-20T18:48:44Z,Azure Database for PostgreSQL,japaneast,110,43,48,0.0,76.343,4.21765002,USD,False
2026-06-20,2026-06-20T18:48:44Z,Azure Database for PostgreSQL,northeurope,112,45,48,0.0,71.253,3.76968572,USD,False
2026-06-20,2026-06-20T18:48:44Z,Azure Database for PostgreSQL,southeastasia,110,43,48,0.0,76.343,4.21477941,USD,False
2026-06-20,2026-06-20T18:48:44Z,Azure Database for PostgreSQL,swedencentral,104,41,47,0.0,65.4,3.73360233,USD,False
2026-06-20,2026-06-20T18:48:44Z,Azure Database for PostgreSQL,westeurope,114,47,48,0.0,77.615,4.02451162,USD,False
2026-06-20,2026-06-20T18:48:44Z,Azure Database for PostgreSQL,westus2,107,41,48,0.0,63.619,3.53051698,USD,False
2026-06-20,2026-06-20T18:48:44Z,Azure Kubernetes Service,australiaeast,8,1,1,0.010602,0.16,0.0385475,USD,False
2026-06-20,2026-06-20T18:48:44Z,Azure Kubernetes Service,brazilsouth,8,1,1,0.014624,0.16,0.045583,USD,False
2026-06-20,2026-06-20T18:48:44Z,Azure Kubernetes Service,eastus,9,2,2,0.007312,0.6,0.09581467,USD,False
2026-06-20,2026-06-20T18:48:44Z,Azure Kubernetes Service,eastus2,8,1,1,0.007312,0.16,0.0327915,USD,False
2026-06-20,2026-06-20T18:48:44Z,Azure Kubernetes Service,japaneast,8,1,1,0.010602,0.16,0.0385475,USD,False
2026-06-20,2026-06-20T18:48:44Z,Azure Kubernetes Service,northeurope,8,1,1,0.008774,0.16,0.0353495,USD,False
2026-06-20,2026-06-20T18:48:44Z,Azure Kubernetes Service,southeastasia,8,1,1,0.009506,0.16,0.036629,USD,False
2026-06-20,2026-06-20T18:48:44Z,Azure Kubernetes Service,swedencentral,8,1,1,0.009506,0.16,0.036629,USD,False
2026-06-20,2026-06-20T18:48:44Z,Azure Kubernetes Service,westeurope,8,1,1,0.010456,0.16,0.03829175,USD,False
2026-06-20,2026-06-20T18:48:44Z,Azure Kubernetes Service,westus2,8,1,1,0.007312,0.16,0.0327915,USD,False
2026-06-20,2026-06-20T18:48:44Z,Functions,australiaeast,9,2,3,0.0,0.182,0.02167433,USD,False
2026-06-20,2026-06-20T18:48:44Z,Functions,brazilsouth,9,2,3,0.0,0.183,0.02179656,USD,False
2026-06-20,2026-06-20T18:48:44Z,Functions,eastus,9,2,3,0.0,0.173,0.02059489,USD,False
2026-06-20,2026-06-20T18:48:44Z,Functions,eastus2,9,2,3,0.0,0.16,0.01905044,USD,False
2026-06-20,2026-06-20T18:48:44Z,Functions,japaneast,9,2,3,0.0,0.196,0.02333933,USD,False
2026-06-20,2026-06-20T18:48:44Z,Functions,northeurope,9,2,3,0.0,0.167,0.01988378,USD,False
2026-06-20,2026-06-20T18:48:44Z,Functions,southeastasia,9,2,3,0.0,0.178,0.02119656,USD,False
2026-06-20,2026-06-20T18:48:44Z,Functions,swedencentral,9,2,3,0.0,0.169,0.02012822,USD,False
2026-06-20,2026-06-20T18:48:44Z,Functions,westeurope,9,2,3,0.0,0.169,0.02012822,USD,False
2026-06-20,2026-06-20T18:48:44Z,Functions,westus2,9,2,3,0.0,0.16,0.01905044,USD,False
2026-06-20,2026-06-20T18:48:44Z,Load Balancer,australiaeast,0,0,0,,,,USD,False
2026-06-20,2026-06-20T18:48:44Z,Load Balancer,brazilsouth,0,0,0,,,,USD,False
2026-06-20,2026-06-20T18:48:44Z,Load Balancer,eastus,0,0,0,,,,USD,False
2026-06-20,2026-06-20T18:48:44Z,Load Balancer,eastus2,0,0,0,,,,USD,False
2026-06-20,2026-06-20T18:48:44Z,Load Balancer,japaneast,0,0,0,,,,USD,False
2026-06-20,2026-06-20T18:48:44Z,Load Balancer,northeurope,0,0,0,,,,USD,False
2026-06-20,2026-06-20T18:48:44Z,Load Balancer,southeastasia,0,0,0,,,,USD,False
2026-06-20,2026-06-20T18:48:44Z,Load Balancer,swedencentral,0,0,0,,,,USD,False
2026-06-20,2026-06-20T18:48:44Z,Load Balancer,westeurope,0,0,0,,,,USD,False
2026-06-20,2026-06-20T18:48:44Z,Load Balancer,westus2,0,0,0,,,,USD,False
2026-06-20,2026-06-20T18:48:44Z,SQL Database,australiaeast,154,37,77,0.0,571.408,22.78711522,USD,False
2026-06-20,2026-06-20T18:48:44Z,SQL Database,brazilsouth,109,35,71,0.0,627.26,31.3701431,USD,False
2026-06-20,2026-06-20T18:48:44Z,SQL Database,eastus,113,30,37,0.0,24.36,2.87434587,USD,False
2026-06-20,2026-06-20T18:48:44Z,SQL Database,eastus2,108,29,36,0.0,24.36,2.98343595,USD,False
2026-06-20,2026-06-20T18:48:44Z,SQL Database,japaneast,150,37,75,0.0,584.208,23.84588713,USD,False
2026-06-20,2026-06-20T18:48:44Z,SQL Database,northeurope,113,30,37,0.0,29.22,3.43563935,USD,False
2026-06-20,2026-06-20T18:48:44Z,SQL Database,southeastasia,111,29,37,0.0,31.66,3.77798125,USD,False
2026-06-20,2026-06-20T18:48:44Z,SQL Database,swedencentral,106,30,74,0.0,516.128,26.50978892,USD,False
2026-06-20,2026-06-20T18:48:44Z,SQL Database,westeurope,113,30,37,0.0,31.66,3.72220855,USD,False
2026-06-20,2026-06-20T18:48:44Z,SQL Database,westus2,111,29,37,0.0,24.36,2.91339714,USD,False
2026-06-20,2026-06-20T18:48:44Z,Storage,australiaeast,200,23,68,0.0,3342.34,23.89177272,USD,True
2026-06-20,2026-06-20T18:48:44Z,Storage,brazilsouth,200,27,62,0.0,4669.71,74.65290366,USD,True
2026-06-20,2026-06-20T18:48:44Z,Storage,eastus,200,28,70,0.0,3686.4,51.35685995,USD,False
2026-06-20,2026-06-20T18:48:44Z,Storage,eastus2,200,25,72,0.0,3686.4,24.146832,USD,False
2026-06-20,2026-06-20T18:48:44Z,Storage,japaneast,200,26,71,0.0,3109.035,41.43337182,USD,False
2026-06-20,2026-06-20T18:48:44Z,Storage,northeurope,200,26,69,0.0,3604.11,53.98662846,USD,False
2026-06-20,2026-06-20T18:48:44Z,Storage,southeastasia,200,28,79,0.0,3686.4,33.44615276,USD,False
2026-06-20,2026-06-20T18:48:44Z,Storage,swedencentral,200,26,76,0.0,3686.4,31.87963216,USD,True
2026-06-20,2026-06-20T18:48:44Z,Storage,westeurope,200,25,73,0.0,1982.17,32.12951834,USD,False
2026-06-20,2026-06-20T18:48:44Z,Storage,westus2,200,26,73,0.0,3686.4,34.08984903,USD,False
2026-06-20,2026-06-20T18:48:44Z,Virtual Machines,australiaeast,200,135,193,0.014026,41.918,2.83716256,USD,True
2026-06-20,2026-06-20T18:48:44Z,Virtual Machines,brazilsouth,200,139,196,0.00303,133.07446,4.94827496,USD,True
2026-06-20,2026-06-20T18:48:44Z,Virtual Machines,eastus,200,142,198,0.0,117.7788,3.82165823,USD,True
2026-06-20,2026-06-20T18:48:44Z,Virtual Machines,eastus2,200,147,200,0.00846,116.052,4.11662961,USD,True
2026-06-20,2026-06-20T18:48:44Z,Virtual Machines,japaneast,200,129,198,0.00864,179.244241,4.59073903,USD,True
2026-06-20,2026-06-20T18:48:44Z,Virtual Machines,northeurope,200,149,200,0.00204,71.50672,2.78711167,USD,True
2026-06-20,2026-06-20T18:48:44Z,Virtual Machines,southeastasia,200,141,198,0.021067,213.0211,6.18305004,USD,True
2026-06-20,2026-06-20T18:48:44Z,Virtual Machines,swedencentral,200,127,198,0.011,196.6272,4.39897042,USD,True
2026-06-20,2026-06-20T18:48:44Z,Virtual Machines,westeurope,200,135,199,0.00216,147.07536,6.45790144,USD,True
2026-06-20,2026-06-20T18:48:44Z,Virtual Machines,westus2,200,151,196,0.004,451.616,7.56839495,USD,True
2026-06-21,2026-06-21T18:50:27Z,Application Gateway,australiaeast,22,8,5,0.008,0.522,0.15022182,USD,False
2026-06-21,2026-06-21T18:50:27Z,Application Gateway,brazilsouth,18,7,5,0.008,0.72,0.20858,USD,False
2026-06-21,2026-06-21T18:50:27Z,Application Gateway,eastus,22,8,5,0.008,0.448,0.12017727,USD,False
2026-06-21,2026-06-21T18:50:27Z,Application Gateway,eastus2,22,8,5,0.008,0.448,0.12017727,USD,False
2026-06-21,2026-06-21T18:50:27Z,Application Gateway,japaneast,14,6,5,0.008,0.522,0.18805857,USD,False
2026-06-21,2026-06-21T18:50:27Z,Application Gateway,northeurope,22,8,5,0.008,0.50176,0.13672182,USD,False
2026-06-21,2026-06-21T18:50:27Z,Application Gateway,southeastasia,22,8,5,0.008,0.50176,0.14207636,USD,False
2026-06-21,2026-06-21T18:50:27Z,Application Gateway,swedencentral,17,7,5,0.0076,0.50176,0.14827176,USD,False
2026-06-21,2026-06-21T18:50:27Z,Application Gateway,westeurope,22,8,5,0.008,0.50176,0.14206727,USD,False
2026-06-21,2026-06-21T18:50:27Z,Application Gateway,westus2,18,7,5,0.008,0.448,0.13827222,USD,False
2026-06-21,2026-06-21T18:50:27Z,Azure App Service,australiaeast,124,20,67,0.016,80.0,3.33422719,USD,False
2026-06-21,2026-06-21T18:50:27Z,Azure App Service,brazilsouth,102,18,56,0.0158,80.0,2.96177998,USD,False
2026-06-21,2026-06-21T18:50:27Z,Azure App Service,eastus,113,16,62,0.017,80.0,3.05313451,USD,False
2026-06-21,2026-06-21T18:50:27Z,Azure App Service,eastus2,117,17,63,0.0,80.0,3.02458982,USD,False
2026-06-21,2026-06-21T18:50:27Z,Azure App Service,japaneast,128,21,68,0.0,80.0,3.31481827,USD,False
2026-06-21,2026-06-21T18:50:27Z,Azure App Service,northeurope,113,16,62,0.018,80.0,3.45700196,USD,False
2026-06-21,2026-06-21T18:50:27Z,Azure App Service,southeastasia,113,16,62,0.018,80.0,3.50719758,USD,False
2026-06-21,2026-06-21T18:50:27Z,Azure App Service,swedencentral,111,17,60,0.0,80.0,3.06190559,USD,False
2026-06-21,2026-06-21T18:50:27Z,Azure App Service,westeurope,117,17,63,0.0,80.0,3.48324291,USD,False
2026-06-21,2026-06-21T18:50:27Z,Azure App Service,westus2,117,17,63,0.0,80.0,3.01730191,USD,False
2026-06-21,2026-06-21T18:50:27Z,Azure Cosmos DB,australiaeast,106,14,81,0.0,32.553,2.54770911,USD,False
2026-06-21,2026-06-21T18:50:27Z,Azure Cosmos DB,brazilsouth,103,14,78,0.0,44.9,3.58415748,USD,False
2026-06-21,2026-06-21T18:50:27Z,Azure Cosmos DB,eastus,99,14,76,0.0,22.45,2.07406196,USD,False
2026-06-21,2026-06-21T18:50:27Z,Azure Cosmos DB,eastus2,99,14,76,0.0,22.45,2.07625388,USD,False
2026-06-21,2026-06-21T18:50:27Z,Azure Cosmos DB,japaneast,106,14,81,0.0,32.553,2.5569471,USD,False
2026-06-21,2026-06-21T18:50:27Z,Azure Cosmos DB,northeurope,106,14,81,0.0,26.94,2.21805191,USD,False
2026-06-21,2026-06-21T18:50:27Z,Azure Cosmos DB,southeastasia,106,14,81,0.0,29.185,2.30645925,USD,False
2026-06-21,2026-06-21T18:50:27Z,Azure Cosmos DB,swedencentral,97,14,73,0.0,29.185,2.587158,USD,False
2026-06-21,2026-06-21T18:50:27Z,Azure Cosmos DB,westeurope,106,14,81,0.0,29.185,2.39201482,USD,False
2026-06-21,2026-06-21T18:50:27Z,Azure Cosmos DB,westus2,99,14,76,0.0,22.45,2.04923503,USD,False
2026-06-21,2026-06-21T18:50:27Z,Azure Database for PostgreSQL,australiaeast,107,41,48,0.0,76.343,4.33323421,USD,False
2026-06-21,2026-06-21T18:50:27Z,Azure Database for PostgreSQL,brazilsouth,111,43,48,0.0,133.345,6.79866926,USD,False
2026-06-21,2026-06-21T18:50:27Z,Azure Database for PostgreSQL,eastus,110,43,48,0.0,63.619,3.43568106,USD,False
2026-06-21,2026-06-21T18:50:27Z,Azure Database for PostgreSQL,eastus2,111,44,48,0.0,63.619,3.40815691,USD,False
2026-06-21,2026-06-21T18:50:27Z,Azure Database for PostgreSQL,japaneast,110,43,48,0.0,76.343,4.21765002,USD,False
2026-06-21,2026-06-21T18:50:27Z,Azure Database for PostgreSQL,northeurope,112,45,48,0.0,71.253,3.76968572,USD,False
2026-06-21,2026-06-21T18:50:27Z,Azure Database for PostgreSQL,southeastasia,110,43,48,0.0,76.343,4.21477941,USD,False
2026-06-21,2026-06-21T18:50:27Z,Azure Database for PostgreSQL,swedencentral,104,41,47,0.0,65.4,3.73360233,USD,False
2026-06-21,2026-06-21T18:50:27Z,Azure Database for PostgreSQL,westeurope,114,47,48,0.0,77.615,4.02451162,USD,False
2026-06-21,2026-06-21T18:50:27Z,Azure Database for PostgreSQL,westus2,107,41,48,0.0,63.619,3.53051698,USD,False
2026-06-21,2026-06-21T18:50:27Z,Azure Kubernetes Service,australiaeast,8,1,1,0.010602,0.16,0.0385475,USD,False
2026-06-21,2026-06-21T18:50:27Z,Azure Kubernetes Service,brazilsouth,8,1,1,0.014624,0.16,0.045583,USD,False
2026-06-21,2026-06-21T18:50:27Z,Azure Kubernetes Service,eastus,9,2,2,0.007312,0.6,0.09581467,USD,False
2026-06-21,2026-06-21T18:50:27Z,Azure Kubernetes Service,eastus2,8,1,1,0.007312,0.16,0.0327915,USD,False
2026-06-21,2026-06-21T18:50:27Z,Azure Kubernetes Service,japaneast,8,1,1,0.010602,0.16,0.0385475,USD,False
2026-06-21,2026-06-21T18:50:27Z,Azure Kubernetes Service,northeurope,8,1,1,0.008774,0.16,0.0353495,USD,False
2026-06-21,2026-06-21T18:50:27Z,Azure Kubernetes Service,southeastasia,8,1,1,0.009506,0.16,0.036629,USD,False
2026-06-21,2026-06-21T18:50:27Z,Azure Kubernetes Service,swedencentral,8,1,1,0.009506,0.16,0.036629,USD,False
2026-06-21,2026-06-21T18:50:27Z,Azure Kubernetes Service,westeurope,8,1,1,0.010456,0.16,0.03829175,USD,False
2026-06-21,2026-06-21T18:50:27Z,Azure Kubernetes Service,westus2,8,1,1,0.007312,0.16,0.0327915,USD,False
2026-06-21,2026-06-21T18:50:27Z,Functions,australiaeast,9,2,3,0.0,0.182,0.02167433,USD,False
2026-06-21,2026-06-21T18:50:27Z,Functions,brazilsouth,9,2,3,0.0,0.183,0.02179656,USD,False
2026-06-21,2026-06-21T18:50:27Z,Functions,eastus,9,2,3,0.0,0.173,0.02059489,USD,False
2026-06-21,2026-06-21T18:50:27Z,Functions,eastus2,9,2,3,0.0,0.16,0.01905044,USD,False
2026-06-21,2026-06-21T18:50:27Z,Functions,japaneast,9,2,3,0.0,0.196,0.02333933,USD,False
2026-06-21,2026-06-21T18:50:27Z,Functions,northeurope,9,2,3,0.0,0.167,0.01988378,USD,False
2026-06-21,2026-06-21T18:50:27Z,Functions,southeastasia,9,2,3,0.0,0.178,0.02119656,USD,False
2026-06-21,2026-06-21T18:50:27Z,Functions,swedencentral,9,2,3,0.0,0.169,0.02012822,USD,False
2026-06-21,2026-06-21T18:50:27Z,Functions,westeurope,9,2,3,0.0,0.169,0.02012822,USD,False
2026-06-21,2026-06-21T18:50:27Z,Functions,westus2,9,2,3,0.0,0.16,0.01905044,USD,False
2026-06-21,2026-06-21T18:50:27Z,Load Balancer,australiaeast,0,0,0,,,,USD,False
2026-06-21,2026-06-21T18:50:27Z,Load Balancer,brazilsouth,0,0,0,,,,USD,False
2026-06-21,2026-06-21T18:50:27Z,Load Balancer,eastus,0,0,0,,,,USD,False
2026-06-21,2026-06-21T18:50:27Z,Load Balancer,eastus2,0,0,0,,,,USD,False
2026-06-21,2026-06-21T18:50:27Z,Load Balancer,japaneast,0,0,0,,,,USD,False
2026-06-21,2026-06-21T18:50:27Z,Load Balancer,northeurope,0,0,0,,,,USD,False
2026-06-21,2026-06-21T18:50:27Z,Load Balancer,southeastasia,0,0,0,,,,USD,False
2026-06-21,2026-06-21T18:50:27Z,Load Balancer,swedencentral,0,0,0,,,,USD,False
2026-06-21,2026-06-21T18:50:27Z,Load Balancer,westeurope,0,0,0,,,,USD,False
2026-06-21,2026-06-21T18:50:27Z,Load Balancer,westus2,0,0,0,,,,USD,False
2026-06-21,2026-06-21T18:50:27Z,SQL Database,australiaeast,154,37,77,0.0,571.408,22.78711522,USD,False
2026-06-21,2026-06-21T18:50:27Z,SQL Database,brazilsouth,109,35,71,0.0,627.26,31.3701431,USD,False
2026-06-21,2026-06-21T18:50:27Z,SQL Database,eastus,113,30,37,0.0,24.36,2.87434587,USD,False
2026-06-21,2026-06-21T18:50:27Z,SQL Database,eastus2,108,29,36,0.0,24.36,2.98343595,USD,False
2026-06-21,2026-06-21T18:50:27Z,SQL Database,japaneast,150,37,75,0.0,584.208,23.84588713,USD,False
2026-06-21,2026-06-21T18:50:27Z,SQL Database,northeurope,113,30,37,0.0,29.22,3.43563935,USD,False
2026-06-21,2026-06-21T18:50:27Z,SQL Database,southeastasia,111,29,37,0.0,31.66,3.77798125,USD,False
2026-06-21,2026-06-21T18:50:27Z,SQL Database,swedencentral,106,30,74,0.0,516.128,26.50978892,USD,False
2026-06-21,2026-06-21T18:50:27Z,SQL Database,westeurope,113,30,37,0.0,31.66,3.72220855,USD,False
2026-06-21,2026-06-21T18:50:27Z,SQL Database,westus2,111,29,37,0.0,24.36,2.91339714,USD,False
2026-06-21,2026-06-21T18:50:27Z,Storage,australiaeast,200,23,68,0.0,3342.34,23.89177272,USD,True
2026-06-21,2026-06-21T18:50:27Z,Storage,brazilsouth,200,27,62,0.0,4669.71,74.65290366,USD,True
2026-06-21,2026-06-21T18:50:27Z,Storage,eastus,200,28,70,0.0,3686.4,51.35685995,USD,False
2026-06-21,2026-06-21T18:50:27Z,Storage,eastus2,200,25,72,0.0,3686.4,24.146832,USD,False
2026-06-21,2026-06-21T18:50:27Z,Storage,japaneast,200,26,71,0.0,3109.035,41.43337182,USD,False
2026-06-21,2026-06-21T18:50:27Z,Storage,northeurope,200,26,69,0.0,3604.11,53.98662846,USD,False
2026-06-21,2026-06-21T18:50:27Z,Storage,southeastasia,200,28,79,0.0,3686.4,33.44615276,USD,False
2026-06-21,2026-06-21T18:50:27Z,Storage,swedencentral,200,26,76,0.0,3686.4,31.87963216,USD,True
2026-06-21,2026-06-21T18:50:27Z,Storage,westeurope,200,25,73,0.0,1982.17,32.12951834,USD,False
2026-06-21,2026-06-21T18:50:27Z,Storage,westus2,200,26,73,0.0,3686.4,34.08984903,USD,False
2026-06-21,2026-06-21T18:50:27Z,Virtual Machines,australiaeast,200,135,193,0.014026,41.918,2.83716256,USD,True
2026-06-21,2026-06-21T18:50:27Z,Virtual Machines,brazilsouth,200,139,196,0.00303,133.07446,4.94827496,USD,True
2026-06-21,2026-06-21T18:50:27Z,Virtual Machines,eastus,200,142,198,0.0,117.7788,3.82165823,USD,True
2026-06-21,2026-06-21T18:50:27Z,Virtual Machines,eastus2,200,147,200,0.00846,116.052,4.11662961,USD,True
2026-06-21,2026-06-21T18:50:27Z,Virtual Machines,japaneast,200,129,198,0.00864,179.244241,4.59073903,USD,True
2026-06-21,2026-06-21T18:50:27Z,Virtual Machines,northeurope,200,149,200,0.00204,71.50672,2.78711167,USD,True
2026-06-21,2026-06-21T18:50:27Z,Virtual Machines,southeastasia,200,141,198,0.021067,213.0211,6.18305004,USD,True
2026-06-21,2026-06-21T18:50:27Z,Virtual Machines,swedencentral,200,127,198,0.011,196.6272,4.39897042,USD,True
2026-06-21,2026-06-21T18:50:27Z,Virtual Machines,westeurope,200,135,199,0.00216,147.07536,6.45790144,USD,True
2026-06-21,2026-06-21T18:50:27Z,Virtual Machines,westus2,200,151,196,0.004,451.616,7.56839495,USD,True
2026-06-22,2026-06-22T19:27:48Z,Application Gateway,australiaeast,22,8,5,0.008,0.522,0.15022182,USD,False
2026-06-22,2026-06-22T19:27:48Z,Application Gateway,brazilsouth,18,7,5,0.008,0.72,0.20858,USD,False
2026-06-22,2026-06-22T19:27:48Z,Application Gateway,eastus,22,8,5,0.008,0.448,0.12017727,USD,False
2026-06-22,2026-06-22T19:27:48Z,Application Gateway,eastus2,22,8,5,0.008,0.448,0.12017727,USD,False
2026-06-22,2026-06-22T19:27:48Z,Application Gateway,japaneast,14,6,5,0.008,0.522,0.18805857,USD,False
2026-06-22,2026-06-22T19:27:48Z,Application Gateway,northeurope,22,8,5,0.008,0.50176,0.13672182,USD,False
2026-06-22,2026-06-22T19:27:48Z,Application Gateway,southeastasia,22,8,5,0.008,0.50176,0.14207636,USD,False
2026-06-22,2026-06-22T19:27:48Z,Application Gateway,swedencentral,17,7,5,0.0076,0.50176,0.14827176,USD,False
2026-06-22,2026-06-22T19:27:48Z,Application Gateway,westeurope,22,8,5,0.008,0.50176,0.14206727,USD,False
2026-06-22,2026-06-22T19:27:48Z,Application Gateway,westus2,18,7,5,0.008,0.448,0.13827222,USD,False
2026-06-22,2026-06-22T19:27:48Z,Azure App Service,australiaeast,124,20,67,0.016,80.0,3.33422719,USD,False
2026-06-22,2026-06-22T19:27:48Z,Azure App Service,brazilsouth,102,18,56,0.0158,80.0,2.96177998,USD,False
2026-06-22,2026-06-22T19:27:48Z,Azure App Service,eastus,113,16,62,0.017,80.0,3.05313451,USD,False
2026-06-22,2026-06-22T19:27:48Z,Azure App Service,eastus2,117,17,63,0.0,80.0,3.02458982,USD,False
2026-06-22,2026-06-22T19:27:48Z,Azure App Service,japaneast,128,21,68,0.0,80.0,3.31481827,USD,False
2026-06-22,2026-06-22T19:27:48Z,Azure App Service,northeurope,113,16,62,0.018,80.0,3.45700196,USD,False
2026-06-22,2026-06-22T19:27:48Z,Azure App Service,southeastasia,113,16,62,0.018,80.0,3.50719758,USD,False
2026-06-22,2026-06-22T19:27:48Z,Azure App Service,swedencentral,111,17,60,0.0,80.0,3.06190559,USD,False
2026-06-22,2026-06-22T19:27:48Z,Azure App Service,westeurope,117,17,63,0.0,80.0,3.48324291,USD,False
2026-06-22,2026-06-22T19:27:48Z,Azure App Service,westus2,117,17,63,0.0,80.0,3.01730191,USD,False
2026-06-22,2026-06-22T19:27:48Z,Azure Cosmos DB,australiaeast,106,14,81,0.0,32.553,2.54770911,USD,False
2026-06-22,2026-06-22T19:27:48Z,Azure Cosmos DB,brazilsouth,103,14,78,0.0,44.9,3.58415748,USD,False
2026-06-22,2026-06-22T19:27:48Z,Azure Cosmos DB,eastus,99,14,76,0.0,22.45,2.07406196,USD,False
2026-06-22,2026-06-22T19:27:48Z,Azure Cosmos DB,eastus2,99,14,76,0.0,22.45,2.07625388,USD,False
2026-06-22,2026-06-22T19:27:48Z,Azure Cosmos DB,japaneast,106,14,81,0.0,32.553,2.5569471,USD,False
2026-06-22,2026-06-22T19:27:48Z,Azure Cosmos DB,northeurope,106,14,81,0.0,26.94,2.21805191,USD,False
2026-06-22,2026-06-22T19:27:48Z,Azure Cosmos DB,southeastasia,106,14,81,0.0,29.185,2.30645925,USD,False
2026-06-22,2026-06-22T19:27:48Z,Azure Cosmos DB,swedencentral,97,14,73,0.0,29.185,2.587158,USD,False
2026-06-22,2026-06-22T19:27:48Z,Azure Cosmos DB,westeurope,106,14,81,0.0,29.185,2.39201482,USD,False
2026-06-22,2026-06-22T19:27:48Z,Azure Cosmos DB,westus2,99,14,76,0.0,22.45,2.04923503,USD,False
2026-06-22,2026-06-22T19:27:48Z,Azure Database for PostgreSQL,australiaeast,107,41,48,0.0,76.343,4.33323421,USD,False
2026-06-22,2026-06-22T19:27:48Z,Azure Database for PostgreSQL,brazilsouth,111,43,48,0.0,133.345,6.79866926,USD,False
2026-06-22,2026-06-22T19:27:48Z,Azure Database for PostgreSQL,eastus,110,43,48,0.0,63.619,3.43568106,USD,False
2026-06-22,2026-06-22T19:27:48Z,Azure Database for PostgreSQL,eastus2,111,44,48,0.0,63.619,3.40815691,USD,False
2026-06-22,2026-06-22T19:27:48Z,Azure Database for PostgreSQL,japaneast,110,43,48,0.0,76.343,4.21765002,USD,False
2026-06-22,2026-06-22T19:27:48Z,Azure Database for PostgreSQL,northeurope,112,45,48,0.0,71.253,3.76968572,USD,False
2026-06-22,2026-06-22T19:27:48Z,Azure Database for PostgreSQL,southeastasia,110,43,48,0.0,76.343,4.21477941,USD,False
2026-06-22,2026-06-22T19:27:48Z,Azure Database for PostgreSQL,swedencentral,104,41,47,0.0,65.4,3.73360233,USD,False
2026-06-22,2026-06-22T19:27:48Z,Azure Database for PostgreSQL,westeurope,114,47,48,0.0,77.615,4.02451162,USD,False
2026-06-22,2026-06-22T19:27:48Z,Azure Database for PostgreSQL,westus2,107,41,48,0.0,63.619,3.53051698,USD,False
2026-06-22,2026-06-22T19:27:48Z,Azure Kubernetes Service,australiaeast,8,1,1,0.010602,0.16,0.0385475,USD,False
2026-06-22,2026-06-22T19:27:48Z,Azure Kubernetes Service,brazilsouth,8,1,1,0.014624,0.16,0.045583,USD,False
2026-06-22,2026-06-22T19:27:48Z,Azure Kubernetes Service,eastus,9,2,2,0.007312,0.6,0.09581467,USD,False
2026-06-22,2026-06-22T19:27:48Z,Azure Kubernetes Service,eastus2,8,1,1,0.007312,0.16,0.0327915,USD,False
2026-06-22,2026-06-22T19:27:48Z,Azure Kubernetes Service,japaneast,8,1,1,0.010602,0.16,0.0385475,USD,False
2026-06-22,2026-06-22T19:27:48Z,Azure Kubernetes Service,northeurope,8,1,1,0.008774,0.16,0.0353495,USD,False
2026-06-22,2026-06-22T19:27:48Z,Azure Kubernetes Service,southeastasia,8,1,1,0.009506,0.16,0.036629,USD,False
2026-06-22,2026-06-22T19:27:48Z,Azure Kubernetes Service,swedencentral,8,1,1,0.009506,0.16,0.036629,USD,False
2026-06-22,2026-06-22T19:27:48Z,Azure Kubernetes Service,westeurope,8,1,1,0.010456,0.16,0.03829175,USD,False
2026-06-22,2026-06-22T19:27:48Z,Azure Kubernetes Service,westus2,8,1,1,0.007312,0.16,0.0327915,USD,False
2026-06-22,2026-06-22T19:27:48Z,Functions,australiaeast,9,2,3,0.0,0.182,0.02167433,USD,False
2026-06-22,2026-06-22T19:27:48Z,Functions,brazilsouth,9,2,3,0.0,0.183,0.02179656,USD,False
2026-06-22,2026-06-22T19:27:48Z,Functions,eastus,9,2,3,0.0,0.173,0.02059489,USD,False
2026-06-22,2026-06-22T19:27:48Z,Functions,eastus2,9,2,3,0.0,0.16,0.01905044,USD,False
2026-06-22,2026-06-22T19:27:48Z,Functions,japaneast,9,2,3,0.0,0.196,0.02333933,USD,False
2026-06-22,2026-06-22T19:27:48Z,Functions,northeurope,9,2,3,0.0,0.167,0.01988378,USD,False
2026-06-22,2026-06-22T19:27:48Z,Functions,southeastasia,9,2,3,0.0,0.178,0.02119656,USD,False
2026-06-22,2026-06-22T19:27:48Z,Functions,swedencentral,9,2,3,0.0,0.169,0.02012822,USD,False
2026-06-22,2026-06-22T19:27:48Z,Functions,westeurope,9,2,3,0.0,0.169,0.02012822,USD,False
2026-06-22,2026-06-22T19:27:48Z,Functions,westus2,9,2,3,0.0,0.16,0.01905044,USD,False
2026-06-22,2026-06-22T19:27:48Z,Load Balancer,australiaeast,0,0,0,,,,USD,False
2026-06-22,2026-06-22T19:27:48Z,Load Balancer,brazilsouth,0,0,0,,,,USD,False
2026-06-22,2026-06-22T19:27:48Z,Load Balancer,eastus,0,0,0,,,,USD,False
2026-06-22,2026-06-22T19:27:48Z,Load Balancer,eastus2,0,0,0,,,,USD,False
2026-06-22,2026-06-22T19:27:48Z,Load Balancer,japaneast,0,0,0,,,,USD,False
2026-06-22,2026-06-22T19:27:48Z,Load Balancer,northeurope,0,0,0,,,,USD,False
2026-06-22,2026-06-22T19:27:48Z,Load Balancer,southeastasia,0,0,0,,,,USD,False
2026-06-22,2026-06-22T19:27:48Z,Load Balancer,swedencentral,0,0,0,,,,USD,False
2026-06-22,2026-06-22T19:27:48Z,Load Balancer,westeurope,0,0,0,,,,USD,False
2026-06-22,2026-06-22T19:27:48Z,Load Balancer,westus2,0,0,0,,,,USD,False
2026-06-22,2026-06-22T19:27:48Z,SQL Database,australiaeast,154,37,77,0.0,571.408,22.78711522,USD,False
2026-06-22,2026-06-22T19:27:48Z,SQL Database,brazilsouth,109,35,71,0.0,627.26,31.3701431,USD,False
2026-06-22,2026-06-22T19:27:48Z,SQL Database,eastus,113,30,37,0.0,24.36,2.87434587,USD,False
2026-06-22,2026-06-22T19:27:48Z,SQL Database,eastus2,108,29,36,0.0,24.36,2.98343595,USD,False
2026-06-22,2026-06-22T19:27:48Z,SQL Database,japaneast,150,37,75,0.0,584.208,23.84588713,USD,False
2026-06-22,2026-06-22T19:27:48Z,SQL Database,northeurope,113,30,37,0.0,29.22,3.43563935,USD,False
2026-06-22,2026-06-22T19:27:48Z,SQL Database,southeastasia,111,29,37,0.0,31.66,3.77798125,USD,False
2026-06-22,2026-06-22T19:27:48Z,SQL Database,swedencentral,106,30,74,0.0,516.128,26.50978892,USD,False
2026-06-22,2026-06-22T19:27:48Z,SQL Database,westeurope,113,30,37,0.0,31.66,3.72220855,USD,False
2026-06-22,2026-06-22T19:27:48Z,SQL Database,westus2,111,29,37,0.0,24.36,2.91339714,USD,False
2026-06-22,2026-06-22T19:27:48Z,Storage,australiaeast,200,23,68,0.0,3342.34,23.89177272,USD,True
2026-06-22,2026-06-22T19:27:48Z,Storage,brazilsouth,200,27,62,0.0,4669.71,74.65290366,USD,True
2026-06-22,2026-06-22T19:27:48Z,Storage,eastus,200,28,70,0.0,3686.4,51.35685995,USD,False
2026-06-22,2026-06-22T19:27:48Z,Storage,eastus2,200,25,72,0.0,3686.4,24.146832,USD,False
2026-06-22,2026-06-22T19:27:48Z,Storage,japaneast,200,26,71,0.0,3109.035,41.43337182,USD,False
2026-06-22,2026-06-22T19:27:48Z,Storage,northeurope,200,26,69,0.0,3604.11,53.98662846,USD,False
2026-06-22,2026-06-22T19:27:48Z,Storage,southeastasia,200,28,79,0.0,3686.4,33.44615276,USD,False
2026-06-22,2026-06-22T19:27:48Z,Storage,swedencentral,200,26,76,0.0,3686.4,31.87963216,USD,True
2026-06-22,2026-06-22T19:27:48Z,Storage,westeurope,200,25,73,0.0,1982.17,32.12951834,USD,False
2026-06-22,2026-06-22T19:27:48Z,Storage,westus2,200,26,73,0.0,3686.4,34.08984903,USD,False
2026-06-22,2026-06-22T19:27:48Z,Virtual Machines,australiaeast,200,135,193,0.014026,41.918,2.83716256,USD,True
2026-06-22,2026-06-22T19:27:48Z,Virtual Machines,brazilsouth,200,139,196,0.00303,133.07446,4.94827496,USD,True
2026-06-22,2026-06-22T19:27:48Z,Virtual Machines,eastus,200,142,198,0.0,117.7788,3.82165823,USD,True
2026-06-22,2026-06-22T19:27:48Z,Virtual Machines,eastus2,200,147,200,0.00846,116.052,4.11662961,USD,True
2026-06-22,2026-06-22T19:27:48Z,Virtual Machines,japaneast,200,129,198,0.00864,179.244241,4.59073903,USD,True
2026-06-22,2026-06-22T19:27:48Z,Virtual Machines,northeurope,200,149,200,0.00204,71.50672,2.78711167,USD,True
2026-06-22,2026-06-22T19:27:48Z,Virtual Machines,southeastasia,200,141,198,0.021067,213.0211,6.18305004,USD,True
2026-06-22,2026-06-22T19:27:48Z,Virtual Machines,swedencentral,200,127,198,0.011,196.6272,4.39897042,USD,True
2026-06-22,2026-06-22T19:27:48Z,Virtual Machines,westeurope,200,135,199,0.00216,147.07536,6.45790144,USD,True
2026-06-22,2026-06-22T19:27:48Z,Virtual Machines,westus2,200,151,196,0.004,451.616,7.56839495,USD,True
2026-06-23,2026-06-23T07:33:57Z,Application Gateway,australiaeast,22,8,5,0.008,0.522,0.15022182,USD,False
2026-06-23,2026-06-23T07:33:57Z,Application Gateway,brazilsouth,18,7,5,0.008,0.72,0.20858,USD,False
2026-06-23,2026-06-23T07:33:57Z,Application Gateway,eastus,22,8,5,0.008,0.448,0.12017727,USD,False
2026-06-23,2026-06-23T07:33:57Z,Application Gateway,eastus2,22,8,5,0.008,0.448,0.12017727,USD,False
2026-06-23,2026-06-23T07:33:57Z,Application Gateway,japaneast,14,6,5,0.008,0.522,0.18805857,USD,False
2026-06-23,2026-06-23T07:33:57Z,Application Gateway,northeurope,22,8,5,0.008,0.50176,0.13672182,USD,False
2026-06-23,2026-06-23T07:33:57Z,Application Gateway,southeastasia,22,8,5,0.008,0.50176,0.14207636,USD,False
2026-06-23,2026-06-23T07:33:57Z,Application Gateway,swedencentral,17,7,5,0.0076,0.50176,0.14827176,USD,False
2026-06-23,2026-06-23T07:33:57Z,Application Gateway,westeurope,22,8,5,0.008,0.50176,0.14206727,USD,False
2026-06-23,2026-06-23T07:33:57Z,Application Gateway,westus2,18,7,5,0.008,0.448,0.13827222,USD,False
2026-06-23,2026-06-23T07:33:57Z,Azure App Service,australiaeast,124,20,67,0.016,80.0,3.33422719,USD,False
2026-06-23,2026-06-23T07:33:57Z,Azure App Service,brazilsouth,102,18,56,0.0158,80.0,2.96177998,USD,False
2026-06-23,2026-06-23T07:33:57Z,Azure App Service,eastus,113,16,62,0.017,80.0,3.05313451,USD,False
2026-06-23,2026-06-23T07:33:57Z,Azure App Service,eastus2,117,17,63,0.0,80.0,3.02458982,USD,False
2026-06-23,2026-06-23T07:33:57Z,Azure App Service,japaneast,128,21,68,0.0,80.0,3.31481827,USD,False
2026-06-23,2026-06-23T07:33:57Z,Azure App Service,northeurope,113,16,62,0.018,80.0,3.45700196,USD,False
2026-06-23,2026-06-23T07:33:57Z,Azure App Service,southeastasia,113,16,62,0.018,80.0,3.50719758,USD,False
2026-06-23,2026-06-23T07:33:57Z,Azure App Service,swedencentral,111,17,60,0.0,80.0,3.06190559,USD,False
2026-06-23,2026-06-23T07:33:57Z,Azure App Service,westeurope,117,17,63,0.0,80.0,3.48324291,USD,False
2026-06-23,2026-06-23T07:33:57Z,Azure App Service,westus2,117,17,63,0.0,80.0,3.01730191,USD,False
2026-06-23,2026-06-23T07:33:57Z,Azure Cosmos DB,australiaeast,106,14,81,0.0,32.553,2.54770911,USD,False
2026-06-23,2026-06-23T07:33:57Z,Azure Cosmos DB,brazilsouth,103,14,78,0.0,44.9,3.58415748,USD,False
2026-06-23,2026-06-23T07:33:57Z,Azure Cosmos DB,eastus,99,14,76,0.0,22.45,2.07406196,USD,False
2026-06-23,2026-06-23T07:33:57Z,Azure Cosmos DB,eastus2,99,14,76,0.0,22.45,2.07625388,USD,False
2026-06-23,2026-06-23T07:33:57Z,Azure Cosmos DB,japaneast,106,14,81,0.0,32.553,2.5569471,USD,False
2026-06-23,2026-06-23T07:33:57Z,Azure Cosmos DB,northeurope,106,14,81,0.0,26.94,2.21805191,USD,False
2026-06-23,2026-06-23T07:33:57Z,Azure Cosmos DB,southeastasia,106,14,81,0.0,29.185,2.30645925,USD,False
2026-06-23,2026-06-23T07:33:57Z,Azure Cosmos DB,swedencentral,97,14,73,0.0,29.185,2.587158,USD,False
2026-06-23,2026-06-23T07:33:57Z,Azure Cosmos DB,westeurope,106,14,81,0.0,29.185,2.39201482,USD,False
2026-06-23,2026-06-23T07:33:57Z,Azure Cosmos DB,westus2,99,14,76,0.0,22.45,2.04923503,USD,False
2026-06-23,2026-06-23T07:33:57Z,Azure Database for PostgreSQL,australiaeast,107,41,48,0.0,76.343,4.33323421,USD,False
2026-06-23,2026-06-23T07:33:57Z,Azure Database for PostgreSQL,brazilsouth,111,43,48,0.0,133.345,6.79866926,USD,False
2026-06-23,2026-06-23T07:33:57Z,Azure Database for PostgreSQL,eastus,110,43,48,0.0,63.619,3.43568106,USD,False
2026-06-23,2026-06-23T07:33:57Z,Azure Database for PostgreSQL,eastus2,111,44,48,0.0,63.619,3.40815691,USD,False
2026-06-23,2026-06-23T07:33:57Z,Azure Database for PostgreSQL,japaneast,110,43,48,0.0,76.343,4.21765002,USD,False
2026-06-23,2026-06-23T07:33:57Z,Azure Database for PostgreSQL,northeurope,112,45,48,0.0,71.253,3.76968572,USD,False
2026-06-23,2026-06-23T07:33:57Z,Azure Database for PostgreSQL,southeastasia,110,43,48,0.0,76.343,4.21477941,USD,False
2026-06-23,2026-06-23T07:33:57Z,Azure Database for PostgreSQL,swedencentral,104,41,47,0.0,65.4,3.73360233,USD,False
2026-06-23,2026-06-23T07:33:57Z,Azure Database for PostgreSQL,westeurope,114,47,48,0.0,77.615,4.02451162,USD,False
2026-06-23,2026-06-23T07:33:57Z,Azure Database for PostgreSQL,westus2,107,41,48,0.0,63.619,3.53051698,USD,False
2026-06-23,2026-06-23T07:33:57Z,Azure Kubernetes Service,australiaeast,8,1,1,0.010602,0.16,0.0385475,USD,False
2026-06-23,2026-06-23T07:33:57Z,Azure Kubernetes Service,brazilsouth,8,1,1,0.014624,0.16,0.045583,USD,False
2026-06-23,2026-06-23T07:33:57Z,Azure Kubernetes Service,eastus,9,2,2,0.007312,0.6,0.09581467,USD,False
2026-06-23,2026-06-23T07:33:57Z,Azure Kubernetes Service,eastus2,8,1,1,0.007312,0.16,0.0327915,USD,False
2026-06-23,2026-06-23T07:33:57Z,Azure Kubernetes Service,japaneast,8,1,1,0.010602,0.16,0.0385475,USD,False
2026-06-23,2026-06-23T07:33:57Z,Azure Kubernetes Service,northeurope,8,1,1,0.008774,0.16,0.0353495,USD,False
2026-06-23,2026-06-23T07:33:57Z,Azure Kubernetes Service,southeastasia,8,1,1,0.009506,0.16,0.036629,USD,False
2026-06-23,2026-06-23T07:33:57Z,Azure Kubernetes Service,swedencentral,8,1,1,0.009506,0.16,0.036629,USD,False
2026-06-23,2026-06-23T07:33:57Z,Azure Kubernetes Service,westeurope,8,1,1,0.010456,0.16,0.03829175,USD,False
2026-06-23,2026-06-23T07:33:57Z,Azure Kubernetes Service,westus2,8,1,1,0.007312,0.16,0.0327915,USD,False
2026-06-23,2026-06-23T07:33:57Z,Functions,australiaeast,9,2,3,0.0,0.182,0.02167433,USD,False
2026-06-23,2026-06-23T07:33:57Z,Functions,brazilsouth,9,2,3,0.0,0.183,0.02179656,USD,False
2026-06-23,2026-06-23T07:33:57Z,Functions,eastus,9,2,3,0.0,0.173,0.02059489,USD,False
2026-06-23,2026-06-23T07:33:57Z,Functions,eastus2,9,2,3,0.0,0.16,0.01905044,USD,False
2026-06-23,2026-06-23T07:33:57Z,Functions,japaneast,9,2,3,0.0,0.196,0.02333933,USD,False
2026-06-23,2026-06-23T07:33:57Z,Functions,northeurope,9,2,3,0.0,0.167,0.01988378,USD,False
2026-06-23,2026-06-23T07:33:57Z,Functions,southeastasia,9,2,3,0.0,0.178,0.02119656,USD,False
2026-06-23,2026-06-23T07:33:57Z,Functions,swedencentral,9,2,3,0.0,0.169,0.02012822,USD,False
2026-06-23,2026-06-23T07:33:57Z,Functions,westeurope,9,2,3,0.0,0.169,0.02012822,USD,False
2026-06-23,2026-06-23T07:33:57Z,Functions,westus2,9,2,3,0.0,0.16,0.01905044,USD,False
2026-06-23,2026-06-23T07:33:57Z,Load Balancer,australiaeast,0,0,0,,,,USD,False
2026-06-23,2026-06-23T07:33:57Z,Load Balancer,brazilsouth,0,0,0,,,,USD,False
2026-06-23,2026-06-23T07:33:57Z,Load Balancer,eastus,0,0,0,,,,USD,False
2026-06-23,2026-06-23T07:33:57Z,Load Balancer,eastus2,0,0,0,,,,USD,False
2026-06-23,2026-06-23T07:33:57Z,Load Balancer,japaneast,0,0,0,,,,USD,False
2026-06-23,2026-06-23T07:33:57Z,Load Balancer,northeurope,0,0,0,,,,USD,False
2026-06-23,2026-06-23T07:33:57Z,Load Balancer,southeastasia,0,0,0,,,,USD,False
2026-06-23,2026-06-23T07:33:57Z,Load Balancer,swedencentral,0,0,0,,,,USD,False
2026-06-23,2026-06-23T07:33:57Z,Load Balancer,westeurope,0,0,0,,,,USD,False
2026-06-23,2026-06-23T07:33:57Z,Load Balancer,westus2,0,0,0,,,,USD,False
2026-06-23,2026-06-23T07:33:57Z,SQL Database,australiaeast,154,37,77,0.0,571.408,22.78711522,USD,False
2026-06-23,2026-06-23T07:33:57Z,SQL Database,brazilsouth,109,35,71,0.0,627.26,31.3701431,USD,False
2026-06-23,2026-06-23T07:33:57Z,SQL Database,eastus,113,30,37,0.0,24.36,2.87434587,USD,False
2026-06-23,2026-06-23T07:33:57Z,SQL Database,eastus2,108,29,36,0.0,24.36,2.98343595,USD,False
2026-06-23,2026-06-23T07:33:57Z,SQL Database,japaneast,150,37,75,0.0,584.208,23.84588713,USD,False
2026-06-23,2026-06-23T07:33:57Z,SQL Database,northeurope,113,30,37,0.0,29.22,3.43563935,USD,False
2026-06-23,2026-06-23T07:33:57Z,SQL Database,southeastasia,111,29,37,0.0,31.66,3.77798125,USD,False
2026-06-23,2026-06-23T07:33:57Z,SQL Database,swedencentral,106,30,74,0.0,516.128,26.50978892,USD,False
2026-06-23,2026-06-23T07:33:57Z,SQL Database,westeurope,113,30,37,0.0,31.66,3.72220855,USD,False
2026-06-23,2026-06-23T07:33:57Z,SQL Database,westus2,111,29,37,0.0,24.36,2.91339714,USD,False
2026-06-23,2026-06-23T07:33:57Z,Storage,australiaeast,200,23,68,0.0,3342.34,23.89177272,USD,True
2026-06-23,2026-06-23T07:33:57Z,Storage,brazilsouth,200,27,62,0.0,4669.71,74.65290366,USD,True
2026-06-23,2026-06-23T07:33:57Z,Storage,eastus,200,28,70,0.0,3686.4,51.35685995,USD,False
2026-06-23,2026-06-23T07:33:57Z,Storage,eastus2,200,25,72,0.0,3686.4,24.146832,USD,False
2026-06-23,2026-06-23T07:33:57Z,Storage,japaneast,200,26,71,0.0,3109.035,41.43337182,USD,False
2026-06-23,2026-06-23T07:33:57Z,Storage,northeurope,200,26,69,0.0,3604.11,53.98662846,USD,False
2026-06-23,2026-06-23T07:33:57Z,Storage,southeastasia,200,28,79,0.0,3686.4,33.44615276,USD,False
2026-06-23,2026-06-23T07:33:57Z,Storage,swedencentral,200,26,76,0.0,3686.4,31.87963216,USD,True
2026-06-23,2026-06-23T07:33:57Z,Storage,westeurope,200,25,73,0.0,1982.17,32.12951834,USD,False
2026-06-23,2026-06-23T07:33:57Z,Storage,westus2,200,26,73,0.0,3686.4,34.08984903,USD,False
2026-06-23,2026-06-23T07:33:57Z,Virtual Machines,australiaeast,200,135,193,0.014026,41.918,2.83716256,USD,True
2026-06-23,2026-06-23T07:33:57Z,Virtual Machines,brazilsouth,200,139,196,0.00303,133.07446,4.94827496,USD,True
2026-06-23,2026-06-23T07:33:57Z,Virtual Machines,eastus,200,142,198,0.0,117.7788,3.82165823,USD,True
2026-06-23,2026-06-23T07:33:57Z,Virtual Machines,eastus2,200,147,200,0.00846,116.052,4.11662961,USD,True
2026-06-23,2026-06-23T07:33:57Z,Virtual Machines,japaneast,200,129,198,0.00864,179.244241,4.59073903,USD,True
2026-06-23,2026-06-23T07:33:57Z,Virtual Machines,northeurope,200,149,200,0.00204,71.50672,2.78711167,USD,True
2026-06-23,2026-06-23T07:33:57Z,Virtual Machines,southeastasia,200,141,198,0.021067,213.0211,6.18305004,USD,True
2026-06-23,2026-06-23T07:33:57Z,Virtual Machines,swedencentral,200,127,198,0.011,196.6272,4.39897042,USD,True
2026-06-23,2026-06-23T07:33:57Z,Virtual Machines,westeurope,200,135,199,0.00216,147.07536,6.45790144,USD,True
2026-06-23,2026-06-23T07:33:57Z,Virtual Machines,westus2,200,151,196,0.004,451.616,7.56839495,USD,True
2026-06-24,2026-06-24T18:55:53Z,Application Gateway,australiaeast,22,8,5,0.008,0.522,0.15022182,USD,False
2026-06-24,2026-06-24T18:55:53Z,Application Gateway,brazilsouth,18,7,5,0.008,0.72,0.20858,USD,False
2026-06-24,2026-06-24T18:55:53Z,Application Gateway,eastus,22,8,5,0.008,0.448,0.12017727,USD,False
2026-06-24,2026-06-24T18:55:53Z,Application Gateway,eastus2,22,8,5,0.008,0.448,0.12017727,USD,False
2026-06-24,2026-06-24T18:55:53Z,Application Gateway,japaneast,14,6,5,0.008,0.522,0.18805857,USD,False
2026-06-24,2026-06-24T18:55:53Z,Application Gateway,northeurope,22,8,5,0.008,0.50176,0.13672182,USD,False
2026-06-24,2026-06-24T18:55:53Z,Application Gateway,southeastasia,22,8,5,0.008,0.50176,0.14207636,USD,False
2026-06-24,2026-06-24T18:55:53Z,Application Gateway,swedencentral,17,7,5,0.0076,0.50176,0.14827176,USD,False
2026-06-24,2026-06-24T18:55:53Z,Application Gateway,westeurope,22,8,5,0.008,0.50176,0.14206727,USD,False
2026-06-24,2026-06-24T18:55:53Z,Application Gateway,westus2,18,7,5,0.008,0.448,0.13827222,USD,False
2026-06-24,2026-06-24T18:55:53Z,Azure App Service,australiaeast,124,20,67,0.016,80.0,3.33422719,USD,False
2026-06-24,2026-06-24T18:55:53Z,Azure App Service,brazilsouth,102,18,56,0.0158,80.0,2.96177998,USD,False
2026-06-24,2026-06-24T18:55:53Z,Azure App Service,eastus,113,16,62,0.017,80.0,3.05313451,USD,False
2026-06-24,2026-06-24T18:55:53Z,Azure App Service,eastus2,117,17,63,0.0,80.0,3.02458982,USD,False
2026-06-24,2026-06-24T18:55:53Z,Azure App Service,japaneast,128,21,68,0.0,80.0,3.31481827,USD,False
2026-06-24,2026-06-24T18:55:53Z,Azure App Service,northeurope,113,16,62,0.018,80.0,3.45700196,USD,False
2026-06-24,2026-06-24T18:55:53Z,Azure App Service,southeastasia,113,16,62,0.018,80.0,3.50719758,USD,False
2026-06-24,2026-06-24T18:55:53Z,Azure App Service,swedencentral,111,17,60,0.0,80.0,3.06190559,USD,False
2026-06-24,2026-06-24T18:55:53Z,Azure App Service,westeurope,117,17,63,0.0,80.0,3.48324291,USD,False
2026-06-24,2026-06-24T18:55:53Z,Azure App Service,westus2,117,17,63,0.0,80.0,3.01730191,USD,False
2026-06-24,2026-06-24T18:55:53Z,Azure Cosmos DB,australiaeast,106,14,81,0.0,32.553,2.54770911,USD,False
2026-06-24,2026-06-24T18:55:53Z,Azure Cosmos DB,brazilsouth,103,14,78,0.0,44.9,3.58415748,USD,False
2026-06-24,2026-06-24T18:55:53Z,Azure Cosmos DB,eastus,99,14,76,0.0,22.45,2.07406196,USD,False
2026-06-24,2026-06-24T18:55:53Z,Azure Cosmos DB,eastus2,99,14,76,0.0,22.45,2.07625388,USD,False
2026-06-24,2026-06-24T18:55:53Z,Azure Cosmos DB,japaneast,106,14,81,0.0,32.553,2.5569471,USD,False
2026-06-24,2026-06-24T18:55:53Z,Azure Cosmos DB,northeurope,106,14,81,0.0,26.94,2.21805191,USD,False
2026-06-24,2026-06-24T18:55:53Z,Azure Cosmos DB,southeastasia,106,14,81,0.0,29.185,2.30645925,USD,False
2026-06-24,2026-06-24T18:55:53Z,Azure Cosmos DB,swedencentral,97,14,73,0.0,29.185,2.587158,USD,False
2026-06-24,2026-06-24T18:55:53Z,Azure Cosmos DB,westeurope,106,14,81,0.0,29.185,2.39201482,USD,False
2026-06-24,2026-06-24T18:55:53Z,Azure Cosmos DB,westus2,99,14,76,0.0,22.45,2.04923503,USD,False
2026-06-24,2026-06-24T18:55:53Z,Azure Database for PostgreSQL,australiaeast,107,41,48,0.0,76.343,4.33323421,USD,False
2026-06-24,2026-06-24T18:55:53Z,Azure Database for PostgreSQL,brazilsouth,111,43,48,0.0,133.345,6.79866926,USD,False
2026-06-24,2026-06-24T18:55:53Z,Azure Database for PostgreSQL,eastus,110,43,48,0.0,63.619,3.43568106,USD,False
2026-06-24,2026-06-24T18:55:53Z,Azure Database for PostgreSQL,eastus2,111,44,48,0.0,63.619,3.40815691,USD,False
2026-06-24,2026-06-24T18:55:53Z,Azure Database for PostgreSQL,japaneast,110,43,48,0.0,76.343,4.21765002,USD,False
2026-06-24,2026-06-24T18:55:53Z,Azure Database for PostgreSQL,northeurope,112,45,48,0.0,71.253,3.76968572,USD,False
2026-06-24,2026-06-24T18:55:53Z,Azure Database for PostgreSQL,southeastasia,110,43,48,0.0,76.343,4.21477941,USD,False
2026-06-24,2026-06-24T18:55:53Z,Azure Database for PostgreSQL,swedencentral,104,41,47,0.0,65.4,3.73360233,USD,False
2026-06-24,2026-06-24T18:55:53Z,Azure Database for PostgreSQL,westeurope,114,47,48,0.0,77.615,4.02451162,USD,False
2026-06-24,2026-06-24T18:55:53Z,Azure Database for PostgreSQL,westus2,107,41,48,0.0,63.619,3.53051698,USD,False
2026-06-24,2026-06-24T18:55:53Z,Azure Kubernetes Service,australiaeast,8,1,1,0.010602,0.16,0.0385475,USD,False
2026-06-24,2026-06-24T18:55:53Z,Azure Kubernetes Service,brazilsouth,8,1,1,0.014624,0.16,0.045583,USD,False
2026-06-24,2026-06-24T18:55:53Z,Azure Kubernetes Service,eastus,9,2,2,0.007312,0.6,0.09581467,USD,False
2026-06-24,2026-06-24T18:55:53Z,Azure Kubernetes Service,eastus2,8,1,1,0.007312,0.16,0.0327915,USD,False
2026-06-24,2026-06-24T18:55:53Z,Azure Kubernetes Service,japaneast,8,1,1,0.010602,0.16,0.0385475,USD,False
2026-06-24,2026-06-24T18:55:53Z,Azure Kubernetes Service,northeurope,8,1,1,0.008774,0.16,0.0353495,USD,False
2026-06-24,2026-06-24T18:55:53Z,Azure Kubernetes Service,southeastasia,8,1,1,0.009506,0.16,0.036629,USD,False
2026-06-24,2026-06-24T18:55:53Z,Azure Kubernetes Service,swedencentral,8,1,1,0.009506,0.16,0.036629,USD,False
2026-06-24,2026-06-24T18:55:53Z,Azure Kubernetes Service,westeurope,8,1,1,0.010456,0.16,0.03829175,USD,False
2026-06-24,2026-06-24T18:55:53Z,Azure Kubernetes Service,westus2,8,1,1,0.007312,0.16,0.0327915,USD,False
2026-06-24,2026-06-24T18:55:53Z,Functions,australiaeast,9,2,3,0.0,0.182,0.02167433,USD,False
2026-06-24,2026-06-24T18:55:53Z,Functions,brazilsouth,9,2,3,0.0,0.183,0.02179656,USD,False
2026-06-24,2026-06-24T18:55:53Z,Functions,eastus,9,2,3,0.0,0.173,0.02059489,USD,False
2026-06-24,2026-06-24T18:55:53Z,Functions,eastus2,9,2,3,0.0,0.16,0.01905044,USD,False
2026-06-24,2026-06-24T18:55:53Z,Functions,japaneast,9,2,3,0.0,0.196,0.02333933,USD,False
2026-06-24,2026-06-24T18:55:53Z,Functions,northeurope,9,2,3,0.0,0.167,0.01988378,USD,False
2026-06-24,2026-06-24T18:55:53Z,Functions,southeastasia,9,2,3,0.0,0.178,0.02119656,USD,False
2026-06-24,2026-06-24T18:55:53Z,Functions,swedencentral,9,2,3,0.0,0.169,0.02012822,USD,False
2026-06-24,2026-06-24T18:55:53Z,Functions,westeurope,9,2,3,0.0,0.169,0.02012822,USD,False
2026-06-24,2026-06-24T18:55:53Z,Functions,westus2,9,2,3,0.0,0.16,0.01905044,USD,False
2026-06-24,2026-06-24T18:55:53Z,Load Balancer,australiaeast,0,0,0,,,,USD,False
2026-06-24,2026-06-24T18:55:53Z,Load Balancer,brazilsouth,0,0,0,,,,USD,False
2026-06-24,2026-06-24T18:55:53Z,Load Balancer,eastus,0,0,0,,,,USD,False
2026-06-24,2026-06-24T18:55:53Z,Load Balancer,eastus2,0,0,0,,,,USD,False
2026-06-24,2026-06-24T18:55:53Z,Load Balancer,japaneast,0,0,0,,,,USD,False
2026-06-24,2026-06-24T18:55:53Z,Load Balancer,northeurope,0,0,0,,,,USD,False
2026-06-24,2026-06-24T18:55:53Z,Load Balancer,southeastasia,0,0,0,,,,USD,False
2026-06-24,2026-06-24T18:55:53Z,Load Balancer,swedencentral,0,0,0,,,,USD,False
2026-06-24,2026-06-24T18:55:53Z,Load Balancer,westeurope,0,0,0,,,,USD,False
2026-06-24,2026-06-24T18:55:53Z,Load Balancer,westus2,0,0,0,,,,USD,False
2026-06-24,2026-06-24T18:55:53Z,SQL Database,australiaeast,154,37,77,0.0,571.408,22.78711522,USD,False
2026-06-24,2026-06-24T18:55:53Z,SQL Database,brazilsouth,109,35,71,0.0,627.26,31.3701431,USD,False
2026-06-24,2026-06-24T18:55:53Z,SQL Database,eastus,113,30,37,0.0,24.36,2.87434587,USD,False
2026-06-24,2026-06-24T18:55:53Z,SQL Database,eastus2,108,29,36,0.0,24.36,2.98343595,USD,False
2026-06-24,2026-06-24T18:55:53Z,SQL Database,japaneast,150,37,75,0.0,584.208,23.84588713,USD,False
2026-06-24,2026-06-24T18:55:53Z,SQL Database,northeurope,113,30,37,0.0,29.22,3.43563935,USD,False
2026-06-24,2026-06-24T18:55:53Z,SQL Database,southeastasia,111,29,37,0.0,31.66,3.77798125,USD,False
2026-06-24,2026-06-24T18:55:53Z,SQL Database,swedencentral,106,30,74,0.0,516.128,26.50978892,USD,False
2026-06-24,2026-06-24T18:55:53Z,SQL Database,westeurope,113,30,37,0.0,31.66,3.72220855,USD,False
2026-06-24,2026-06-24T18:55:53Z,SQL Database,westus2,111,29,37,0.0,24.36,2.91339714,USD,False
2026-06-24,2026-06-24T18:55:53Z,Storage,australiaeast,200,23,68,0.0,3342.34,23.89177272,USD,True
2026-06-24,2026-06-24T18:55:53Z,Storage,brazilsouth,200,27,62,0.0,4669.71,74.65290366,USD,True
2026-06-24,2026-06-24T18:55:53Z,Storage,eastus,200,28,70,0.0,3686.4,51.35685995,USD,False
2026-06-24,2026-06-24T18:55:53Z,Storage,eastus2,200,25,72,0.0,3686.4,24.146832,USD,False
2026-06-24,2026-06-24T18:55:53Z,Storage,japaneast,200,26,71,0.0,3109.035,41.43337182,USD,False
2026-06-24,2026-06-24T18:55:53Z,Storage,northeurope,200,26,69,0.0,3604.11,53.98662846,USD,False
2026-06-24,2026-06-24T18:55:53Z,Storage,southeastasia,200,28,79,0.0,3686.4,33.44615276,USD,False
2026-06-24,2026-06-24T18:55:53Z,Storage,swedencentral,200,26,76,0.0,3686.4,31.87963216,USD,True
2026-06-24,2026-06-24T18:55:53Z,Storage,westeurope,200,25,73,0.0,1982.17,32.12951834,USD,False
2026-06-24,2026-06-24T18:55:53Z,Storage,westus2,200,26,73,0.0,3686.4,34.08984903,USD,False
2026-06-24,2026-06-24T18:55:53Z,Virtual Machines,australiaeast,200,135,193,0.014026,41.918,2.83716256,USD,True
2026-06-24,2026-06-24T18:55:53Z,Virtual Machines,brazilsouth,200,139,196,0.00303,133.07446,4.94827496,USD,True
2026-06-24,2026-06-24T18:55:53Z,Virtual Machines,eastus,200,142,198,0.0,117.7788,3.82165823,USD,True
2026-06-24,2026-06-24T18:55:53Z,Virtual Machines,eastus2,200,147,200,0.00846,116.052,4.11662961,USD,True
2026-06-24,2026-06-24T18:55:53Z,Virtual Machines,japaneast,200,129,198,0.00864,179.244241,4.59073903,USD,True
2026-06-24,2026-06-24T18:55:53Z,Virtual Machines,northeurope,200,149,200,0.00204,71.50672,2.78711167,USD,True
2026-06-24,2026-06-24T18:55:53Z,Virtual Machines,southeastasia,200,141,198,0.021067,213.0211,6.18305004,USD,True
2026-06-24,2026-06-24T18:55:53Z,Virtual Machines,swedencentral,200,127,198,0.011,196.6272,4.39897042,USD,True
2026-06-24,2026-06-24T18:55:53Z,Virtual Machines,westeurope,200,135,199,0.00216,147.07536,6.45790144,USD,True
2026-06-24,2026-06-24T18:55:53Z,Virtual Machines,westus2,200,151,196,0.004,451.616,7.56839495,USD,True
2026-06-25,2026-06-25T18:59:51Z,Application Gateway,australiaeast,22,8,5,0.008,0.522,0.15022182,USD,False
2026-06-25,2026-06-25T18:59:51Z,Application Gateway,brazilsouth,18,7,5,0.008,0.72,0.20858,USD,False
2026-06-25,2026-06-25T18:59:51Z,Application Gateway,eastus,22,8,5,0.008,0.448,0.12017727,USD,False
2026-06-25,2026-06-25T18:59:51Z,Application Gateway,eastus2,22,8,5,0.008,0.448,0.12017727,USD,False
2026-06-25,2026-06-25T18:59:51Z,Application Gateway,japaneast,14,6,5,0.008,0.522,0.18805857,USD,False
2026-06-25,2026-06-25T18:59:51Z,Application Gateway,northeurope,22,8,5,0.008,0.50176,0.13672182,USD,False
2026-06-25,2026-06-25T18:59:51Z,Application Gateway,southeastasia,22,8,5,0.008,0.50176,0.14207636,USD,False
2026-06-25,2026-06-25T18:59:51Z,Application Gateway,swedencentral,17,7,5,0.0076,0.50176,0.14827176,USD,False
2026-06-25,2026-06-25T18:59:51Z,Application Gateway,westeurope,22,8,5,0.008,0.50176,0.14206727,USD,False
2026-06-25,2026-06-25T18:59:51Z,Application Gateway,westus2,18,7,5,0.008,0.448,0.13827222,USD,False
2026-06-25,2026-06-25T18:59:51Z,Azure App Service,australiaeast,124,20,67,0.016,80.0,3.33422719,USD,False
2026-06-25,2026-06-25T18:59:51Z,Azure App Service,brazilsouth,102,18,56,0.0158,80.0,2.96177998,USD,False
2026-06-25,2026-06-25T18:59:51Z,Azure App Service,eastus,113,16,62,0.017,80.0,3.05313451,USD,False
2026-06-25,2026-06-25T18:59:51Z,Azure App Service,eastus2,117,17,63,0.0,80.0,3.02458982,USD,False
2026-06-25,2026-06-25T18:59:51Z,Azure App Service,japaneast,128,21,68,0.0,80.0,3.31481827,USD,False
2026-06-25,2026-06-25T18:59:51Z,Azure App Service,northeurope,113,16,62,0.018,80.0,3.45700196,USD,False
2026-06-25,2026-06-25T18:59:51Z,Azure App Service,southeastasia,113,16,62,0.018,80.0,3.50719758,USD,False
2026-06-25,2026-06-25T18:59:51Z,Azure App Service,swedencentral,111,17,60,0.0,80.0,3.06190559,USD,False
2026-06-25,2026-06-25T18:59:51Z,Azure App Service,westeurope,117,17,63,0.0,80.0,3.48324291,USD,False
2026-06-25,2026-06-25T18:59:51Z,Azure App Service,westus2,117,17,63,0.0,80.0,3.01730191,USD,False
2026-06-25,2026-06-25T18:59:51Z,Azure Cosmos DB,australiaeast,106,14,81,0.0,32.553,2.54770911,USD,False
2026-06-25,2026-06-25T18:59:51Z,Azure Cosmos DB,brazilsouth,103,14,78,0.0,44.9,3.58415748,USD,False
2026-06-25,2026-06-25T18:59:51Z,Azure Cosmos DB,eastus,99,14,76,0.0,22.45,2.07406196,USD,False
2026-06-25,2026-06-25T18:59:51Z,Azure Cosmos DB,eastus2,99,14,76,0.0,22.45,2.07625388,USD,False
2026-06-25,2026-06-25T18:59:51Z,Azure Cosmos DB,japaneast,106,14,81,0.0,32.553,2.5569471,USD,False
2026-06-25,2026-06-25T18:59:51Z,Azure Cosmos DB,northeurope,106,14,81,0.0,26.94,2.21805191,USD,False
2026-06-25,2026-06-25T18:59:51Z,Azure Cosmos DB,southeastasia,106,14,81,0.0,29.185,2.30645925,USD,False
2026-06-25,2026-06-25T18:59:51Z,Azure Cosmos DB,swedencentral,97,14,73,0.0,29.185,2.587158,USD,False
2026-06-25,2026-06-25T18:59:51Z,Azure Cosmos DB,westeurope,106,14,81,0.0,29.185,2.39201482,USD,False
2026-06-25,2026-06-25T18:59:51Z,Azure Cosmos DB,westus2,99,14,76,0.0,22.45,2.04923503,USD,False
2026-06-25,2026-06-25T18:59:51Z,Azure Database for PostgreSQL,australiaeast,107,41,48,0.0,76.343,4.33323421,USD,False
2026-06-25,2026-06-25T18:59:51Z,Azure Database for PostgreSQL,brazilsouth,111,43,48,0.0,133.345,6.79866926,USD,False
2026-06-25,2026-06-25T18:59:51Z,Azure Database for PostgreSQL,eastus,110,43,48,0.0,63.619,3.43568106,USD,False
2026-06-25,2026-06-25T18:59:51Z,Azure Database for PostgreSQL,eastus2,111,44,48,0.0,63.619,3.40815691,USD,False
2026-06-25,2026-06-25T18:59:51Z,Azure Database for PostgreSQL,japaneast,110,43,48,0.0,76.343,4.21765002,USD,False
2026-06-25,2026-06-25T18:59:51Z,Azure Database for PostgreSQL,northeurope,112,45,48,0.0,71.253,3.76968572,USD,False
2026-06-25,2026-06-25T18:59:51Z,Azure Database for PostgreSQL,southeastasia,110,43,48,0.0,76.343,4.21477941,USD,False
2026-06-25,2026-06-25T18:59:51Z,Azure Database for PostgreSQL,swedencentral,104,41,47,0.0,65.4,3.73360233,USD,False
2026-06-25,2026-06-25T18:59:51Z,Azure Database for PostgreSQL,westeurope,114,47,48,0.0,77.615,4.02451162,USD,False
2026-06-25,2026-06-25T18:59:51Z,Azure Database for PostgreSQL,westus2,107,41,48,0.0,63.619,3.53051698,USD,False
2026-06-25,2026-06-25T18:59:51Z,Azure Kubernetes Service,australiaeast,8,1,1,0.010602,0.16,0.0385475,USD,False
2026-06-25,2026-06-25T18:59:51Z,Azure Kubernetes Service,brazilsouth,8,1,1,0.014624,0.16,0.045583,USD,False
2026-06-25,2026-06-25T18:59:51Z,Azure Kubernetes Service,eastus,9,2,2,0.007312,0.6,0.09581467,USD,False
2026-06-25,2026-06-25T18:59:51Z,Azure Kubernetes Service,eastus2,8,1,1,0.007312,0.16,0.0327915,USD,False
2026-06-25,2026-06-25T18:59:51Z,Azure Kubernetes Service,japaneast,8,1,1,0.010602,0.16,0.0385475,USD,False
2026-06-25,2026-06-25T18:59:51Z,Azure Kubernetes Service,northeurope,8,1,1,0.008774,0.16,0.0353495,USD,False
2026-06-25,2026-06-25T18:59:51Z,Azure Kubernetes Service,southeastasia,8,1,1,0.009506,0.16,0.036629,USD,False
2026-06-25,2026-06-25T18:59:51Z,Azure Kubernetes Service,swedencentral,8,1,1,0.009506,0.16,0.036629,USD,False
2026-06-25,2026-06-25T18:59:51Z,Azure Kubernetes Service,westeurope,8,1,1,0.010456,0.16,0.03829175,USD,False
2026-06-25,2026-06-25T18:59:51Z,Azure Kubernetes Service,westus2,8,1,1,0.007312,0.16,0.0327915,USD,False
2026-06-25,2026-06-25T18:59:51Z,Functions,australiaeast,9,2,3,0.0,0.182,0.02167433,USD,False
2026-06-25,2026-06-25T18:59:51Z,Functions,brazilsouth,9,2,3,0.0,0.183,0.02179656,USD,False
2026-06-25,2026-06-25T18:59:51Z,Functions,eastus,9,2,3,0.0,0.173,0.02059489,USD,False
2026-06-25,2026-06-25T18:59:51Z,Functions,eastus2,9,2,3,0.0,0.16,0.01905044,USD,False
2026-06-25,2026-06-25T18:59:51Z,Functions,japaneast,9,2,3,0.0,0.196,0.02333933,USD,False
2026-06-25,2026-06-25T18:59:51Z,Functions,northeurope,9,2,3,0.0,0.167,0.01988378,USD,False
2026-06-25,2026-06-25T18:59:51Z,Functions,southeastasia,9,2,3,0.0,0.178,0.02119656,USD,False
2026-06-25,2026-06-25T18:59:51Z,Functions,swedencentral,9,2,3,0.0,0.169,0.02012822,USD,False
2026-06-25,2026-06-25T18:59:51Z,Functions,westeurope,9,2,3,0.0,0.169,0.02012822,USD,False
2026-06-25,2026-06-25T18:59:51Z,Functions,westus2,9,2,3,0.0,0.16,0.01905044,USD,False
2026-06-25,2026-06-25T18:59:51Z,Load Balancer,australiaeast,0,0,0,,,,USD,False
2026-06-25,2026-06-25T18:59:51Z,Load Balancer,brazilsouth,0,0,0,,,,USD,False
2026-06-25,2026-06-25T18:59:51Z,Load Balancer,eastus,0,0,0,,,,USD,False
2026-06-25,2026-06-25T18:59:51Z,Load Balancer,eastus2,0,0,0,,,,USD,False
2026-06-25,2026-06-25T18:59:51Z,Load Balancer,japaneast,0,0,0,,,,USD,False
2026-06-25,2026-06-25T18:59:51Z,Load Balancer,northeurope,0,0,0,,,,USD,False
2026-06-25,2026-06-25T18:59:51Z,Load Balancer,southeastasia,0,0,0,,,,USD,False
2026-06-25,2026-06-25T18:59:51Z,Load Balancer,swedencentral,0,0,0,,,,USD,False
2026-06-25,2026-06-25T18:59:51Z,Load Balancer,westeurope,0,0,0,,,,USD,False
2026-06-25,2026-06-25T18:59:51Z,Load Balancer,westus2,0,0,0,,,,USD,False
2026-06-25,2026-06-25T18:59:51Z,SQL Database,australiaeast,154,37,77,0.0,571.408,22.78711522,USD,False
2026-06-25,2026-06-25T18:59:51Z,SQL Database,brazilsouth,109,35,71,0.0,627.26,31.3701431,USD,False
2026-06-25,2026-06-25T18:59:51Z,SQL Database,eastus,113,30,37,0.0,24.36,2.87434587,USD,False
2026-06-25,2026-06-25T18:59:51Z,SQL Database,eastus2,108,29,36,0.0,24.36,2.98343595,USD,False
2026-06-25,2026-06-25T18:59:51Z,SQL Database,japaneast,150,37,75,0.0,584.208,23.84588713,USD,False
2026-06-25,2026-06-25T18:59:51Z,SQL Database,northeurope,113,30,37,0.0,29.22,3.43563935,USD,False
2026-06-25,2026-06-25T18:59:51Z,SQL Database,southeastasia,111,29,37,0.0,31.66,3.77798125,USD,False
2026-06-25,2026-06-25T18:59:51Z,SQL Database,swedencentral,106,30,74,0.0,516.128,26.50978892,USD,False
2026-06-25,2026-06-25T18:59:51Z,SQL Database,westeurope,113,30,37,0.0,31.66,3.72220855,USD,False
2026-06-25,2026-06-25T18:59:51Z,SQL Database,westus2,111,29,37,0.0,24.36,2.91339714,USD,False
2026-06-25,2026-06-25T18:59:51Z,Storage,australiaeast,200,23,68,0.0,3342.34,23.89177272,USD,True
2026-06-25,2026-06-25T18:59:51Z,Storage,brazilsouth,200,27,62,0.0,4669.71,74.65290366,USD,True
2026-06-25,2026-06-25T18:59:51Z,Storage,eastus,200,28,70,0.0,3686.4,51.35685995,USD,False
2026-06-25,2026-06-25T18:59:51Z,Storage,eastus2,200,25,72,0.0,3686.4,24.146832,USD,False
2026-06-25,2026-06-25T18:59:51Z,Storage,japaneast,200,26,71,0.0,3109.035,41.43337182,USD,False
2026-06-25,2026-06-25T18:59:51Z,Storage,northeurope,200,26,69,0.0,3604.11,53.98662846,USD,False
2026-06-25,2026-06-25T18:59:51Z,Storage,southeastasia,200,28,79,0.0,3686.4,33.44615276,USD,False
2026-06-25,2026-06-25T18:59:51Z,Storage,swedencentral,200,26,76,0.0,3686.4,31.87963216,USD,True
2026-06-25,2026-06-25T18:59:51Z,Storage,westeurope,200,25,73,0.0,1982.17,32.12951834,USD,False
2026-06-25,2026-06-25T18:59:51Z,Storage,westus2,200,26,73,0.0,3686.4,34.08984903,USD,False
2026-06-25,2026-06-25T18:59:51Z,Virtual Machines,australiaeast,200,135,193,0.014026,41.918,2.83716256,USD,True
2026-06-25,2026-06-25T18:59:51Z,Virtual Machines,brazilsouth,200,139,196,0.00303,133.07446,4.94827496,USD,True
2026-06-25,2026-06-25T18:59:51Z,Virtual Machines,eastus,200,142,198,0.0,117.7788,3.82165823,USD,True
2026-06-25,2026-06-25T18:59:51Z,Virtual Machines,eastus2,200,147,200,0.00846,116.052,4.11662961,USD,True
2026-06-25,2026-06-25T18:59:51Z,Virtual Machines,japaneast,200,129,198,0.00864,179.244241,4.59073903,USD,True
2026-06-25,2026-06-25T18:59:51Z,Virtual Machines,northeurope,200,149,200,0.00204,71.50672,2.78711167,USD,True
2026-06-25,2026-06-25T18:59:51Z,Virtual Machines,southeastasia,200,141,198,0.021067,213.0211,6.18305004,USD,True
2026-06-25,2026-06-25T18:59:51Z,Virtual Machines,swedencentral,200,127,198,0.011,196.6272,4.39897042,USD,True
2026-06-25,2026-06-25T18:59:51Z,Virtual Machines,westeurope,200,135,199,0.00216,147.07536,6.45790144,USD,True
2026-06-25,2026-06-25T18:59:51Z,Virtual Machines,westus2,200,151,196,0.004,451.616,7.56839495,USD,True
2026-06-26,2026-06-26T18:56:23Z,Application Gateway,australiaeast,22,8,5,0.008,0.522,0.15022182,USD,False
2026-06-26,2026-06-26T18:56:23Z,Application Gateway,brazilsouth,18,7,5,0.008,0.72,0.20858,USD,False
2026-06-26,2026-06-26T18:56:23Z,Application Gateway,eastus,22,8,5,0.008,0.448,0.12017727,USD,False
2026-06-26,2026-06-26T18:56:23Z,Application Gateway,eastus2,22,8,5,0.008,0.448,0.12017727,USD,False
2026-06-26,2026-06-26T18:56:23Z,Application Gateway,japaneast,14,6,5,0.008,0.522,0.18805857,USD,False
2026-06-26,2026-06-26T18:56:23Z,Application Gateway,northeurope,22,8,5,0.008,0.50176,0.13672182,USD,False
2026-06-26,2026-06-26T18:56:23Z,Application Gateway,southeastasia,22,8,5,0.008,0.50176,0.14207636,USD,False
2026-06-26,2026-06-26T18:56:23Z,Application Gateway,swedencentral,17,7,5,0.0076,0.50176,0.14827176,USD,False
2026-06-26,2026-06-26T18:56:23Z,Application Gateway,westeurope,22,8,5,0.008,0.50176,0.14206727,USD,False
2026-06-26,2026-06-26T18:56:23Z,Application Gateway,westus2,18,7,5,0.008,0.448,0.13827222,USD,False
2026-06-26,2026-06-26T18:56:23Z,Azure App Service,australiaeast,124,20,67,0.016,80.0,3.33422719,USD,False
2026-06-26,2026-06-26T18:56:23Z,Azure App Service,brazilsouth,102,18,56,0.0158,80.0,2.96177998,USD,False
2026-06-26,2026-06-26T18:56:23Z,Azure App Service,eastus,113,16,62,0.017,80.0,3.05313451,USD,False
2026-06-26,2026-06-26T18:56:23Z,Azure App Service,eastus2,117,17,63,0.0,80.0,3.02458982,USD,False
2026-06-26,2026-06-26T18:56:23Z,Azure App Service,japaneast,128,21,68,0.0,80.0,3.31481827,USD,False
2026-06-26,2026-06-26T18:56:23Z,Azure App Service,northeurope,113,16,62,0.018,80.0,3.45700196,USD,False
2026-06-26,2026-06-26T18:56:23Z,Azure App Service,southeastasia,113,16,62,0.018,80.0,3.50719758,USD,False
2026-06-26,2026-06-26T18:56:23Z,Azure App Service,swedencentral,111,17,60,0.0,80.0,3.06190559,USD,False
2026-06-26,2026-06-26T18:56:23Z,Azure App Service,westeurope,117,17,63,0.0,80.0,3.48324291,USD,False
2026-06-26,2026-06-26T18:56:23Z,Azure App Service,westus2,117,17,63,0.0,80.0,3.01730191,USD,False
2026-06-26,2026-06-26T18:56:23Z,Azure Cosmos DB,australiaeast,106,14,81,0.0,32.553,2.54770911,USD,False
2026-06-26,2026-06-26T18:56:23Z,Azure Cosmos DB,brazilsouth,103,14,78,0.0,44.9,3.58415748,USD,False
2026-06-26,2026-06-26T18:56:23Z,Azure Cosmos DB,eastus,99,14,76,0.0,22.45,2.07406196,USD,False
2026-06-26,2026-06-26T18:56:23Z,Azure Cosmos DB,eastus2,99,14,76,0.0,22.45,2.07625388,USD,False
2026-06-26,2026-06-26T18:56:23Z,Azure Cosmos DB,japaneast,106,14,81,0.0,32.553,2.5569471,USD,False
2026-06-26,2026-06-26T18:56:23Z,Azure Cosmos DB,northeurope,106,14,81,0.0,26.94,2.21805191,USD,False
2026-06-26,2026-06-26T18:56:23Z,Azure Cosmos DB,southeastasia,106,14,81,0.0,29.185,2.30645925,USD,False
2026-06-26,2026-06-26T18:56:23Z,Azure Cosmos DB,swedencentral,97,14,73,0.0,29.185,2.587158,USD,False
2026-06-26,2026-06-26T18:56:23Z,Azure Cosmos DB,westeurope,106,14,81,0.0,29.185,2.39201482,USD,False
2026-06-26,2026-06-26T18:56:23Z,Azure Cosmos DB,westus2,99,14,76,0.0,22.45,2.04923503,USD,False
2026-06-26,2026-06-26T18:56:23Z,Azure Database for PostgreSQL,australiaeast,107,41,48,0.0,76.343,4.33323421,USD,False
2026-06-26,2026-06-26T18:56:23Z,Azure Database for PostgreSQL,brazilsouth,111,43,48,0.0,133.345,6.79866926,USD,False
2026-06-26,2026-06-26T18:56:23Z,Azure Database for PostgreSQL,eastus,110,43,48,0.0,63.619,3.43568106,USD,False
2026-06-26,2026-06-26T18:56:23Z,Azure Database for PostgreSQL,eastus2,111,44,48,0.0,63.619,3.40815691,USD,False
2026-06-26,2026-06-26T18:56:23Z,Azure Database for PostgreSQL,japaneast,110,43,48,0.0,76.343,4.21765002,USD,False
2026-06-26,2026-06-26T18:56:23Z,Azure Database for PostgreSQL,northeurope,112,45,48,0.0,71.253,3.76968572,USD,False
2026-06-26,2026-06-26T18:56:23Z,Azure Database for PostgreSQL,southeastasia,110,43,48,0.0,76.343,4.21477941,USD,False
2026-06-26,2026-06-26T18:56:23Z,Azure Database for PostgreSQL,swedencentral,104,41,47,0.0,65.4,3.73360233,USD,False
2026-06-26,2026-06-26T18:56:23Z,Azure Database for PostgreSQL,westeurope,114,47,48,0.0,77.615,4.02451162,USD,False
2026-06-26,2026-06-26T18:56:23Z,Azure Database for PostgreSQL,westus2,107,41,48,0.0,63.619,3.53051698,USD,False
2026-06-26,2026-06-26T18:56:23Z,Azure Kubernetes Service,australiaeast,8,1,1,0.010602,0.16,0.0385475,USD,False
2026-06-26,2026-06-26T18:56:23Z,Azure Kubernetes Service,brazilsouth,8,1,1,0.014624,0.16,0.045583,USD,False
2026-06-26,2026-06-26T18:56:23Z,Azure Kubernetes Service,eastus,9,2,2,0.007312,0.6,0.09581467,USD,False
2026-06-26,2026-06-26T18:56:23Z,Azure Kubernetes Service,eastus2,8,1,1,0.007312,0.16,0.0327915,USD,False
2026-06-26,2026-06-26T18:56:23Z,Azure Kubernetes Service,japaneast,8,1,1,0.010602,0.16,0.0385475,USD,False
2026-06-26,2026-06-26T18:56:23Z,Azure Kubernetes Service,northeurope,8,1,1,0.008774,0.16,0.0353495,USD,False
2026-06-26,2026-06-26T18:56:23Z,Azure Kubernetes Service,southeastasia,8,1,1,0.009506,0.16,0.036629,USD,False
2026-06-26,2026-06-26T18:56:23Z,Azure Kubernetes Service,swedencentral,8,1,1,0.009506,0.16,0.036629,USD,False
2026-06-26,2026-06-26T18:56:23Z,Azure Kubernetes Service,westeurope,8,1,1,0.010456,0.16,0.03829175,USD,False
2026-06-26,2026-06-26T18:56:23Z,Azure Kubernetes Service,westus2,8,1,1,0.007312,0.16,0.0327915,USD,False
2026-06-26,2026-06-26T18:56:23Z,Functions,australiaeast,9,2,3,0.0,0.182,0.02167433,USD,False
2026-06-26,2026-06-26T18:56:23Z,Functions,brazilsouth,9,2,3,0.0,0.183,0.02179656,USD,False
2026-06-26,2026-06-26T18:56:23Z,Functions,eastus,9,2,3,0.0,0.173,0.02059489,USD,False
2026-06-26,2026-06-26T18:56:23Z,Functions,eastus2,9,2,3,0.0,0.16,0.01905044,USD,False
2026-06-26,2026-06-26T18:56:23Z,Functions,japaneast,9,2,3,0.0,0.196,0.02333933,USD,False
2026-06-26,2026-06-26T18:56:23Z,Functions,northeurope,9,2,3,0.0,0.167,0.01988378,USD,False
2026-06-26,2026-06-26T18:56:23Z,Functions,southeastasia,9,2,3,0.0,0.178,0.02119656,USD,False
2026-06-26,2026-06-26T18:56:23Z,Functions,swedencentral,9,2,3,0.0,0.169,0.02012822,USD,False
2026-06-26,2026-06-26T18:56:23Z,Functions,westeurope,9,2,3,0.0,0.169,0.02012822,USD,False
2026-06-26,2026-06-26T18:56:23Z,Functions,westus2,9,2,3,0.0,0.16,0.01905044,USD,False
2026-06-26,2026-06-26T18:56:23Z,Load Balancer,australiaeast,0,0,0,,,,USD,False
2026-06-26,2026-06-26T18:56:23Z,Load Balancer,brazilsouth,0,0,0,,,,USD,False
2026-06-26,2026-06-26T18:56:23Z,Load Balancer,eastus,0,0,0,,,,USD,False
2026-06-26,2026-06-26T18:56:23Z,Load Balancer,eastus2,0,0,0,,,,USD,False
2026-06-26,2026-06-26T18:56:23Z,Load Balancer,japaneast,0,0,0,,,,USD,False
2026-06-26,2026-06-26T18:56:23Z,Load Balancer,northeurope,0,0,0,,,,USD,False
2026-06-26,2026-06-26T18:56:23Z,Load Balancer,southeastasia,0,0,0,,,,USD,False
2026-06-26,2026-06-26T18:56:23Z,Load Balancer,swedencentral,0,0,0,,,,USD,False
2026-06-26,2026-06-26T18:56:23Z,Load Balancer,westeurope,0,0,0,,,,USD,False
2026-06-26,2026-06-26T18:56:23Z,Load Balancer,westus2,0,0,0,,,,USD,False
2026-06-26,2026-06-26T18:56:23Z,SQL Database,australiaeast,154,37,77,0.0,571.408,22.78711522,USD,False
2026-06-26,2026-06-26T18:56:23Z,SQL Database,brazilsouth,109,35,71,0.0,627.26,31.3701431,USD,False
2026-06-26,2026-06-26T18:56:23Z,SQL Database,eastus,113,30,37,0.0,24.36,2.87434587,USD,False
2026-06-26,2026-06-26T18:56:23Z,SQL Database,eastus2,108,29,36,0.0,24.36,2.98343595,USD,False
2026-06-26,2026-06-26T18:56:23Z,SQL Database,japaneast,150,37,75,0.0,584.208,23.84588713,USD,False
2026-06-26,2026-06-26T18:56:23Z,SQL Database,northeurope,113,30,37,0.0,29.22,3.43563935,USD,False
2026-06-26,2026-06-26T18:56:23Z,SQL Database,southeastasia,111,29,37,0.0,31.66,3.77798125,USD,False
2026-06-26,2026-06-26T18:56:23Z,SQL Database,swedencentral,106,30,74,0.0,516.128,26.50978892,USD,False
2026-06-26,2026-06-26T18:56:23Z,SQL Database,westeurope,113,30,37,0.0,31.66,3.72220855,USD,False
2026-06-26,2026-06-26T18:56:23Z,SQL Database,westus2,111,29,37,0.0,24.36,2.91339714,USD,False
2026-06-26,2026-06-26T18:56:23Z,Storage,australiaeast,200,23,68,0.0,3342.34,23.89177272,USD,True
2026-06-26,2026-06-26T18:56:23Z,Storage,brazilsouth,200,27,62,0.0,4669.71,74.65290366,USD,True
2026-06-26,2026-06-26T18:56:23Z,Storage,eastus,200,28,70,0.0,3686.4,51.35685995,USD,False
2026-06-26,2026-06-26T18:56:23Z,Storage,eastus2,200,25,72,0.0,3686.4,24.146832,USD,False
2026-06-26,2026-06-26T18:56:23Z,Storage,japaneast,200,26,71,0.0,3109.035,41.43337182,USD,False
2026-06-26,2026-06-26T18:56:23Z,Storage,northeurope,200,26,69,0.0,3604.11,53.98662846,USD,False
2026-06-26,2026-06-26T18:56:23Z,Storage,southeastasia,200,28,79,0.0,3686.4,33.44615276,USD,False
2026-06-26,2026-06-26T18:56:23Z,Storage,swedencentral,200,26,76,0.0,3686.4,31.87963216,USD,True
2026-06-26,2026-06-26T18:56:23Z,Storage,westeurope,200,25,73,0.0,1982.17,32.12951834,USD,False
2026-06-26,2026-06-26T18:56:23Z,Storage,westus2,200,26,73,0.0,3686.4,34.08984903,USD,False
2026-06-26,2026-06-26T18:56:23Z,Virtual Machines,australiaeast,200,135,193,0.014026,41.918,2.83716256,USD,True
2026-06-26,2026-06-26T18:56:23Z,Virtual Machines,brazilsouth,200,139,196,0.00303,133.07446,4.94827496,USD,True
2026-06-26,2026-06-26T18:56:23Z,Virtual Machines,eastus,200,142,198,0.0,117.7788,3.82165823,USD,True
2026-06-26,2026-06-26T18:56:23Z,Virtual Machines,eastus2,200,147,200,0.00846,116.052,4.11662961,USD,True
2026-06-26,2026-06-26T18:56:23Z,Virtual Machines,japaneast,200,129,198,0.00864,179.244241,4.59073903,USD,True
2026-06-26,2026-06-26T18:56:23Z,Virtual Machines,northeurope,200,149,200,0.00204,71.50672,2.78711167,USD,True
2026-06-26,2026-06-26T18:56:23Z,Virtual Machines,southeastasia,200,141,198,0.021067,213.0211,6.18305004,USD,True
2026-06-26,2026-06-26T18:56:23Z,Virtual Machines,swedencentral,200,127,198,0.011,196.6272,4.39897042,USD,True
2026-06-26,2026-06-26T18:56:23Z,Virtual Machines,westeurope,200,135,199,0.00216,147.07536,6.45790144,USD,True
2026-06-26,2026-06-26T18:56:23Z,Virtual Machines,westus2,200,151,196,0.004,451.616,7.56839495,USD,True
2026-06-27,2026-06-27T18:43:21Z,Application Gateway,australiaeast,22,8,5,0.008,0.522,0.15022182,USD,False
2026-06-27,2026-06-27T18:43:21Z,Application Gateway,brazilsouth,18,7,5,0.008,0.72,0.20858,USD,False
2026-06-27,2026-06-27T18:43:21Z,Application Gateway,eastus,22,8,5,0.008,0.448,0.12017727,USD,False
2026-06-27,2026-06-27T18:43:21Z,Application Gateway,eastus2,22,8,5,0.008,0.448,0.12017727,USD,False
2026-06-27,2026-06-27T18:43:21Z,Application Gateway,japaneast,14,6,5,0.008,0.522,0.18805857,USD,False
2026-06-27,2026-06-27T18:43:21Z,Application Gateway,northeurope,22,8,5,0.008,0.50176,0.13672182,USD,False
2026-06-27,2026-06-27T18:43:21Z,Application Gateway,southeastasia,22,8,5,0.008,0.50176,0.14207636,USD,False
2026-06-27,2026-06-27T18:43:21Z,Application Gateway,swedencentral,17,7,5,0.0076,0.50176,0.14827176,USD,False
2026-06-27,2026-06-27T18:43:21Z,Application Gateway,westeurope,22,8,5,0.008,0.50176,0.14206727,USD,False
2026-06-27,2026-06-27T18:43:21Z,Application Gateway,westus2,18,7,5,0.008,0.448,0.13827222,USD,False
2026-06-27,2026-06-27T18:43:21Z,Azure App Service,australiaeast,124,20,67,0.016,80.0,3.33422719,USD,False
2026-06-27,2026-06-27T18:43:21Z,Azure App Service,brazilsouth,102,18,56,0.0158,80.0,2.96177998,USD,False
2026-06-27,2026-06-27T18:43:21Z,Azure App Service,eastus,113,16,62,0.017,80.0,3.05313451,USD,False
2026-06-27,2026-06-27T18:43:21Z,Azure App Service,eastus2,117,17,63,0.0,80.0,3.02458982,USD,False
2026-06-27,2026-06-27T18:43:21Z,Azure App Service,japaneast,128,21,68,0.0,80.0,3.31481827,USD,False
2026-06-27,2026-06-27T18:43:21Z,Azure App Service,northeurope,113,16,62,0.018,80.0,3.45700196,USD,False
2026-06-27,2026-06-27T18:43:21Z,Azure App Service,southeastasia,113,16,62,0.018,80.0,3.50719758,USD,False
2026-06-27,2026-06-27T18:43:21Z,Azure App Service,swedencentral,111,17,60,0.0,80.0,3.06190559,USD,False
2026-06-27,2026-06-27T18:43:21Z,Azure App Service,westeurope,117,17,63,0.0,80.0,3.48324291,USD,False
2026-06-27,2026-06-27T18:43:21Z,Azure App Service,westus2,117,17,63,0.0,80.0,3.01730191,USD,False
2026-06-27,2026-06-27T18:43:21Z,Azure Cosmos DB,australiaeast,106,14,81,0.0,32.553,2.54770911,USD,False
2026-06-27,2026-06-27T18:43:21Z,Azure Cosmos DB,brazilsouth,103,14,78,0.0,44.9,3.58415748,USD,False
2026-06-27,2026-06-27T18:43:21Z,Azure Cosmos DB,eastus,99,14,76,0.0,22.45,2.07406196,USD,False
2026-06-27,2026-06-27T18:43:21Z,Azure Cosmos DB,eastus2,99,14,76,0.0,22.45,2.07625388,USD,False
2026-06-27,2026-06-27T18:43:21Z,Azure Cosmos DB,japaneast,106,14,81,0.0,32.553,2.5569471,USD,False
2026-06-27,2026-06-27T18:43:21Z,Azure Cosmos DB,northeurope,106,14,81,0.0,26.94,2.21805191,USD,False
2026-06-27,2026-06-27T18:43:21Z,Azure Cosmos DB,southeastasia,106,14,81,0.0,29.185,2.30645925,USD,False
2026-06-27,2026-06-27T18:43:21Z,Azure Cosmos DB,swedencentral,97,14,73,0.0,29.185,2.587158,USD,False
2026-06-27,2026-06-27T18:43:21Z,Azure Cosmos DB,westeurope,106,14,81,0.0,29.185,2.39201482,USD,False
2026-06-27,2026-06-27T18:43:21Z,Azure Cosmos DB,westus2,99,14,76,0.0,22.45,2.04923503,USD,False
2026-06-27,2026-06-27T18:43:21Z,Azure Database for PostgreSQL,australiaeast,107,41,48,0.0,76.343,4.33323421,USD,False
2026-06-27,2026-06-27T18:43:21Z,Azure Database for PostgreSQL,brazilsouth,111,43,48,0.0,133.345,6.79866926,USD,False
2026-06-27,2026-06-27T18:43:21Z,Azure Database for PostgreSQL,eastus,110,43,48,0.0,63.619,3.43568106,USD,False
2026-06-27,2026-06-27T18:43:21Z,Azure Database for PostgreSQL,eastus2,111,44,48,0.0,63.619,3.40815691,USD,False
2026-06-27,2026-06-27T18:43:21Z,Azure Database for PostgreSQL,japaneast,110,43,48,0.0,76.343,4.21765002,USD,False
2026-06-27,2026-06-27T18:43:21Z,Azure Database for PostgreSQL,northeurope,112,45,48,0.0,71.253,3.76968572,USD,False
2026-06-27,2026-06-27T18:43:21Z,Azure Database for PostgreSQL,southeastasia,110,43,48,0.0,76.343,4.21477941,USD,False
2026-06-27,2026-06-27T18:43:21Z,Azure Database for PostgreSQL,swedencentral,104,41,47,0.0,65.4,3.73360233,USD,False
2026-06-27,2026-06-27T18:43:21Z,Azure Database for PostgreSQL,westeurope,114,47,48,0.0,77.615,4.02451162,USD,False
2026-06-27,2026-06-27T18:43:21Z,Azure Database for PostgreSQL,westus2,107,41,48,0.0,63.619,3.53051698,USD,False
2026-06-27,2026-06-27T18:43:21Z,Azure Kubernetes Service,australiaeast,8,1,1,0.010602,0.16,0.0385475,USD,False
2026-06-27,2026-06-27T18:43:21Z,Azure Kubernetes Service,brazilsouth,8,1,1,0.014624,0.16,0.045583,USD,False
2026-06-27,2026-06-27T18:43:21Z,Azure Kubernetes Service,eastus,9,2,2,0.007312,0.6,0.09581467,USD,False
2026-06-27,2026-06-27T18:43:21Z,Azure Kubernetes Service,eastus2,8,1,1,0.007312,0.16,0.0327915,USD,False
2026-06-27,2026-06-27T18:43:21Z,Azure Kubernetes Service,japaneast,8,1,1,0.010602,0.16,0.0385475,USD,False
2026-06-27,2026-06-27T18:43:21Z,Azure Kubernetes Service,northeurope,8,1,1,0.008774,0.16,0.0353495,USD,False
2026-06-27,2026-06-27T18:43:21Z,Azure Kubernetes Service,southeastasia,8,1,1,0.009506,0.16,0.036629,USD,False
2026-06-27,2026-06-27T18:43:21Z,Azure Kubernetes Service,swedencentral,8,1,1,0.009506,0.16,0.036629,USD,False
2026-06-27,2026-06-27T18:43:21Z,Azure Kubernetes Service,westeurope,8,1,1,0.010456,0.16,0.03829175,USD,False
2026-06-27,2026-06-27T18:43:21Z,Azure Kubernetes Service,westus2,8,1,1,0.007312,0.16,0.0327915,USD,False
2026-06-27,2026-06-27T18:43:21Z,Functions,australiaeast,9,2,3,0.0,0.182,0.02167433,USD,False
2026-06-27,2026-06-27T18:43:21Z,Functions,brazilsouth,9,2,3,0.0,0.183,0.02179656,USD,False
2026-06-27,2026-06-27T18:43:21Z,Functions,eastus,9,2,3,0.0,0.173,0.02059489,USD,False
2026-06-27,2026-06-27T18:43:21Z,Functions,eastus2,9,2,3,0.0,0.16,0.01905044,USD,False
2026-06-27,2026-06-27T18:43:21Z,Functions,japaneast,9,2,3,0.0,0.196,0.02333933,USD,False
2026-06-27,2026-06-27T18:43:21Z,Functions,northeurope,9,2,3,0.0,0.167,0.01988378,USD,False
2026-06-27,2026-06-27T18:43:21Z,Functions,southeastasia,9,2,3,0.0,0.178,0.02119656,USD,False
2026-06-27,2026-06-27T18:43:21Z,Functions,swedencentral,9,2,3,0.0,0.169,0.02012822,USD,False
2026-06-27,2026-06-27T18:43:21Z,Functions,westeurope,9,2,3,0.0,0.169,0.02012822,USD,False
2026-06-27,2026-06-27T18:43:21Z,Functions,westus2,9,2,3,0.0,0.16,0.01905044,USD,False
2026-06-27,2026-06-27T18:43:21Z,Load Balancer,australiaeast,0,0,0,,,,USD,False
2026-06-27,2026-06-27T18:43:21Z,Load Balancer,brazilsouth,0,0,0,,,,USD,False
2026-06-27,2026-06-27T18:43:21Z,Load Balancer,eastus,0,0,0,,,,USD,False
2026-06-27,2026-06-27T18:43:21Z,Load Balancer,eastus2,0,0,0,,,,USD,False
2026-06-27,2026-06-27T18:43:21Z,Load Balancer,japaneast,0,0,0,,,,USD,False
2026-06-27,2026-06-27T18:43:21Z,Load Balancer,northeurope,0,0,0,,,,USD,False
2026-06-27,2026-06-27T18:43:21Z,Load Balancer,southeastasia,0,0,0,,,,USD,False
2026-06-27,2026-06-27T18:43:21Z,Load Balancer,swedencentral,0,0,0,,,,USD,False
2026-06-27,2026-06-27T18:43:21Z,Load Balancer,westeurope,0,0,0,,,,USD,False
2026-06-27,2026-06-27T18:43:21Z,Load Balancer,westus2,0,0,0,,,,USD,False
2026-06-27,2026-06-27T18:43:21Z,SQL Database,australiaeast,154,37,77,0.0,571.408,22.78711522,USD,False
2026-06-27,2026-06-27T18:43:21Z,SQL Database,brazilsouth,109,35,71,0.0,627.26,31.3701431,USD,False
2026-06-27,2026-06-27T18:43:21Z,SQL Database,eastus,113,30,37,0.0,24.36,2.87434587,USD,False
2026-06-27,2026-06-27T18:43:21Z,SQL Database,eastus2,108,29,36,0.0,24.36,2.98343595,USD,False
2026-06-27,2026-06-27T18:43:21Z,SQL Database,japaneast,150,37,75,0.0,584.208,23.84588713,USD,False
2026-06-27,2026-06-27T18:43:21Z,SQL Database,northeurope,113,30,37,0.0,29.22,3.43563935,USD,False
2026-06-27,2026-06-27T18:43:21Z,SQL Database,southeastasia,111,29,37,0.0,31.66,3.77798125,USD,False
2026-06-27,2026-06-27T18:43:21Z,SQL Database,swedencentral,106,30,74,0.0,516.128,26.50978892,USD,False
2026-06-27,2026-06-27T18:43:21Z,SQL Database,westeurope,113,30,37,0.0,31.66,3.72220855,USD,False
2026-06-27,2026-06-27T18:43:21Z,SQL Database,westus2,111,29,37,0.0,24.36,2.91339714,USD,False
2026-06-27,2026-06-27T18:43:21Z,Storage,australiaeast,200,23,68,0.0,3342.34,23.89177272,USD,True
2026-06-27,2026-06-27T18:43:21Z,Storage,brazilsouth,200,27,62,0.0,4669.71,74.65290366,USD,True
2026-06-27,2026-06-27T18:43:21Z,Storage,eastus,200,28,70,0.0,3686.4,51.35685995,USD,False
2026-06-27,2026-06-27T18:43:21Z,Storage,eastus2,200,25,72,0.0,3686.4,24.146832,USD,False
2026-06-27,2026-06-27T18:43:21Z,Storage,japaneast,200,26,71,0.0,3109.035,41.43337182,USD,False
2026-06-27,2026-06-27T18:43:21Z,Storage,northeurope,200,26,69,0.0,3604.11,53.98662846,USD,False
2026-06-27,2026-06-27T18:43:21Z,Storage,southeastasia,200,28,79,0.0,3686.4,33.44615276,USD,False
2026-06-27,2026-06-27T18:43:21Z,Storage,swedencentral,200,26,76,0.0,3686.4,31.87963216,USD,True
2026-06-27,2026-06-27T18:43:21Z,Storage,westeurope,200,25,73,0.0,1982.17,32.12951834,USD,False
2026-06-27,2026-06-27T18:43:21Z,Storage,westus2,200,26,73,0.0,3686.4,34.08984903,USD,False
2026-06-27,2026-06-27T18:43:21Z,Virtual Machines,australiaeast,200,135,193,0.014026,41.918,2.83716256,USD,True
2026-06-27,2026-06-27T18:43:21Z,Virtual Machines,brazilsouth,200,139,196,0.00303,133.07446,4.94827496,USD,True
2026-06-27,2026-06-27T18:43:21Z,Virtual Machines,eastus,200,142,198,0.0,117.7788,3.82165823,USD,True
2026-06-27,2026-06-27T18:43:21Z,Virtual Machines,eastus2,200,147,200,0.00846,116.052,4.11662961,USD,True
2026-06-27,2026-06-27T18:43:21Z,Virtual Machines,japaneast,200,129,198,0.00864,179.244241,4.59073903,USD,True
2026-06-27,2026-06-27T18:43:21Z,Virtual Machines,northeurope,200,149,200,0.00204,71.50672,2.78711167,USD,True
2026-06-27,2026-06-27T18:43:21Z,Virtual Machines,southeastasia,200,141,198,0.021067,213.0211,6.18305004,USD,True
2026-06-27,2026-06-27T18:43:21Z,Virtual Machines,swedencentral,200,127,198,0.011,196.6272,4.39897042,USD,True
2026-06-27,2026-06-27T18:43:21Z,Virtual Machines,westeurope,200,135,199,0.00216,147.07536,6.45790144,USD,True
2026-06-27,2026-06-27T18:43:21Z,Virtual Machines,westus2,200,151,196,0.004,451.616,7.56839495,USD,True
2026-06-28,2026-06-28T18:42:57Z,Application Gateway,australiaeast,22,8,5,0.008,0.522,0.15022182,USD,False
2026-06-28,2026-06-28T18:42:57Z,Application Gateway,brazilsouth,18,7,5,0.008,0.72,0.20858,USD,False
2026-06-28,2026-06-28T18:42:57Z,Application Gateway,eastus,22,8,5,0.008,0.448,0.12017727,USD,False
2026-06-28,2026-06-28T18:42:57Z,Application Gateway,eastus2,22,8,5,0.008,0.448,0.12017727,USD,False
2026-06-28,2026-06-28T18:42:57Z,Application Gateway,japaneast,14,6,5,0.008,0.522,0.18805857,USD,False
2026-06-28,2026-06-28T18:42:57Z,Application Gateway,northeurope,22,8,5,0.008,0.50176,0.13672182,USD,False
2026-06-28,2026-06-28T18:42:57Z,Application Gateway,southeastasia,22,8,5,0.008,0.50176,0.14207636,USD,False
2026-06-28,2026-06-28T18:42:57Z,Application Gateway,swedencentral,17,7,5,0.0076,0.50176,0.14827176,USD,False
2026-06-28,2026-06-28T18:42:57Z,Application Gateway,westeurope,22,8,5,0.008,0.50176,0.14206727,USD,False
2026-06-28,2026-06-28T18:42:57Z,Application Gateway,westus2,18,7,5,0.008,0.448,0.13827222,USD,False
2026-06-28,2026-06-28T18:42:57Z,Azure App Service,australiaeast,124,20,67,0.016,80.0,3.33422719,USD,False
2026-06-28,2026-06-28T18:42:57Z,Azure App Service,brazilsouth,102,18,56,0.0158,80.0,2.96177998,USD,False
2026-06-28,2026-06-28T18:42:57Z,Azure App Service,eastus,113,16,62,0.017,80.0,3.05313451,USD,False
2026-06-28,2026-06-28T18:42:57Z,Azure App Service,eastus2,117,17,63,0.0,80.0,3.02458982,USD,False
2026-06-28,2026-06-28T18:42:57Z,Azure App Service,japaneast,128,21,68,0.0,80.0,3.31481827,USD,False
2026-06-28,2026-06-28T18:42:57Z,Azure App Service,northeurope,113,16,62,0.018,80.0,3.45700196,USD,False
2026-06-28,2026-06-28T18:42:57Z,Azure App Service,southeastasia,113,16,62,0.018,80.0,3.50719758,USD,False
2026-06-28,2026-06-28T18:42:57Z,Azure App Service,swedencentral,111,17,60,0.0,80.0,3.06190559,USD,False
2026-06-28,2026-06-28T18:42:57Z,Azure App Service,westeurope,117,17,63,0.0,80.0,3.48324291,USD,False
2026-06-28,2026-06-28T18:42:57Z,Azure App Service,westus2,117,17,63,0.0,80.0,3.01730191,USD,False
2026-06-28,2026-06-28T18:42:57Z,Azure Cosmos DB,australiaeast,106,14,81,0.0,32.553,2.54770911,USD,False
2026-06-28,2026-06-28T18:42:57Z,Azure Cosmos DB,brazilsouth,103,14,78,0.0,44.9,3.58415748,USD,False
2026-06-28,2026-06-28T18:42:57Z,Azure Cosmos DB,eastus,99,14,76,0.0,22.45,2.07406196,USD,False
2026-06-28,2026-06-28T18:42:57Z,Azure Cosmos DB,eastus2,99,14,76,0.0,22.45,2.07625388,USD,False
2026-06-28,2026-06-28T18:42:57Z,Azure Cosmos DB,japaneast,106,14,81,0.0,32.553,2.5569471,USD,False
2026-06-28,2026-06-28T18:42:57Z,Azure Cosmos DB,northeurope,106,14,81,0.0,26.94,2.21805191,USD,False
2026-06-28,2026-06-28T18:42:57Z,Azure Cosmos DB,southeastasia,106,14,81,0.0,29.185,2.30645925,USD,False
2026-06-28,2026-06-28T18:42:57Z,Azure Cosmos DB,swedencentral,97,14,73,0.0,29.185,2.587158,USD,False
2026-06-28,2026-06-28T18:42:57Z,Azure Cosmos DB,westeurope,106,14,81,0.0,29.185,2.39201482,USD,False
2026-06-28,2026-06-28T18:42:57Z,Azure Cosmos DB,westus2,99,14,76,0.0,22.45,2.04923503,USD,False
2026-06-28,2026-06-28T18:42:57Z,Azure Database for PostgreSQL,australiaeast,107,41,48,0.0,76.343,4.33323421,USD,False
2026-06-28,2026-06-28T18:42:57Z,Azure Database for PostgreSQL,brazilsouth,111,43,48,0.0,133.345,6.79866926,USD,False
2026-06-28,2026-06-28T18:42:57Z,Azure Database for PostgreSQL,eastus,110,43,48,0.0,63.619,3.43568106,USD,False
2026-06-28,2026-06-28T18:42:57Z,Azure Database for PostgreSQL,eastus2,111,44,48,0.0,63.619,3.40815691,USD,False
2026-06-28,2026-06-28T18:42:57Z,Azure Database for PostgreSQL,japaneast,110,43,48,0.0,76.343,4.21765002,USD,False
2026-06-28,2026-06-28T18:42:57Z,Azure Database for PostgreSQL,northeurope,112,45,48,0.0,71.253,3.76968572,USD,False
2026-06-28,2026-06-28T18:42:57Z,Azure Database for PostgreSQL,southeastasia,110,43,48,0.0,76.343,4.21477941,USD,False
2026-06-28,2026-06-28T18:42:57Z,Azure Database for PostgreSQL,swedencentral,104,41,47,0.0,65.4,3.73360233,USD,False
2026-06-28,2026-06-28T18:42:57Z,Azure Database for PostgreSQL,westeurope,114,47,48,0.0,77.615,4.02451162,USD,False
2026-06-28,2026-06-28T18:42:57Z,Azure Database for PostgreSQL,westus2,107,41,48,0.0,63.619,3.53051698,USD,False
2026-06-28,2026-06-28T18:42:57Z,Azure Kubernetes Service,australiaeast,8,1,1,0.010602,0.16,0.0385475,USD,False
2026-06-28,2026-06-28T18:42:57Z,Azure Kubernetes Service,brazilsouth,8,1,1,0.014624,0.16,0.045583,USD,False
2026-06-28,2026-06-28T18:42:57Z,Azure Kubernetes Service,eastus,9,2,2,0.007312,0.6,0.09581467,USD,False
2026-06-28,2026-06-28T18:42:57Z,Azure Kubernetes Service,eastus2,8,1,1,0.007312,0.16,0.0327915,USD,False
2026-06-28,2026-06-28T18:42:57Z,Azure Kubernetes Service,japaneast,8,1,1,0.010602,0.16,0.0385475,USD,False
2026-06-28,2026-06-28T18:42:57Z,Azure Kubernetes Service,northeurope,8,1,1,0.008774,0.16,0.0353495,USD,False
2026-06-28,2026-06-28T18:42:57Z,Azure Kubernetes Service,southeastasia,8,1,1,0.009506,0.16,0.036629,USD,False
2026-06-28,2026-06-28T18:42:57Z,Azure Kubernetes Service,swedencentral,8,1,1,0.009506,0.16,0.036629,USD,False
2026-06-28,2026-06-28T18:42:57Z,Azure Kubernetes Service,westeurope,8,1,1,0.010456,0.16,0.03829175,USD,False
2026-06-28,2026-06-28T18:42:57Z,Azure Kubernetes Service,westus2,8,1,1,0.007312,0.16,0.0327915,USD,False
2026-06-28,2026-06-28T18:42:57Z,Functions,australiaeast,9,2,3,0.0,0.182,0.02167433,USD,False
2026-06-28,2026-06-28T18:42:57Z,Functions,brazilsouth,9,2,3,0.0,0.183,0.02179656,USD,False
2026-06-28,2026-06-28T18:42:57Z,Functions,eastus,9,2,3,0.0,0.173,0.02059489,USD,False
2026-06-28,2026-06-28T18:42:57Z,Functions,eastus2,9,2,3,0.0,0.16,0.01905044,USD,False
2026-06-28,2026-06-28T18:42:57Z,Functions,japaneast,9,2,3,0.0,0.196,0.02333933,USD,False
2026-06-28,2026-06-28T18:42:57Z,Functions,northeurope,9,2,3,0.0,0.167,0.01988378,USD,False
2026-06-28,2026-06-28T18:42:57Z,Functions,southeastasia,9,2,3,0.0,0.178,0.02119656,USD,False
2026-06-28,2026-06-28T18:42:57Z,Functions,swedencentral,9,2,3,0.0,0.169,0.02012822,USD,False
2026-06-28,2026-06-28T18:42:57Z,Functions,westeurope,9,2,3,0.0,0.169,0.02012822,USD,False
2026-06-28,2026-06-28T18:42:57Z,Functions,westus2,9,2,3,0.0,0.16,0.01905044,USD,False
2026-06-28,2026-06-28T18:42:57Z,Load Balancer,australiaeast,0,0,0,,,,USD,False
2026-06-28,2026-06-28T18:42:57Z,Load Balancer,brazilsouth,0,0,0,,,,USD,False
2026-06-28,2026-06-28T18:42:57Z,Load Balancer,eastus,0,0,0,,,,USD,False
2026-06-28,2026-06-28T18:42:57Z,Load Balancer,eastus2,0,0,0,,,,USD,False
2026-06-28,2026-06-28T18:42:57Z,Load Balancer,japaneast,0,0,0,,,,USD,False
2026-06-28,2026-06-28T18:42:57Z,Load Balancer,northeurope,0,0,0,,,,USD,False
2026-06-28,2026-06-28T18:42:57Z,Load Balancer,southeastasia,0,0,0,,,,USD,False
2026-06-28,2026-06-28T18:42:57Z,Load Balancer,swedencentral,0,0,0,,,,USD,False
2026-06-28,2026-06-28T18:42:57Z,Load Balancer,westeurope,0,0,0,,,,USD,False
2026-06-28,2026-06-28T18:42:57Z,Load Balancer,westus2,0,0,0,,,,USD,False
2026-06-28,2026-06-28T18:42:57Z,SQL Database,australiaeast,154,37,77,0.0,571.408,22.78711522,USD,False
2026-06-28,2026-06-28T18:42:57Z,SQL Database,brazilsouth,109,35,71,0.0,627.26,31.3701431,USD,False
2026-06-28,2026-06-28T18:42:57Z,SQL Database,eastus,113,30,37,0.0,24.36,2.87434587,USD,False
2026-06-28,2026-06-28T18:42:57Z,SQL Database,eastus2,108,29,36,0.0,24.36,2.98343595,USD,False
2026-06-28,2026-06-28T18:42:57Z,SQL Database,japaneast,150,37,75,0.0,584.208,23.84588713,USD,False
2026-06-28,2026-06-28T18:42:57Z,SQL Database,northeurope,113,30,37,0.0,29.22,3.43563935,USD,False
2026-06-28,2026-06-28T18:42:57Z,SQL Database,southeastasia,111,29,37,0.0,31.66,3.77798125,USD,False
2026-06-28,2026-06-28T18:42:57Z,SQL Database,swedencentral,106,30,74,0.0,516.128,26.50978892,USD,False
2026-06-28,2026-06-28T18:42:57Z,SQL Database,westeurope,113,30,37,0.0,31.66,3.72220855,USD,False
2026-06-28,2026-06-28T18:42:57Z,SQL Database,westus2,111,29,37,0.0,24.36,2.91339714,USD,False
2026-06-28,2026-06-28T18:42:57Z,Storage,australiaeast,200,23,68,0.0,3342.34,23.89177272,USD,True
2026-06-28,2026-06-28T18:42:57Z,Storage,brazilsouth,200,27,62,0.0,4669.71,74.65290366,USD,True
2026-06-28,2026-06-28T18:42:57Z,Storage,eastus,200,28,70,0.0,3686.4,51.35685995,USD,False
2026-06-28,2026-06-28T18:42:57Z,Storage,eastus2,200,25,72,0.0,3686.4,24.146832,USD,False
2026-06-28,2026-06-28T18:42:57Z,Storage,japaneast,200,26,71,0.0,3109.035,41.43337182,USD,False
2026-06-28,2026-06-28T18:42:57Z,Storage,northeurope,200,26,69,0.0,3604.11,53.98662846,USD,False
2026-06-28,2026-06-28T18:42:57Z,Storage,southeastasia,200,28,79,0.0,3686.4,33.44615276,USD,False
2026-06-28,2026-06-28T18:42:57Z,Storage,swedencentral,200,26,76,0.0,3686.4,31.87963216,USD,True
2026-06-28,2026-06-28T18:42:57Z,Storage,westeurope,200,25,73,0.0,1982.17,32.12951834,USD,False
2026-06-28,2026-06-28T18:42:57Z,Storage,westus2,200,26,73,0.0,3686.4,34.08984903,USD,False
2026-06-28,2026-06-28T18:42:57Z,Virtual Machines,australiaeast,200,135,193,0.014026,41.918,2.83716256,USD,True
2026-06-28,2026-06-28T18:42:57Z,Virtual Machines,brazilsouth,200,139,196,0.00303,133.07446,4.94827496,USD,True
2026-06-28,2026-06-28T18:42:57Z,Virtual Machines,eastus,200,142,198,0.0,117.7788,3.82165823,USD,True
2026-06-28,2026-06-28T18:42:57Z,Virtual Machines,eastus2,200,147,200,0.00846,116.052,4.11662961,USD,True
2026-06-28,2026-06-28T18:42:57Z,Virtual Machines,japaneast,200,129,198,0.00864,179.244241,4.59073903,USD,True
2026-06-28,2026-06-28T18:42:57Z,Virtual Machines,northeurope,200,149,200,0.00204,71.50672,2.78711167,USD,True
2026-06-28,2026-06-28T18:42:57Z,Virtual Machines,southeastasia,200,141,198,0.021067,213.0211,6.18305004,USD,True
2026-06-28,2026-06-28T18:42:57Z,Virtual Machines,swedencentral,200,127,198,0.011,196.6272,4.39897042,USD,True
2026-06-28,2026-06-28T18:42:57Z,Virtual Machines,westeurope,200,135,199,0.00216,147.07536,6.45790144,USD,True
2026-06-28,2026-06-28T18:42:57Z,Virtual Machines,westus2,200,151,196,0.004,451.616,7.56839495,USD,True
2026-06-29,2026-06-29T19:02:23Z,Application Gateway,australiaeast,22,8,5,0.008,0.522,0.15022182,USD,False
2026-06-29,2026-06-29T19:02:23Z,Application Gateway,brazilsouth,18,7,5,0.008,0.72,0.20858,USD,False
2026-06-29,2026-06-29T19:02:23Z,Application Gateway,eastus,22,8,5,0.008,0.448,0.12017727,USD,False
2026-06-29,2026-06-29T19:02:23Z,Application Gateway,eastus2,22,8,5,0.008,0.448,0.12017727,USD,False
2026-06-29,2026-06-29T19:02:23Z,Application Gateway,japaneast,14,6,5,0.008,0.522,0.18805857,USD,False
2026-06-29,2026-06-29T19:02:23Z,Application Gateway,northeurope,22,8,5,0.008,0.50176,0.13672182,USD,False
2026-06-29,2026-06-29T19:02:23Z,Application Gateway,southeastasia,22,8,5,0.008,0.50176,0.14207636,USD,False
2026-06-29,2026-06-29T19:02:23Z,Application Gateway,swedencentral,17,7,5,0.0076,0.50176,0.14827176,USD,False
2026-06-29,2026-06-29T19:02:23Z,Application Gateway,westeurope,22,8,5,0.008,0.50176,0.14206727,USD,False
2026-06-29,2026-06-29T19:02:23Z,Application Gateway,westus2,18,7,5,0.008,0.448,0.13827222,USD,False
2026-06-29,2026-06-29T19:02:23Z,Azure App Service,australiaeast,124,20,67,0.016,80.0,3.33422719,USD,False
2026-06-29,2026-06-29T19:02:23Z,Azure App Service,brazilsouth,102,18,56,0.0158,80.0,2.96177998,USD,False
2026-06-29,2026-06-29T19:02:23Z,Azure App Service,eastus,113,16,62,0.017,80.0,3.05313451,USD,False
2026-06-29,2026-06-29T19:02:23Z,Azure App Service,eastus2,117,17,63,0.0,80.0,3.02458982,USD,False
2026-06-29,2026-06-29T19:02:23Z,Azure App Service,japaneast,128,21,68,0.0,80.0,3.31481827,USD,False
2026-06-29,2026-06-29T19:02:23Z,Azure App Service,northeurope,113,16,62,0.018,80.0,3.45700196,USD,False
2026-06-29,2026-06-29T19:02:23Z,Azure App Service,southeastasia,113,16,62,0.018,80.0,3.50719758,USD,False
2026-06-29,2026-06-29T19:02:23Z,Azure App Service,swedencentral,111,17,60,0.0,80.0,3.06190559,USD,False
2026-06-29,2026-06-29T19:02:23Z,Azure App Service,westeurope,117,17,63,0.0,80.0,3.48324291,USD,False
2026-06-29,2026-06-29T19:02:23Z,Azure App Service,westus2,117,17,63,0.0,80.0,3.01730191,USD,False
2026-06-29,2026-06-29T19:02:23Z,Azure Cosmos DB,australiaeast,106,14,81,0.0,32.553,2.54770911,USD,False
2026-06-29,2026-06-29T19:02:23Z,Azure Cosmos DB,brazilsouth,103,14,78,0.0,44.9,3.58415748,USD,False
2026-06-29,2026-06-29T19:02:23Z,Azure Cosmos DB,eastus,99,14,76,0.0,22.45,2.07406196,USD,False
2026-06-29,2026-06-29T19:02:23Z,Azure Cosmos DB,eastus2,99,14,76,0.0,22.45,2.07625388,USD,False
2026-06-29,2026-06-29T19:02:23Z,Azure Cosmos DB,japaneast,106,14,81,0.0,32.553,2.5569471,USD,False
2026-06-29,2026-06-29T19:02:23Z,Azure Cosmos DB,northeurope,106,14,81,0.0,26.94,2.21805191,USD,False
2026-06-29,2026-06-29T19:02:23Z,Azure Cosmos DB,southeastasia,106,14,81,0.0,29.185,2.30645925,USD,False
2026-06-29,2026-06-29T19:02:23Z,Azure Cosmos DB,swedencentral,97,14,73,0.0,29.185,2.587158,USD,False
2026-06-29,2026-06-29T19:02:23Z,Azure Cosmos DB,westeurope,106,14,81,0.0,29.185,2.39201482,USD,False
2026-06-29,2026-06-29T19:02:23Z,Azure Cosmos DB,westus2,99,14,76,0.0,22.45,2.04923503,USD,False
2026-06-29,2026-06-29T19:02:23Z,Azure Database for PostgreSQL,australiaeast,107,41,48,0.0,76.343,4.33323421,USD,False
2026-06-29,2026-06-29T19:02:23Z,Azure Database for PostgreSQL,brazilsouth,111,43,48,0.0,133.345,6.79866926,USD,False
2026-06-29,2026-06-29T19:02:23Z,Azure Database for PostgreSQL,eastus,110,43,48,0.0,63.619,3.43568106,USD,False
2026-06-29,2026-06-29T19:02:23Z,Azure Database for PostgreSQL,eastus2,111,44,48,0.0,63.619,3.40815691,USD,False
2026-06-29,2026-06-29T19:02:23Z,Azure Database for PostgreSQL,japaneast,110,43,48,0.0,76.343,4.21765002,USD,False
2026-06-29,2026-06-29T19:02:23Z,Azure Database for PostgreSQL,northeurope,112,45,48,0.0,71.253,3.76968572,USD,False
2026-06-29,2026-06-29T19:02:23Z,Azure Database for PostgreSQL,southeastasia,110,43,48,0.0,76.343,4.21477941,USD,False
2026-06-29,2026-06-29T19:02:23Z,Azure Database for PostgreSQL,swedencentral,104,41,47,0.0,65.4,3.73360233,USD,False
2026-06-29,2026-06-29T19:02:23Z,Azure Database for PostgreSQL,westeurope,114,47,48,0.0,77.615,4.02451162,USD,False
2026-06-29,2026-06-29T19:02:23Z,Azure Database for PostgreSQL,westus2,107,41,48,0.0,63.619,3.53051698,USD,False
2026-06-29,2026-06-29T19:02:23Z,Azure Kubernetes Service,australiaeast,8,1,1,0.010602,0.16,0.0385475,USD,False
2026-06-29,2026-06-29T19:02:23Z,Azure Kubernetes Service,brazilsouth,8,1,1,0.014624,0.16,0.045583,USD,False
2026-06-29,2026-06-29T19:02:23Z,Azure Kubernetes Service,eastus,9,2,2,0.007312,0.6,0.09581467,USD,False
2026-06-29,2026-06-29T19:02:23Z,Azure Kubernetes Service,eastus2,8,1,1,0.007312,0.16,0.0327915,USD,False
2026-06-29,2026-06-29T19:02:23Z,Azure Kubernetes Service,japaneast,8,1,1,0.010602,0.16,0.0385475,USD,False
2026-06-29,2026-06-29T19:02:23Z,Azure Kubernetes Service,northeurope,8,1,1,0.008774,0.16,0.0353495,USD,False
2026-06-29,2026-06-29T19:02:23Z,Azure Kubernetes Service,southeastasia,8,1,1,0.009506,0.16,0.036629,USD,False
2026-06-29,2026-06-29T19:02:23Z,Azure Kubernetes Service,swedencentral,8,1,1,0.009506,0.16,0.036629,USD,False
2026-06-29,2026-06-29T19:02:23Z,Azure Kubernetes Service,westeurope,8,1,1,0.010456,0.16,0.03829175,USD,False
2026-06-29,2026-06-29T19:02:23Z,Azure Kubernetes Service,westus2,8,1,1,0.007312,0.16,0.0327915,USD,False
2026-06-29,2026-06-29T19:02:23Z,Functions,australiaeast,9,2,3,0.0,0.182,0.02167433,USD,False
2026-06-29,2026-06-29T19:02:23Z,Functions,brazilsouth,9,2,3,0.0,0.183,0.02179656,USD,False
2026-06-29,2026-06-29T19:02:23Z,Functions,eastus,9,2,3,0.0,0.173,0.02059489,USD,False
2026-06-29,2026-06-29T19:02:23Z,Functions,eastus2,9,2,3,0.0,0.16,0.01905044,USD,False
2026-06-29,2026-06-29T19:02:23Z,Functions,japaneast,9,2,3,0.0,0.196,0.02333933,USD,False
2026-06-29,2026-06-29T19:02:23Z,Functions,northeurope,9,2,3,0.0,0.167,0.01988378,USD,False
2026-06-29,2026-06-29T19:02:23Z,Functions,southeastasia,9,2,3,0.0,0.178,0.02119656,USD,False
2026-06-29,2026-06-29T19:02:23Z,Functions,swedencentral,9,2,3,0.0,0.169,0.02012822,USD,False
2026-06-29,2026-06-29T19:02:23Z,Functions,westeurope,9,2,3,0.0,0.169,0.02012822,USD,False
2026-06-29,2026-06-29T19:02:23Z,Functions,westus2,9,2,3,0.0,0.16,0.01905044,USD,False
2026-06-29,2026-06-29T19:02:23Z,Load Balancer,australiaeast,0,0,0,,,,USD,False
2026-06-29,2026-06-29T19:02:23Z,Load Balancer,brazilsouth,0,0,0,,,,USD,False
2026-06-29,2026-06-29T19:02:23Z,Load Balancer,eastus,0,0,0,,,,USD,False
2026-06-29,2026-06-29T19:02:23Z,Load Balancer,eastus2,0,0,0,,,,USD,False
2026-06-29,2026-06-29T19:02:23Z,Load Balancer,japaneast,0,0,0,,,,USD,False
2026-06-29,2026-06-29T19:02:23Z,Load Balancer,northeurope,0,0,0,,,,USD,False
2026-06-29,2026-06-29T19:02:23Z,Load Balancer,southeastasia,0,0,0,,,,USD,False
2026-06-29,2026-06-29T19:02:23Z,Load Balancer,swedencentral,0,0,0,,,,USD,False
2026-06-29,2026-06-29T19:02:23Z,Load Balancer,westeurope,0,0,0,,,,USD,False
2026-06-29,2026-06-29T19:02:23Z,Load Balancer,westus2,0,0,0,,,,USD,False
2026-06-29,2026-06-29T19:02:23Z,SQL Database,australiaeast,154,37,77,0.0,571.408,22.78711522,USD,False
2026-06-29,2026-06-29T19:02:23Z,SQL Database,brazilsouth,109,35,71,0.0,627.26,31.3701431,USD,False
2026-06-29,2026-06-29T19:02:23Z,SQL Database,eastus,113,30,37,0.0,24.36,2.87434587,USD,False
2026-06-29,2026-06-29T19:02:23Z,SQL Database,eastus2,108,29,36,0.0,24.36,2.98343595,USD,False
2026-06-29,2026-06-29T19:02:23Z,SQL Database,japaneast,150,37,75,0.0,584.208,23.84588713,USD,False
2026-06-29,2026-06-29T19:02:23Z,SQL Database,northeurope,113,30,37,0.0,29.22,3.43563935,USD,False
2026-06-29,2026-06-29T19:02:23Z,SQL Database,southeastasia,111,29,37,0.0,31.66,3.77798125,USD,False
2026-06-29,2026-06-29T19:02:23Z,SQL Database,swedencentral,106,30,74,0.0,516.128,26.50978892,USD,False
2026-06-29,2026-06-29T19:02:23Z,SQL Database,westeurope,113,30,37,0.0,31.66,3.72220855,USD,False
2026-06-29,2026-06-29T19:02:23Z,SQL Database,westus2,111,29,37,0.0,24.36,2.91339714,USD,False
2026-06-29,2026-06-29T19:02:23Z,Storage,australiaeast,200,23,68,0.0,3342.34,23.89177272,USD,True
2026-06-29,2026-06-29T19:02:23Z,Storage,brazilsouth,200,27,62,0.0,4669.71,74.65290366,USD,True
2026-06-29,2026-06-29T19:02:23Z,Storage,eastus,200,28,70,0.0,3686.4,51.35685995,USD,False
2026-06-29,2026-06-29T19:02:23Z,Storage,eastus2,200,25,72,0.0,3686.4,24.146832,USD,False
2026-06-29,2026-06-29T19:02:23Z,Storage,japaneast,200,26,71,0.0,3109.035,41.43337182,USD,False
2026-06-29,2026-06-29T19:02:23Z,Storage,northeurope,200,26,69,0.0,3604.11,53.98662846,USD,False
2026-06-29,2026-06-29T19:02:23Z,Storage,southeastasia,200,28,79,0.0,3686.4,33.44615276,USD,False
2026-06-29,2026-06-29T19:02:23Z,Storage,swedencentral,200,26,76,0.0,3686.4,31.87963216,USD,True
2026-06-29,2026-06-29T19:02:23Z,Storage,westeurope,200,25,73,0.0,1982.17,32.12951834,USD,False
2026-06-29,2026-06-29T19:02:23Z,Storage,westus2,200,26,73,0.0,3686.4,34.08984903,USD,False
2026-06-29,2026-06-29T19:02:23Z,Virtual Machines,australiaeast,200,135,193,0.014026,41.918,2.83716256,USD,True
2026-06-29,2026-06-29T19:02:23Z,Virtual Machines,brazilsouth,200,139,196,0.00303,133.07446,4.94827496,USD,True
2026-06-29,2026-06-29T19:02:23Z,Virtual Machines,eastus,200,142,198,0.0,117.7788,3.82165823,USD,True
2026-06-29,2026-06-29T19:02:23Z,Virtual Machines,eastus2,200,147,200,0.00846,116.052,4.11662961,USD,True
2026-06-29,2026-06-29T19:02:23Z,Virtual Machines,japaneast,200,129,198,0.00864,179.244241,4.59073903,USD,True
2026-06-29,2026-06-29T19:02:23Z,Virtual Machines,northeurope,200,149,200,0.00204,71.50672,2.78711167,USD,True
2026-06-29,2026-06-29T19:02:23Z,Virtual Machines,southeastasia,200,141,198,0.021067,213.0211,6.18305004,USD,True
2026-06-29,2026-06-29T19:02:23Z,Virtual Machines,swedencentral,200,127,198,0.011,196.6272,4.39897042,USD,True
2026-06-29,2026-06-29T19:02:23Z,Virtual Machines,westeurope,200,135,199,0.00216,147.07536,6.45790144,USD,True
2026-06-29,2026-06-29T19:02:23Z,Virtual Machines,westus2,200,151,196,0.004,451.616,7.56839495,USD,True
2026-06-30,2026-06-30T18:57:13Z,Application Gateway,australiaeast,22,8,5,0.008,0.522,0.15022182,USD,False
2026-06-30,2026-06-30T18:57:13Z,Application Gateway,brazilsouth,18,7,5,0.008,0.72,0.20858,USD,False
2026-06-30,2026-06-30T18:57:13Z,Application Gateway,eastus,22,8,5,0.008,0.448,0.12017727,USD,False
2026-06-30,2026-06-30T18:57:13Z,Application Gateway,eastus2,22,8,5,0.008,0.448,0.12017727,USD,False
2026-06-30,2026-06-30T18:57:13Z,Application Gateway,japaneast,14,6,5,0.008,0.522,0.18805857,USD,False
2026-06-30,2026-06-30T18:57:13Z,Application Gateway,northeurope,22,8,5,0.008,0.50176,0.13672182,USD,False
2026-06-30,2026-06-30T18:57:13Z,Application Gateway,southeastasia,22,8,5,0.008,0.50176,0.14207636,USD,False
2026-06-30,2026-06-30T18:57:13Z,Application Gateway,swedencentral,17,7,5,0.0076,0.50176,0.14827176,USD,False
2026-06-30,2026-06-30T18:57:13Z,Application Gateway,westeurope,22,8,5,0.008,0.50176,0.14206727,USD,False
2026-06-30,2026-06-30T18:57:13Z,Application Gateway,westus2,18,7,5,0.008,0.448,0.13827222,USD,False
2026-06-30,2026-06-30T18:57:13Z,Azure App Service,australiaeast,124,20,67,0.016,80.0,3.33422719,USD,False
2026-06-30,2026-06-30T18:57:13Z,Azure App Service,brazilsouth,102,18,56,0.0158,80.0,2.96177998,USD,False
2026-06-30,2026-06-30T18:57:13Z,Azure App Service,eastus,113,16,62,0.017,80.0,3.05313451,USD,False
2026-06-30,2026-06-30T18:57:13Z,Azure App Service,eastus2,117,17,63,0.0,80.0,3.02458982,USD,False
2026-06-30,2026-06-30T18:57:13Z,Azure App Service,japaneast,128,21,68,0.0,80.0,3.31481827,USD,False
2026-06-30,2026-06-30T18:57:13Z,Azure App Service,northeurope,113,16,62,0.018,80.0,3.45700196,USD,False
2026-06-30,2026-06-30T18:57:13Z,Azure App Service,southeastasia,113,16,62,0.018,80.0,3.50719758,USD,False
2026-06-30,2026-06-30T18:57:13Z,Azure App Service,swedencentral,111,17,60,0.0,80.0,3.06190559,USD,False
2026-06-30,2026-06-30T18:57:13Z,Azure App Service,westeurope,117,17,63,0.0,80.0,3.48324291,USD,False
2026-06-30,2026-06-30T18:57:13Z,Azure App Service,westus2,117,17,63,0.0,80.0,3.01730191,USD,False
2026-06-30,2026-06-30T18:57:13Z,Azure Cosmos DB,australiaeast,106,14,81,0.0,32.553,2.54770911,USD,False
2026-06-30,2026-06-30T18:57:13Z,Azure Cosmos DB,brazilsouth,103,14,78,0.0,44.9,3.58415748,USD,False
2026-06-30,2026-06-30T18:57:13Z,Azure Cosmos DB,eastus,99,14,76,0.0,22.45,2.07406196,USD,False
2026-06-30,2026-06-30T18:57:13Z,Azure Cosmos DB,eastus2,99,14,76,0.0,22.45,2.07625388,USD,False
2026-06-30,2026-06-30T18:57:13Z,Azure Cosmos DB,japaneast,106,14,81,0.0,32.553,2.5569471,USD,False
2026-06-30,2026-06-30T18:57:13Z,Azure Cosmos DB,northeurope,106,14,81,0.0,26.94,2.21805191,USD,False
2026-06-30,2026-06-30T18:57:13Z,Azure Cosmos DB,southeastasia,106,14,81,0.0,29.185,2.30645925,USD,False
2026-06-30,2026-06-30T18:57:13Z,Azure Cosmos DB,swedencentral,97,14,73,0.0,29.185,2.587158,USD,False
2026-06-30,2026-06-30T18:57:13Z,Azure Cosmos DB,westeurope,106,14,81,0.0,29.185,2.39201482,USD,False
2026-06-30,2026-06-30T18:57:13Z,Azure Cosmos DB,westus2,99,14,76,0.0,22.45,2.04923503,USD,False
2026-06-30,2026-06-30T18:57:13Z,Azure Database for PostgreSQL,australiaeast,107,41,48,0.0,76.343,4.33323421,USD,False
2026-06-30,2026-06-30T18:57:13Z,Azure Database for PostgreSQL,brazilsouth,111,43,48,0.0,133.345,6.79866926,USD,False
2026-06-30,2026-06-30T18:57:13Z,Azure Database for PostgreSQL,eastus,110,43,48,0.0,63.619,3.43568106,USD,False
2026-06-30,2026-06-30T18:57:13Z,Azure Database for PostgreSQL,eastus2,111,44,48,0.0,63.619,3.40815691,USD,False
2026-06-30,2026-06-30T18:57:13Z,Azure Database for PostgreSQL,japaneast,110,43,48,0.0,76.343,4.21765002,USD,False
2026-06-30,2026-06-30T18:57:13Z,Azure Database for PostgreSQL,northeurope,112,45,48,0.0,71.253,3.76968572,USD,False
2026-06-30,2026-06-30T18:57:13Z,Azure Database for PostgreSQL,southeastasia,110,43,48,0.0,76.343,4.21477941,USD,False
2026-06-30,2026-06-30T18:57:13Z,Azure Database for PostgreSQL,swedencentral,104,41,47,0.0,65.4,3.73360233,USD,False
2026-06-30,2026-06-30T18:57:13Z,Azure Database for PostgreSQL,westeurope,114,47,48,0.0,77.615,4.02451162,USD,False
2026-06-30,2026-06-30T18:57:13Z,Azure Database for PostgreSQL,westus2,107,41,48,0.0,63.619,3.53051698,USD,False
2026-06-30,2026-06-30T18:57:13Z,Azure Kubernetes Service,australiaeast,8,1,1,0.010602,0.16,0.0385475,USD,False
2026-06-30,2026-06-30T18:57:13Z,Azure Kubernetes Service,brazilsouth,8,1,1,0.014624,0.16,0.045583,USD,False
2026-06-30,2026-06-30T18:57:13Z,Azure Kubernetes Service,eastus,9,2,2,0.007312,0.6,0.09581467,USD,False
2026-06-30,2026-06-30T18:57:13Z,Azure Kubernetes Service,eastus2,8,1,1,0.007312,0.16,0.0327915,USD,False
2026-06-30,2026-06-30T18:57:13Z,Azure Kubernetes Service,japaneast,8,1,1,0.010602,0.16,0.0385475,USD,False
2026-06-30,2026-06-30T18:57:13Z,Azure Kubernetes Service,northeurope,8,1,1,0.008774,0.16,0.0353495,USD,False
2026-06-30,2026-06-30T18:57:13Z,Azure Kubernetes Service,southeastasia,8,1,1,0.009506,0.16,0.036629,USD,False
2026-06-30,2026-06-30T18:57:13Z,Azure Kubernetes Service,swedencentral,8,1,1,0.009506,0.16,0.036629,USD,False
2026-06-30,2026-06-30T18:57:13Z,Azure Kubernetes Service,westeurope,8,1,1,0.010456,0.16,0.03829175,USD,False
2026-06-30,2026-06-30T18:57:13Z,Azure Kubernetes Service,westus2,8,1,1,0.007312,0.16,0.0327915,USD,False
2026-06-30,2026-06-30T18:57:13Z,Functions,australiaeast,9,2,3,0.0,0.182,0.02167433,USD,False
2026-06-30,2026-06-30T18:57:13Z,Functions,brazilsouth,9,2,3,0.0,0.183,0.02179656,USD,False
2026-06-30,2026-06-30T18:57:13Z,Functions,eastus,9,2,3,0.0,0.173,0.02059489,USD,False
2026-06-30,2026-06-30T18:57:13Z,Functions,eastus2,9,2,3,0.0,0.16,0.01905044,USD,False
2026-06-30,2026-06-30T18:57:13Z,Functions,japaneast,9,2,3,0.0,0.196,0.02333933,USD,False
2026-06-30,2026-06-30T18:57:13Z,Functions,northeurope,9,2,3,0.0,0.167,0.01988378,USD,False
2026-06-30,2026-06-30T18:57:13Z,Functions,southeastasia,9,2,3,0.0,0.178,0.02119656,USD,False
2026-06-30,2026-06-30T18:57:13Z,Functions,swedencentral,9,2,3,0.0,0.169,0.02012822,USD,False
2026-06-30,2026-06-30T18:57:13Z,Functions,westeurope,9,2,3,0.0,0.169,0.02012822,USD,False
2026-06-30,2026-06-30T18:57:13Z,Functions,westus2,9,2,3,0.0,0.16,0.01905044,USD,False
2026-06-30,2026-06-30T18:57:13Z,Load Balancer,australiaeast,0,0,0,,,,USD,False
2026-06-30,2026-06-30T18:57:13Z,Load Balancer,brazilsouth,0,0,0,,,,USD,False
2026-06-30,2026-06-30T18:57:13Z,Load Balancer,eastus,0,0,0,,,,USD,False
2026-06-30,2026-06-30T18:57:13Z,Load Balancer,eastus2,0,0,0,,,,USD,False
2026-06-30,2026-06-30T18:57:13Z,Load Balancer,japaneast,0,0,0,,,,USD,False
2026-06-30,2026-06-30T18:57:13Z,Load Balancer,northeurope,0,0,0,,,,USD,False
2026-06-30,2026-06-30T18:57:13Z,Load Balancer,southeastasia,0,0,0,,,,USD,False
2026-06-30,2026-06-30T18:57:13Z,Load Balancer,swedencentral,0,0,0,,,,USD,False
2026-06-30,2026-06-30T18:57:13Z,Load Balancer,westeurope,0,0,0,,,,USD,False
2026-06-30,2026-06-30T18:57:13Z,Load Balancer,westus2,0,0,0,,,,USD,False
2026-06-30,2026-06-30T18:57:13Z,SQL Database,australiaeast,154,37,77,0.0,571.408,22.78711522,USD,False
2026-06-30,2026-06-30T18:57:13Z,SQL Database,brazilsouth,109,35,71,0.0,627.26,31.3701431,USD,False
2026-06-30,2026-06-30T18:57:13Z,SQL Database,eastus,113,30,37,0.0,24.36,2.87434587,USD,False
2026-06-30,2026-06-30T18:57:13Z,SQL Database,eastus2,108,29,36,0.0,24.36,2.98343595,USD,False
2026-06-30,2026-06-30T18:57:13Z,SQL Database,japaneast,150,37,75,0.0,584.208,23.84588713,USD,False
2026-06-30,2026-06-30T18:57:13Z,SQL Database,northeurope,113,30,37,0.0,29.22,3.43563935,USD,False
2026-06-30,2026-06-30T18:57:13Z,SQL Database,southeastasia,111,29,37,0.0,31.66,3.77798125,USD,False
2026-06-30,2026-06-30T18:57:13Z,SQL Database,swedencentral,106,30,74,0.0,516.128,26.50978892,USD,False
2026-06-30,2026-06-30T18:57:13Z,SQL Database,westeurope,113,30,37,0.0,31.66,3.72220855,USD,False
2026-06-30,2026-06-30T18:57:13Z,SQL Database,westus2,111,29,37,0.0,24.36,2.91339714,USD,False
2026-06-30,2026-06-30T18:57:13Z,Storage,australiaeast,200,23,68,0.0,3342.34,23.89177272,USD,True
2026-06-30,2026-06-30T18:57:13Z,Storage,brazilsouth,200,27,62,0.0,4669.71,74.65290366,USD,True
2026-06-30,2026-06-30T18:57:13Z,Storage,eastus,200,28,70,0.0,3686.4,51.35685995,USD,False
2026-06-30,2026-06-30T18:57:13Z,Storage,eastus2,200,25,72,0.0,3686.4,24.146832,USD,False
2026-06-30,2026-06-30T18:57:13Z,Storage,japaneast,200,26,71,0.0,3109.035,41.43337182,USD,False
2026-06-30,2026-06-30T18:57:13Z,Storage,northeurope,200,26,69,0.0,3604.11,53.98662846,USD,False
2026-06-30,2026-06-30T18:57:13Z,Storage,southeastasia,200,28,79,0.0,3686.4,33.44615276,USD,False
2026-06-30,2026-06-30T18:57:13Z,Storage,swedencentral,200,26,76,0.0,3686.4,31.87963216,USD,True
2026-06-30,2026-06-30T18:57:13Z,Storage,westeurope,200,25,73,0.0,1982.17,32.12951834,USD,False
2026-06-30,2026-06-30T18:57:13Z,Storage,westus2,200,26,73,0.0,3686.4,34.08984903,USD,False
2026-06-30,2026-06-30T18:57:13Z,Virtual Machines,australiaeast,200,135,193,0.014026,41.918,2.83716256,USD,True
2026-06-30,2026-06-30T18:57:13Z,Virtual Machines,brazilsouth,200,139,196,0.00303,133.07446,4.94827496,USD,True
2026-06-30,2026-06-30T18:57:13Z,Virtual Machines,eastus,200,142,198,0.0,117.7788,3.82165823,USD,True
2026-06-30,2026-06-30T18:57:13Z,Virtual Machines,eastus2,200,147,200,0.00846,116.052,4.11662961,USD,True
2026-06-30,2026-06-30T18:57:13Z,Virtual Machines,japaneast,200,129,198,0.00864,179.244241,4.59073903,USD,True
2026-06-30,2026-06-30T18:57:13Z,Virtual Machines,northeurope,200,149,200,0.00204,71.50672,2.78711167,USD,True
2026-06-30,2026-06-30T18:57:13Z,Virtual Machines,southeastasia,200,141,198,0.021067,213.0211,6.18305004,USD,True
2026-06-30,2026-06-30T18:57:13Z,Virtual Machines,swedencentral,200,127,198,0.011,196.6272,4.39897042,USD,True
2026-06-30,2026-06-30T18:57:13Z,Virtual Machines,westeurope,200,135,199,0.00216,147.07536,6.45790144,USD,True
2026-06-30,2026-06-30T18:57:13Z,Virtual Machines,westus2,200,151,196,0.004,451.616,7.56839495,USD,True
2026-07-01,2026-07-01T18:58:03Z,Application Gateway,australiaeast,22,8,5,0.008,0.522,0.15022182,USD,False
2026-07-01,2026-07-01T18:58:03Z,Application Gateway,brazilsouth,18,7,5,0.008,0.72,0.20858,USD,False
2026-07-01,2026-07-01T18:58:03Z,Application Gateway,eastus,22,8,5,0.008,0.448,0.12017727,USD,False
2026-07-01,2026-07-01T18:58:03Z,Application Gateway,eastus2,22,8,5,0.008,0.448,0.12017727,USD,False
2026-07-01,2026-07-01T18:58:03Z,Application Gateway,japaneast,22,7,5,0.008,0.522,0.13988045,USD,False
2026-07-01,2026-07-01T18:58:03Z,Application Gateway,northeurope,22,8,5,0.008,0.50176,0.13672182,USD,False
2026-07-01,2026-07-01T18:58:03Z,Application Gateway,southeastasia,22,8,5,0.008,0.50176,0.14207636,USD,False
2026-07-01,2026-07-01T18:58:03Z,Application Gateway,swedencentral,19,7,5,0.0076,0.50176,0.15424316,USD,False
2026-07-01,2026-07-01T18:58:03Z,Application Gateway,westeurope,22,8,5,0.008,0.50176,0.14206727,USD,False
2026-07-01,2026-07-01T18:58:03Z,Application Gateway,westus2,18,7,5,0.008,0.448,0.13827222,USD,False
2026-07-01,2026-07-01T18:58:03Z,Azure App Service,australiaeast,124,20,67,0.016,80.0,3.33422719,USD,False
2026-07-01,2026-07-01T18:58:03Z,Azure App Service,brazilsouth,102,18,56,0.0158,80.0,2.96177998,USD,False
2026-07-01,2026-07-01T18:58:03Z,Azure App Service,eastus,113,16,62,0.017,80.0,3.05313451,USD,False
2026-07-01,2026-07-01T18:58:03Z,Azure App Service,eastus2,117,17,63,0.0,80.0,3.02458982,USD,False
2026-07-01,2026-07-01T18:58:03Z,Azure App Service,japaneast,128,21,68,0.0,80.0,3.31481827,USD,False
2026-07-01,2026-07-01T18:58:03Z,Azure App Service,northeurope,113,16,62,0.018,80.0,3.45700196,USD,False
2026-07-01,2026-07-01T18:58:03Z,Azure App Service,southeastasia,113,16,62,0.018,80.0,3.50719758,USD,False
2026-07-01,2026-07-01T18:58:03Z,Azure App Service,swedencentral,111,17,60,0.0,80.0,3.06190559,USD,False
2026-07-01,2026-07-01T18:58:03Z,Azure App Service,westeurope,117,17,63,0.0,80.0,3.48324291,USD,False
2026-07-01,2026-07-01T18:58:03Z,Azure App Service,westus2,117,17,63,0.0,80.0,3.01730191,USD,False
2026-07-01,2026-07-01T18:58:03Z,Azure Cosmos DB,australiaeast,106,14,81,0.0,32.553,2.54770911,USD,False
2026-07-01,2026-07-01T18:58:03Z,Azure Cosmos DB,brazilsouth,103,14,78,0.0,44.9,3.58415748,USD,False
2026-07-01,2026-07-01T18:58:03Z,Azure Cosmos DB,eastus,99,14,76,0.0,22.45,2.07406196,USD,False
2026-07-01,2026-07-01T18:58:03Z,Azure Cosmos DB,eastus2,99,14,76,0.0,22.45,2.07625388,USD,False
2026-07-01,2026-07-01T18:58:03Z,Azure Cosmos DB,japaneast,106,14,81,0.0,32.553,2.5569471,USD,False
2026-07-01,2026-07-01T18:58:03Z,Azure Cosmos DB,northeurope,106,14,81,0.0,26.94,2.21805191,USD,False
2026-07-01,2026-07-01T18:58:03Z,Azure Cosmos DB,southeastasia,106,14,81,0.0,29.185,2.30645925,USD,False
2026-07-01,2026-07-01T18:58:03Z,Azure Cosmos DB,swedencentral,97,14,73,0.0,29.185,2.587158,USD,False
2026-07-01,2026-07-01T18:58:03Z,Azure Cosmos DB,westeurope,106,14,81,0.0,29.185,2.39201482,USD,False
2026-07-01,2026-07-01T18:58:03Z,Azure Cosmos DB,westus2,99,14,76,0.0,22.45,2.04923503,USD,False
2026-07-01,2026-07-01T18:58:03Z,Azure Database for PostgreSQL,australiaeast,107,41,48,0.0,76.343,4.33323421,USD,False
2026-07-01,2026-07-01T18:58:03Z,Azure Database for PostgreSQL,brazilsouth,111,43,48,0.0,133.345,6.79866926,USD,False
2026-07-01,2026-07-01T18:58:03Z,Azure Database for PostgreSQL,eastus,110,43,48,0.0,63.619,3.43568106,USD,False
2026-07-01,2026-07-01T18:58:03Z,Azure Database for PostgreSQL,eastus2,111,44,48,0.0,63.619,3.40815691,USD,False
2026-07-01,2026-07-01T18:58:03Z,Azure Database for PostgreSQL,japaneast,110,43,48,0.0,76.343,4.21765002,USD,False
2026-07-01,2026-07-01T18:58:03Z,Azure Database for PostgreSQL,northeurope,112,45,48,0.0,71.253,3.76968572,USD,False
2026-07-01,2026-07-01T18:58:03Z,Azure Database for PostgreSQL,southeastasia,110,43,48,0.0,76.343,4.21477941,USD,False
2026-07-01,2026-07-01T18:58:03Z,Azure Database for PostgreSQL,swedencentral,104,41,47,0.0,65.4,3.73360233,USD,False
2026-07-01,2026-07-01T18:58:03Z,Azure Database for PostgreSQL,westeurope,114,47,48,0.0,77.615,4.02451162,USD,False
2026-07-01,2026-07-01T18:58:03Z,Azure Database for PostgreSQL,westus2,107,41,48,0.0,63.619,3.53051698,USD,False
2026-07-01,2026-07-01T18:58:03Z,Azure Kubernetes Service,australiaeast,8,1,1,0.010602,0.16,0.0385475,USD,False
2026-07-01,2026-07-01T18:58:03Z,Azure Kubernetes Service,brazilsouth,8,1,1,0.014624,0.16,0.045583,USD,False
2026-07-01,2026-07-01T18:58:03Z,Azure Kubernetes Service,eastus,9,2,2,0.007312,0.6,0.09581467,USD,False
2026-07-01,2026-07-01T18:58:03Z,Azure Kubernetes Service,eastus2,8,1,1,0.007312,0.16,0.0327915,USD,False
2026-07-01,2026-07-01T18:58:03Z,Azure Kubernetes Service,japaneast,8,1,1,0.010602,0.16,0.0385475,USD,False
2026-07-01,2026-07-01T18:58:03Z,Azure Kubernetes Service,northeurope,8,1,1,0.008774,0.16,0.0353495,USD,False
2026-07-01,2026-07-01T18:58:03Z,Azure Kubernetes Service,southeastasia,8,1,1,0.009506,0.16,0.036629,USD,False
2026-07-01,2026-07-01T18:58:03Z,Azure Kubernetes Service,swedencentral,8,1,1,0.009506,0.16,0.036629,USD,False
2026-07-01,2026-07-01T18:58:03Z,Azure Kubernetes Service,westeurope,8,1,1,0.010456,0.16,0.03829175,USD,False
2026-07-01,2026-07-01T18:58:03Z,Azure Kubernetes Service,westus2,8,1,1,0.007312,0.16,0.0327915,USD,False
2026-07-01,2026-07-01T18:58:03Z,Functions,australiaeast,9,2,3,0.0,0.182,0.02167433,USD,False
2026-07-01,2026-07-01T18:58:03Z,Functions,brazilsouth,9,2,3,0.0,0.183,0.02179656,USD,False
2026-07-01,2026-07-01T18:58:03Z,Functions,eastus,9,2,3,0.0,0.173,0.02059489,USD,False
2026-07-01,2026-07-01T18:58:03Z,Functions,eastus2,9,2,3,0.0,0.16,0.01905044,USD,False
2026-07-01,2026-07-01T18:58:03Z,Functions,japaneast,9,2,3,0.0,0.196,0.02333933,USD,False
2026-07-01,2026-07-01T18:58:03Z,Functions,northeurope,9,2,3,0.0,0.167,0.01988378,USD,False
2026-07-01,2026-07-01T18:58:03Z,Functions,southeastasia,9,2,3,0.0,0.178,0.02119656,USD,False
2026-07-01,2026-07-01T18:58:03Z,Functions,swedencentral,9,2,3,0.0,0.169,0.02012822,USD,False
2026-07-01,2026-07-01T18:58:03Z,Functions,westeurope,9,2,3,0.0,0.169,0.02012822,USD,False
2026-07-01,2026-07-01T18:58:03Z,Functions,westus2,9,2,3,0.0,0.16,0.01905044,USD,False
2026-07-01,2026-07-01T18:58:03Z,Load Balancer,australiaeast,0,0,0,,,,USD,False
2026-07-01,2026-07-01T18:58:03Z,Load Balancer,brazilsouth,0,0,0,,,,USD,False
2026-07-01,2026-07-01T18:58:03Z,Load Balancer,eastus,0,0,0,,,,USD,False
2026-07-01,2026-07-01T18:58:03Z,Load Balancer,eastus2,0,0,0,,,,USD,False
2026-07-01,2026-07-01T18:58:03Z,Load Balancer,japaneast,0,0,0,,,,USD,False
2026-07-01,2026-07-01T18:58:03Z,Load Balancer,northeurope,0,0,0,,,,USD,False
2026-07-01,2026-07-01T18:58:03Z,Load Balancer,southeastasia,0,0,0,,,,USD,False
2026-07-01,2026-07-01T18:58:03Z,Load Balancer,swedencentral,0,0,0,,,,USD,False
2026-07-01,2026-07-01T18:58:03Z,Load Balancer,westeurope,0,0,0,,,,USD,False
2026-07-01,2026-07-01T18:58:03Z,Load Balancer,westus2,0,0,0,,,,USD,False
2026-07-01,2026-07-01T18:58:03Z,SQL Database,australiaeast,154,37,77,0.0,571.408,22.78711522,USD,False
2026-07-01,2026-07-01T18:58:03Z,SQL Database,brazilsouth,109,35,71,0.0,627.26,31.3701431,USD,False
2026-07-01,2026-07-01T18:58:03Z,SQL Database,eastus,113,30,37,0.0,24.36,2.87434587,USD,False
2026-07-01,2026-07-01T18:58:03Z,SQL Database,eastus2,108,29,36,0.0,24.36,2.98343595,USD,False
2026-07-01,2026-07-01T18:58:03Z,SQL Database,japaneast,150,37,75,0.0,584.208,23.84588713,USD,False
2026-07-01,2026-07-01T18:58:03Z,SQL Database,northeurope,113,30,37,0.0,29.22,3.43563935,USD,False
2026-07-01,2026-07-01T18:58:03Z,SQL Database,southeastasia,111,29,37,0.0,31.66,3.77798125,USD,False
2026-07-01,2026-07-01T18:58:03Z,SQL Database,swedencentral,106,30,74,0.0,516.128,26.50978892,USD,False
2026-07-01,2026-07-01T18:58:03Z,SQL Database,westeurope,113,30,37,0.0,31.66,3.72220855,USD,False
2026-07-01,2026-07-01T18:58:03Z,SQL Database,westus2,111,29,37,0.0,24.36,2.91339714,USD,False
2026-07-01,2026-07-01T18:58:03Z,Storage,australiaeast,200,23,68,0.0,3342.34,23.89177272,USD,True
2026-07-01,2026-07-01T18:58:03Z,Storage,brazilsouth,200,27,62,0.0,4669.71,74.65290366,USD,True
2026-07-01,2026-07-01T18:58:03Z,Storage,eastus,200,28,70,0.0,3686.4,51.35685995,USD,False
2026-07-01,2026-07-01T18:58:03Z,Storage,eastus2,200,25,72,0.0,3686.4,24.146832,USD,False
2026-07-01,2026-07-01T18:58:03Z,Storage,japaneast,200,26,71,0.0,3109.035,41.43337182,USD,False
2026-07-01,2026-07-01T18:58:03Z,Storage,northeurope,200,26,69,0.0,3604.11,53.98662846,USD,False
2026-07-01,2026-07-01T18:58:03Z,Storage,southeastasia,200,28,79,0.0,3686.4,33.44566676,USD,False
2026-07-01,2026-07-01T18:58:03Z,Storage,swedencentral,200,26,76,0.0,3686.4,31.87963216,USD,True
2026-07-01,2026-07-01T18:58:03Z,Storage,westeurope,200,25,73,0.0,1982.17,32.12951834,USD,False
2026-07-01,2026-07-01T18:58:03Z,Storage,westus2,200,26,73,0.0,3686.4,34.08984903,USD,False
2026-07-01,2026-07-01T18:58:03Z,Virtual Machines,australiaeast,200,132,187,0.02735,41.918,2.7715742,USD,True
2026-07-01,2026-07-01T18:58:03Z,Virtual Machines,brazilsouth,200,136,189,0.00303,133.07446,5.20803156,USD,True
2026-07-01,2026-07-01T18:58:03Z,Virtual Machines,eastus,200,136,186,0.0,117.7788,3.7002907,USD,True
2026-07-01,2026-07-01T18:58:03Z,Virtual Machines,eastus2,200,145,197,0.00846,116.052,4.11443517,USD,True
2026-07-01,2026-07-01T18:58:03Z,Virtual Machines,japaneast,200,129,198,0.00864,179.244241,4.59030583,USD,True
2026-07-01,2026-07-01T18:58:03Z,Virtual Machines,northeurope,200,145,194,0.00204,71.50672,2.7658635,USD,True
2026-07-01,2026-07-01T18:58:03Z,Virtual Machines,southeastasia,200,137,192,0.021067,213.0211,6.08158844,USD,True
2026-07-01,2026-07-01T18:58:03Z,Virtual Machines,swedencentral,200,125,192,0.011,196.6272,4.32977389,USD,True
2026-07-01,2026-07-01T18:58:03Z,Virtual Machines,westeurope,200,135,195,0.00216,139.89936,5.57889903,USD,True
2026-07-01,2026-07-01T18:58:03Z,Virtual Machines,westus2,200,146,189,0.004,451.616,7.49074007,USD,True
2026-07-02,2026-07-02T19:52:50Z,Application Gateway,australiaeast,22,8,5,0.008,0.522,0.15022182,USD,False
2026-07-02,2026-07-02T19:52:50Z,Application Gateway,brazilsouth,18,7,5,0.008,0.72,0.20858,USD,False
2026-07-02,2026-07-02T19:52:50Z,Application Gateway,eastus,22,8,5,0.008,0.448,0.12017727,USD,False
2026-07-02,2026-07-02T19:52:50Z,Application Gateway,eastus2,22,8,5,0.008,0.448,0.12017727,USD,False
2026-07-02,2026-07-02T19:52:50Z,Application Gateway,japaneast,18,7,5,0.008,0.522,0.16874278,USD,False
2026-07-02,2026-07-02T19:52:50Z,Application Gateway,northeurope,22,8,5,0.008,0.50176,0.13672182,USD,False
2026-07-02,2026-07-02T19:52:50Z,Application Gateway,southeastasia,22,8,5,0.008,0.50176,0.14207636,USD,False
2026-07-02,2026-07-02T19:52:50Z,Application Gateway,swedencentral,18,7,5,0.0076,0.50176,0.16225667,USD,False
2026-07-02,2026-07-02T19:52:50Z,Application Gateway,westeurope,22,8,5,0.008,0.50176,0.14206727,USD,False
2026-07-02,2026-07-02T19:52:50Z,Application Gateway,westus2,18,7,5,0.008,0.448,0.13827222,USD,False
2026-07-02,2026-07-02T19:52:50Z,Azure App Service,australiaeast,124,20,67,0.016,80.0,3.33422719,USD,False
2026-07-02,2026-07-02T19:52:50Z,Azure App Service,brazilsouth,102,18,56,0.0158,80.0,2.96177998,USD,False
2026-07-02,2026-07-02T19:52:50Z,Azure App Service,eastus,113,16,62,0.017,80.0,3.05313451,USD,False
2026-07-02,2026-07-02T19:52:50Z,Azure App Service,eastus2,117,17,63,0.0,80.0,3.02458982,USD,False
2026-07-02,2026-07-02T19:52:50Z,Azure App Service,japaneast,128,21,68,0.0,80.0,3.31481827,USD,False
2026-07-02,2026-07-02T19:52:50Z,Azure App Service,northeurope,113,16,62,0.018,80.0,3.45700196,USD,False
2026-07-02,2026-07-02T19:52:50Z,Azure App Service,southeastasia,113,16,62,0.018,80.0,3.50719758,USD,False
2026-07-02,2026-07-02T19:52:50Z,Azure App Service,swedencentral,111,17,60,0.0,80.0,3.06190559,USD,False
2026-07-02,2026-07-02T19:52:50Z,Azure App Service,westeurope,117,17,63,0.0,80.0,3.48324291,USD,False
2026-07-02,2026-07-02T19:52:50Z,Azure App Service,westus2,117,17,63,0.0,80.0,3.01730191,USD,False
2026-07-02,2026-07-02T19:52:50Z,Azure Cosmos DB,australiaeast,106,14,81,0.0,32.553,2.54770911,USD,False
2026-07-02,2026-07-02T19:52:50Z,Azure Cosmos DB,brazilsouth,103,14,78,0.0,44.9,3.58415748,USD,False
2026-07-02,2026-07-02T19:52:50Z,Azure Cosmos DB,eastus,99,14,76,0.0,22.45,2.07406196,USD,False
2026-07-02,2026-07-02T19:52:50Z,Azure Cosmos DB,eastus2,99,14,76,0.0,22.45,2.07625388,USD,False
2026-07-02,2026-07-02T19:52:50Z,Azure Cosmos DB,japaneast,106,14,81,0.0,32.553,2.5569471,USD,False
2026-07-02,2026-07-02T19:52:50Z,Azure Cosmos DB,northeurope,106,14,81,0.0,26.94,2.21805191,USD,False
2026-07-02,2026-07-02T19:52:50Z,Azure Cosmos DB,southeastasia,106,14,81,0.0,29.185,2.30645925,USD,False
2026-07-02,2026-07-02T19:52:50Z,Azure Cosmos DB,swedencentral,97,14,73,0.0,29.185,2.587158,USD,False
2026-07-02,2026-07-02T19:52:50Z,Azure Cosmos DB,westeurope,106,14,81,0.0,29.185,2.39201482,USD,False
2026-07-02,2026-07-02T19:52:50Z,Azure Cosmos DB,westus2,99,14,76,0.0,22.45,2.04923503,USD,False
2026-07-02,2026-07-02T19:52:50Z,Azure Database for PostgreSQL,australiaeast,107,41,48,0.0,76.343,4.33323421,USD,False
2026-07-02,2026-07-02T19:52:50Z,Azure Database for PostgreSQL,brazilsouth,111,43,48,0.0,133.345,6.79866926,USD,False
2026-07-02,2026-07-02T19:52:50Z,Azure Database for PostgreSQL,eastus,110,43,48,0.0,63.619,3.43568106,USD,False
2026-07-02,2026-07-02T19:52:50Z,Azure Database for PostgreSQL,eastus2,111,44,48,0.0,63.619,3.40815691,USD,False
2026-07-02,2026-07-02T19:52:50Z,Azure Database for PostgreSQL,japaneast,110,43,48,0.0,76.343,4.21765002,USD,False
2026-07-02,2026-07-02T19:52:50Z,Azure Database for PostgreSQL,northeurope,112,45,48,0.0,71.253,3.76968572,USD,False
2026-07-02,2026-07-02T19:52:50Z,Azure Database for PostgreSQL,southeastasia,110,43,48,0.0,76.343,4.21477941,USD,False
2026-07-02,2026-07-02T19:52:50Z,Azure Database for PostgreSQL,swedencentral,104,41,47,0.0,65.4,3.73360233,USD,False
2026-07-02,2026-07-02T19:52:50Z,Azure Database for PostgreSQL,westeurope,114,47,48,0.0,77.615,4.02451162,USD,False
2026-07-02,2026-07-02T19:52:50Z,Azure Database for PostgreSQL,westus2,107,41,48,0.0,63.619,3.53051698,USD,False
2026-07-02,2026-07-02T19:52:50Z,Azure Kubernetes Service,australiaeast,8,1,1,0.010602,0.16,0.0385475,USD,False
2026-07-02,2026-07-02T19:52:50Z,Azure Kubernetes Service,brazilsouth,8,1,1,0.014624,0.16,0.045583,USD,False
2026-07-02,2026-07-02T19:52:50Z,Azure Kubernetes Service,eastus,9,2,2,0.007312,0.6,0.09581467,USD,False
2026-07-02,2026-07-02T19:52:50Z,Azure Kubernetes Service,eastus2,8,1,1,0.007312,0.16,0.0327915,USD,False
2026-07-02,2026-07-02T19:52:50Z,Azure Kubernetes Service,japaneast,8,1,1,0.010602,0.16,0.0385475,USD,False
2026-07-02,2026-07-02T19:52:50Z,Azure Kubernetes Service,northeurope,8,1,1,0.008774,0.16,0.0353495,USD,False
2026-07-02,2026-07-02T19:52:50Z,Azure Kubernetes Service,southeastasia,8,1,1,0.009506,0.16,0.036629,USD,False
2026-07-02,2026-07-02T19:52:50Z,Azure Kubernetes Service,swedencentral,8,1,1,0.009506,0.16,0.036629,USD,False
2026-07-02,2026-07-02T19:52:50Z,Azure Kubernetes Service,westeurope,8,1,1,0.010456,0.16,0.03829175,USD,False
2026-07-02,2026-07-02T19:52:50Z,Azure Kubernetes Service,westus2,8,1,1,0.007312,0.16,0.0327915,USD,False
2026-07-02,2026-07-02T19:52:50Z,Functions,australiaeast,9,2,3,0.0,0.182,0.02167433,USD,False
2026-07-02,2026-07-02T19:52:50Z,Functions,brazilsouth,9,2,3,0.0,0.183,0.02179656,USD,False
2026-07-02,2026-07-02T19:52:50Z,Functions,eastus,9,2,3,0.0,0.173,0.02059489,USD,False
2026-07-02,2026-07-02T19:52:50Z,Functions,eastus2,9,2,3,0.0,0.16,0.01905044,USD,False
2026-07-02,2026-07-02T19:52:50Z,Functions,japaneast,9,2,3,0.0,0.196,0.02333933,USD,False
2026-07-02,2026-07-02T19:52:50Z,Functions,northeurope,9,2,3,0.0,0.167,0.01988378,USD,False
2026-07-02,2026-07-02T19:52:50Z,Functions,southeastasia,9,2,3,0.0,0.178,0.02119656,USD,False
2026-07-02,2026-07-02T19:52:50Z,Functions,swedencentral,9,2,3,0.0,0.169,0.02012822,USD,False
2026-07-02,2026-07-02T19:52:50Z,Functions,westeurope,9,2,3,0.0,0.169,0.02012822,USD,False
2026-07-02,2026-07-02T19:52:50Z,Functions,westus2,9,2,3,0.0,0.16,0.01905044,USD,False
2026-07-02,2026-07-02T19:52:50Z,Load Balancer,australiaeast,0,0,0,,,,USD,False
2026-07-02,2026-07-02T19:52:50Z,Load Balancer,brazilsouth,0,0,0,,,,USD,False
2026-07-02,2026-07-02T19:52:50Z,Load Balancer,eastus,0,0,0,,,,USD,False
2026-07-02,2026-07-02T19:52:50Z,Load Balancer,eastus2,0,0,0,,,,USD,False
2026-07-02,2026-07-02T19:52:50Z,Load Balancer,japaneast,0,0,0,,,,USD,False
2026-07-02,2026-07-02T19:52:50Z,Load Balancer,northeurope,0,0,0,,,,USD,False
2026-07-02,2026-07-02T19:52:50Z,Load Balancer,southeastasia,0,0,0,,,,USD,False
2026-07-02,2026-07-02T19:52:50Z,Load Balancer,swedencentral,0,0,0,,,,USD,False
2026-07-02,2026-07-02T19:52:50Z,Load Balancer,westeurope,0,0,0,,,,USD,False
2026-07-02,2026-07-02T19:52:50Z,Load Balancer,westus2,0,0,0,,,,USD,False
2026-07-02,2026-07-02T19:52:50Z,SQL Database,australiaeast,154,37,77,0.0,571.408,22.78711522,USD,False
2026-07-02,2026-07-02T19:52:50Z,SQL Database,brazilsouth,109,35,71,0.0,627.26,31.3701431,USD,False
2026-07-02,2026-07-02T19:52:50Z,SQL Database,eastus,113,30,37,0.0,24.36,2.87434587,USD,False
2026-07-02,2026-07-02T19:52:50Z,SQL Database,eastus2,108,29,36,0.0,24.36,2.98343595,USD,False
2026-07-02,2026-07-02T19:52:50Z,SQL Database,japaneast,150,37,75,0.0,584.208,23.84588713,USD,False
2026-07-02,2026-07-02T19:52:50Z,SQL Database,northeurope,113,30,37,0.0,29.22,3.43563935,USD,False
2026-07-02,2026-07-02T19:52:50Z,SQL Database,southeastasia,111,29,37,0.0,31.66,3.77798125,USD,False
2026-07-02,2026-07-02T19:52:50Z,SQL Database,swedencentral,106,30,74,0.0,516.128,26.50978892,USD,False
2026-07-02,2026-07-02T19:52:50Z,SQL Database,westeurope,113,30,37,0.0,31.66,3.72220855,USD,False
2026-07-02,2026-07-02T19:52:50Z,SQL Database,westus2,111,29,37,0.0,24.36,2.91339714,USD,False
2026-07-02,2026-07-02T19:52:50Z,Storage,australiaeast,200,23,68,0.0,3342.34,23.89177272,USD,True
2026-07-02,2026-07-02T19:52:50Z,Storage,brazilsouth,200,27,62,0.0,4669.71,74.65290366,USD,True
2026-07-02,2026-07-02T19:52:50Z,Storage,eastus,200,28,70,0.0,3686.4,51.35685995,USD,False
2026-07-02,2026-07-02T19:52:50Z,Storage,eastus2,200,25,72,0.0,3686.4,24.146832,USD,False
2026-07-02,2026-07-02T19:52:50Z,Storage,japaneast,200,26,71,0.0,3109.035,41.43337182,USD,False
2026-07-02,2026-07-02T19:52:50Z,Storage,northeurope,200,26,69,0.0,3604.11,53.98662846,USD,False
2026-07-02,2026-07-02T19:52:50Z,Storage,southeastasia,200,28,79,0.0,3686.4,33.44616051,USD,False
2026-07-02,2026-07-02T19:52:50Z,Storage,swedencentral,200,26,76,0.0,3686.4,31.87963216,USD,True
2026-07-02,2026-07-02T19:52:50Z,Storage,westeurope,200,25,73,0.0,1982.17,32.12951834,USD,False
2026-07-02,2026-07-02T19:52:50Z,Storage,westus2,200,26,73,0.0,3686.4,34.08984903,USD,False
2026-07-02,2026-07-02T19:52:50Z,Virtual Machines,australiaeast,200,133,190,0.014026,41.918,2.7798842,USD,True
2026-07-02,2026-07-02T19:52:50Z,Virtual Machines,brazilsouth,200,136,191,0.00303,133.07446,4.96846857,USD,True
2026-07-02,2026-07-02T19:52:50Z,Virtual Machines,eastus,200,137,187,0.0,117.7788,3.69740834,USD,True
2026-07-02,2026-07-02T19:52:50Z,Virtual Machines,eastus2,200,145,197,0.00846,116.052,4.11443517,USD,True
2026-07-02,2026-07-02T19:52:50Z,Virtual Machines,japaneast,200,129,198,0.00864,179.244241,4.59030583,USD,True
2026-07-02,2026-07-02T19:52:50Z,Virtual Machines,northeurope,200,145,194,0.00204,71.50672,2.7658635,USD,True
2026-07-02,2026-07-02T19:52:50Z,Virtual Machines,southeastasia,200,137,192,0.021067,213.0211,6.08158844,USD,True
2026-07-02,2026-07-02T19:52:50Z,Virtual Machines,swedencentral,200,125,196,0.011,196.6272,4.38507544,USD,True
2026-07-02,2026-07-02T19:52:50Z,Virtual Machines,westeurope,200,135,196,0.00216,139.89936,5.71138725,USD,True
2026-07-02,2026-07-02T19:52:50Z,Virtual Machines,westus2,200,147,190,0.004,451.616,7.51282883,USD,True
2026-07-03,2026-07-03T19:50:22Z,Application Gateway,australiaeast,22,8,5,0.008,0.522,0.15022182,USD,False
2026-07-03,2026-07-03T19:50:22Z,Application Gateway,brazilsouth,18,7,5,0.008,0.72,0.20858,USD,False
2026-07-03,2026-07-03T19:50:22Z,Application Gateway,eastus,22,8,5,0.008,0.448,0.12017727,USD,False
2026-07-03,2026-07-03T19:50:22Z,Application Gateway,eastus2,22,8,5,0.008,0.448,0.12017727,USD,False
2026-07-03,2026-07-03T19:50:22Z,Application Gateway,japaneast,18,7,5,0.008,0.522,0.16874278,USD,False
2026-07-03,2026-07-03T19:50:22Z,Application Gateway,northeurope,22,8,5,0.008,0.50176,0.13672182,USD,False
2026-07-03,2026-07-03T19:50:22Z,Application Gateway,southeastasia,22,8,5,0.008,0.50176,0.14207636,USD,False
2026-07-03,2026-07-03T19:50:22Z,Application Gateway,swedencentral,18,7,5,0.0076,0.50176,0.16225667,USD,False
2026-07-03,2026-07-03T19:50:22Z,Application Gateway,westeurope,22,8,5,0.008,0.50176,0.14206727,USD,False
2026-07-03,2026-07-03T19:50:22Z,Application Gateway,westus2,18,7,5,0.008,0.448,0.13827222,USD,False
2026-07-03,2026-07-03T19:50:22Z,Azure App Service,australiaeast,124,20,67,0.016,80.0,3.33422719,USD,False
2026-07-03,2026-07-03T19:50:22Z,Azure App Service,brazilsouth,102,18,56,0.0158,80.0,2.96177998,USD,False
2026-07-03,2026-07-03T19:50:22Z,Azure App Service,eastus,113,16,62,0.017,80.0,3.05313451,USD,False
2026-07-03,2026-07-03T19:50:22Z,Azure App Service,eastus2,117,17,63,0.0,80.0,3.02458982,USD,False
2026-07-03,2026-07-03T19:50:22Z,Azure App Service,japaneast,128,21,68,0.0,80.0,3.31481827,USD,False
2026-07-03,2026-07-03T19:50:22Z,Azure App Service,northeurope,113,16,62,0.018,80.0,3.45700196,USD,False
2026-07-03,2026-07-03T19:50:22Z,Azure App Service,southeastasia,113,16,62,0.018,80.0,3.50719758,USD,False
2026-07-03,2026-07-03T19:50:22Z,Azure App Service,swedencentral,111,17,60,0.0,80.0,3.06190559,USD,False
2026-07-03,2026-07-03T19:50:22Z,Azure App Service,westeurope,117,17,63,0.0,80.0,3.48324291,USD,False
2026-07-03,2026-07-03T19:50:22Z,Azure App Service,westus2,117,17,63,0.0,80.0,3.01730191,USD,False
2026-07-03,2026-07-03T19:50:22Z,Azure Cosmos DB,australiaeast,106,14,81,0.0,32.553,2.54770911,USD,False
2026-07-03,2026-07-03T19:50:22Z,Azure Cosmos DB,brazilsouth,103,14,78,0.0,44.9,3.58415748,USD,False
2026-07-03,2026-07-03T19:50:22Z,Azure Cosmos DB,eastus,99,14,76,0.0,22.45,2.07406196,USD,False
2026-07-03,2026-07-03T19:50:22Z,Azure Cosmos DB,eastus2,99,14,76,0.0,22.45,2.07625388,USD,False
2026-07-03,2026-07-03T19:50:22Z,Azure Cosmos DB,japaneast,106,14,81,0.0,32.553,2.5569471,USD,False
2026-07-03,2026-07-03T19:50:22Z,Azure Cosmos DB,northeurope,106,14,81,0.0,26.94,2.21805191,USD,False
2026-07-03,2026-07-03T19:50:22Z,Azure Cosmos DB,southeastasia,106,14,81,0.0,29.185,2.30645925,USD,False
2026-07-03,2026-07-03T19:50:22Z,Azure Cosmos DB,swedencentral,97,14,73,0.0,29.185,2.587158,USD,False
2026-07-03,2026-07-03T19:50:22Z,Azure Cosmos DB,westeurope,106,14,81,0.0,29.185,2.39201482,USD,False
2026-07-03,2026-07-03T19:50:22Z,Azure Cosmos DB,westus2,99,14,76,0.0,22.45,2.04923503,USD,False
2026-07-03,2026-07-03T19:50:22Z,Azure Database for PostgreSQL,australiaeast,107,41,48,0.0,76.343,4.33323421,USD,False
2026-07-03,2026-07-03T19:50:22Z,Azure Database for PostgreSQL,brazilsouth,111,43,48,0.0,133.345,6.79866926,USD,False
2026-07-03,2026-07-03T19:50:22Z,Azure Database for PostgreSQL,eastus,110,43,48,0.0,63.619,3.43568106,USD,False
2026-07-03,2026-07-03T19:50:22Z,Azure Database for PostgreSQL,eastus2,111,44,48,0.0,63.619,3.40815691,USD,False
2026-07-03,2026-07-03T19:50:22Z,Azure Database for PostgreSQL,japaneast,110,43,48,0.0,76.343,4.21765002,USD,False
2026-07-03,2026-07-03T19:50:22Z,Azure Database for PostgreSQL,northeurope,112,45,48,0.0,71.253,3.76968572,USD,False
2026-07-03,2026-07-03T19:50:22Z,Azure Database for PostgreSQL,southeastasia,110,43,48,0.0,76.343,4.21477941,USD,False
2026-07-03,2026-07-03T19:50:22Z,Azure Database for PostgreSQL,swedencentral,104,41,47,0.0,65.4,3.73360233,USD,False
2026-07-03,2026-07-03T19:50:22Z,Azure Database for PostgreSQL,westeurope,114,47,48,0.0,77.615,4.02451162,USD,False
2026-07-03,2026-07-03T19:50:22Z,Azure Database for PostgreSQL,westus2,107,41,48,0.0,63.619,3.53051698,USD,False
2026-07-03,2026-07-03T19:50:22Z,Azure Kubernetes Service,australiaeast,8,1,1,0.010602,0.16,0.0385475,USD,False
2026-07-03,2026-07-03T19:50:22Z,Azure Kubernetes Service,brazilsouth,8,1,1,0.014624,0.16,0.045583,USD,False
2026-07-03,2026-07-03T19:50:22Z,Azure Kubernetes Service,eastus,9,2,2,0.007312,0.6,0.09581467,USD,False
2026-07-03,2026-07-03T19:50:22Z,Azure Kubernetes Service,eastus2,8,1,1,0.007312,0.16,0.0327915,USD,False
2026-07-03,2026-07-03T19:50:22Z,Azure Kubernetes Service,japaneast,8,1,1,0.010602,0.16,0.0385475,USD,False
2026-07-03,2026-07-03T19:50:22Z,Azure Kubernetes Service,northeurope,8,1,1,0.008774,0.16,0.0353495,USD,False
2026-07-03,2026-07-03T19:50:22Z,Azure Kubernetes Service,southeastasia,8,1,1,0.009506,0.16,0.036629,USD,False
2026-07-03,2026-07-03T19:50:22Z,Azure Kubernetes Service,swedencentral,8,1,1,0.009506,0.16,0.036629,USD,False
2026-07-03,2026-07-03T19:50:22Z,Azure Kubernetes Service,westeurope,8,1,1,0.010456,0.16,0.03829175,USD,False
2026-07-03,2026-07-03T19:50:22Z,Azure Kubernetes Service,westus2,8,1,1,0.007312,0.16,0.0327915,USD,False
2026-07-03,2026-07-03T19:50:22Z,Functions,australiaeast,9,2,3,0.0,0.182,0.02167433,USD,False
2026-07-03,2026-07-03T19:50:22Z,Functions,brazilsouth,9,2,3,0.0,0.183,0.02179656,USD,False
2026-07-03,2026-07-03T19:50:22Z,Functions,eastus,9,2,3,0.0,0.173,0.02059489,USD,False
2026-07-03,2026-07-03T19:50:22Z,Functions,eastus2,9,2,3,0.0,0.16,0.01905044,USD,False
2026-07-03,2026-07-03T19:50:22Z,Functions,japaneast,9,2,3,0.0,0.196,0.02333933,USD,False
2026-07-03,2026-07-03T19:50:22Z,Functions,northeurope,9,2,3,0.0,0.167,0.01988378,USD,False
2026-07-03,2026-07-03T19:50:22Z,Functions,southeastasia,9,2,3,0.0,0.178,0.02119656,USD,False
2026-07-03,2026-07-03T19:50:22Z,Functions,swedencentral,9,2,3,0.0,0.169,0.02012822,USD,False
2026-07-03,2026-07-03T19:50:22Z,Functions,westeurope,9,2,3,0.0,0.169,0.02012822,USD,False
2026-07-03,2026-07-03T19:50:22Z,Functions,westus2,9,2,3,0.0,0.16,0.01905044,USD,False
2026-07-03,2026-07-03T19:50:22Z,Load Balancer,australiaeast,0,0,0,,,,USD,False
2026-07-03,2026-07-03T19:50:22Z,Load Balancer,brazilsouth,0,0,0,,,,USD,False
2026-07-03,2026-07-03T19:50:22Z,Load Balancer,eastus,0,0,0,,,,USD,False
2026-07-03,2026-07-03T19:50:22Z,Load Balancer,eastus2,0,0,0,,,,USD,False
2026-07-03,2026-07-03T19:50:22Z,Load Balancer,japaneast,0,0,0,,,,USD,False
2026-07-03,2026-07-03T19:50:22Z,Load Balancer,northeurope,0,0,0,,,,USD,False
2026-07-03,2026-07-03T19:50:22Z,Load Balancer,southeastasia,0,0,0,,,,USD,False
2026-07-03,2026-07-03T19:50:22Z,Load Balancer,swedencentral,0,0,0,,,,USD,False
2026-07-03,2026-07-03T19:50:22Z,Load Balancer,westeurope,0,0,0,,,,USD,False
2026-07-03,2026-07-03T19:50:22Z,Load Balancer,westus2,0,0,0,,,,USD,False
2026-07-03,2026-07-03T19:50:22Z,SQL Database,australiaeast,154,37,77,0.0,571.408,22.78711522,USD,False
2026-07-03,2026-07-03T19:50:22Z,SQL Database,brazilsouth,109,35,71,0.0,627.26,31.3701431,USD,False
2026-07-03,2026-07-03T19:50:22Z,SQL Database,eastus,113,30,37,0.0,24.36,2.87434587,USD,False
2026-07-03,2026-07-03T19:50:22Z,SQL Database,eastus2,108,29,36,0.0,24.36,2.98343595,USD,False
2026-07-03,2026-07-03T19:50:22Z,SQL Database,japaneast,150,37,75,0.0,584.208,23.84588713,USD,False
2026-07-03,2026-07-03T19:50:22Z,SQL Database,northeurope,113,30,37,0.0,29.22,3.43563935,USD,False
2026-07-03,2026-07-03T19:50:22Z,SQL Database,southeastasia,111,29,37,0.0,31.66,3.77798125,USD,False
2026-07-03,2026-07-03T19:50:22Z,SQL Database,swedencentral,106,30,74,0.0,516.128,26.50978892,USD,False
2026-07-03,2026-07-03T19:50:22Z,SQL Database,westeurope,113,30,37,0.0,31.66,3.72220855,USD,False
2026-07-03,2026-07-03T19:50:22Z,SQL Database,westus2,111,29,37,0.0,24.36,2.91339714,USD,False
2026-07-03,2026-07-03T19:50:22Z,Storage,australiaeast,200,23,68,0.0,3342.34,23.89177272,USD,True
2026-07-03,2026-07-03T19:50:22Z,Storage,brazilsouth,200,27,62,0.0,4669.71,74.65290366,USD,True
2026-07-03,2026-07-03T19:50:22Z,Storage,eastus,200,28,70,0.0,3686.4,51.35685995,USD,False
2026-07-03,2026-07-03T19:50:22Z,Storage,eastus2,200,25,72,0.0,3686.4,24.146832,USD,False
2026-07-03,2026-07-03T19:50:22Z,Storage,japaneast,200,26,71,0.0,3109.035,41.43337182,USD,False
2026-07-03,2026-07-03T19:50:22Z,Storage,northeurope,200,26,69,0.0,3604.11,53.98662846,USD,False
2026-07-03,2026-07-03T19:50:22Z,Storage,southeastasia,200,28,79,0.0,3686.4,33.44616051,USD,False
2026-07-03,2026-07-03T19:50:22Z,Storage,swedencentral,200,26,76,0.0,3686.4,31.87963216,USD,True
2026-07-03,2026-07-03T19:50:22Z,Storage,westeurope,200,25,73,0.0,1982.17,32.12951834,USD,False
2026-07-03,2026-07-03T19:50:22Z,Storage,westus2,200,26,73,0.0,3686.4,34.08984903,USD,False
2026-07-03,2026-07-03T19:50:22Z,Virtual Machines,australiaeast,200,135,193,0.014026,41.918,2.83286248,USD,True
2026-07-03,2026-07-03T19:50:22Z,Virtual Machines,brazilsouth,200,139,196,0.00303,133.07446,4.96300965,USD,True
2026-07-03,2026-07-03T19:50:22Z,Virtual Machines,eastus,200,143,198,0.0,117.7788,3.82724009,USD,True
2026-07-03,2026-07-03T19:50:22Z,Virtual Machines,eastus2,200,147,200,0.00846,116.052,4.11606928,USD,True
2026-07-03,2026-07-03T19:50:22Z,Virtual Machines,japaneast,200,129,198,0.00864,179.244241,4.59030583,USD,True
2026-07-03,2026-07-03T19:50:22Z,Virtual Machines,northeurope,200,149,200,0.00204,71.50672,2.78813447,USD,True
2026-07-03,2026-07-03T19:50:22Z,Virtual Machines,southeastasia,200,141,198,0.021067,213.0211,6.19528376,USD,True
2026-07-03,2026-07-03T19:50:22Z,Virtual Machines,swedencentral,200,127,198,0.011,196.6272,4.39852564,USD,True
2026-07-03,2026-07-03T19:50:22Z,Virtual Machines,westeurope,200,135,199,0.00216,147.07536,6.45596616,USD,True
2026-07-03,2026-07-03T19:50:22Z,Virtual Machines,westus2,200,151,196,0.004,451.616,7.56518789,USD,True
2026-07-04,2026-07-04T19:38:12Z,Application Gateway,australiaeast,22,8,5,0.008,0.522,0.15022182,USD,False
2026-07-04,2026-07-04T19:38:12Z,Application Gateway,brazilsouth,18,7,5,0.008,0.72,0.20858,USD,False
2026-07-04,2026-07-04T19:38:12Z,Application Gateway,eastus,22,8,5,0.008,0.448,0.12017727,USD,False
2026-07-04,2026-07-04T19:38:12Z,Application Gateway,eastus2,22,8,5,0.008,0.448,0.12017727,USD,False
2026-07-04,2026-07-04T19:38:12Z,Application Gateway,japaneast,18,7,5,0.008,0.522,0.16874278,USD,False
2026-07-04,2026-07-04T19:38:12Z,Application Gateway,northeurope,22,8,5,0.008,0.50176,0.13672182,USD,False
2026-07-04,2026-07-04T19:38:12Z,Application Gateway,southeastasia,22,8,5,0.008,0.50176,0.14207636,USD,False
2026-07-04,2026-07-04T19:38:12Z,Application Gateway,swedencentral,18,7,5,0.0076,0.50176,0.16225667,USD,False
2026-07-04,2026-07-04T19:38:12Z,Application Gateway,westeurope,22,8,5,0.008,0.50176,0.14206727,USD,False
2026-07-04,2026-07-04T19:38:12Z,Application Gateway,westus2,18,7,5,0.008,0.448,0.13827222,USD,False
2026-07-04,2026-07-04T19:38:12Z,Azure App Service,australiaeast,124,20,67,0.016,80.0,3.33422719,USD,False
2026-07-04,2026-07-04T19:38:12Z,Azure App Service,brazilsouth,102,18,56,0.0158,80.0,2.96177998,USD,False
2026-07-04,2026-07-04T19:38:12Z,Azure App Service,eastus,113,16,62,0.017,80.0,3.05313451,USD,False
2026-07-04,2026-07-04T19:38:12Z,Azure App Service,eastus2,117,17,63,0.0,80.0,3.02458982,USD,False
2026-07-04,2026-07-04T19:38:12Z,Azure App Service,japaneast,128,21,68,0.0,80.0,3.31481827,USD,False
2026-07-04,2026-07-04T19:38:12Z,Azure App Service,northeurope,113,16,62,0.018,80.0,3.45700196,USD,False
2026-07-04,2026-07-04T19:38:12Z,Azure App Service,southeastasia,113,16,62,0.018,80.0,3.50719758,USD,False
2026-07-04,2026-07-04T19:38:12Z,Azure App Service,swedencentral,111,17,60,0.0,80.0,3.06190559,USD,False
2026-07-04,2026-07-04T19:38:12Z,Azure App Service,westeurope,117,17,63,0.0,80.0,3.48324291,USD,False
2026-07-04,2026-07-04T19:38:12Z,Azure App Service,westus2,117,17,63,0.0,80.0,3.01730191,USD,False
2026-07-04,2026-07-04T19:38:12Z,Azure Cosmos DB,australiaeast,106,14,81,0.0,32.553,2.54770911,USD,False
2026-07-04,2026-07-04T19:38:12Z,Azure Cosmos DB,brazilsouth,103,14,78,0.0,44.9,3.58415748,USD,False
2026-07-04,2026-07-04T19:38:12Z,Azure Cosmos DB,eastus,99,14,76,0.0,22.45,2.07406196,USD,False
2026-07-04,2026-07-04T19:38:12Z,Azure Cosmos DB,eastus2,99,14,76,0.0,22.45,2.07625388,USD,False
2026-07-04,2026-07-04T19:38:12Z,Azure Cosmos DB,japaneast,106,14,81,0.0,32.553,2.5569471,USD,False
2026-07-04,2026-07-04T19:38:12Z,Azure Cosmos DB,northeurope,106,14,81,0.0,26.94,2.21805191,USD,False
2026-07-04,2026-07-04T19:38:12Z,Azure Cosmos DB,southeastasia,106,14,81,0.0,29.185,2.30645925,USD,False
2026-07-04,2026-07-04T19:38:12Z,Azure Cosmos DB,swedencentral,97,14,73,0.0,29.185,2.587158,USD,False
2026-07-04,2026-07-04T19:38:12Z,Azure Cosmos DB,westeurope,106,14,81,0.0,29.185,2.39201482,USD,False
2026-07-04,2026-07-04T19:38:12Z,Azure Cosmos DB,westus2,99,14,76,0.0,22.45,2.04923503,USD,False
2026-07-04,2026-07-04T19:38:12Z,Azure Database for PostgreSQL,australiaeast,107,41,48,0.0,76.343,4.33323421,USD,False
2026-07-04,2026-07-04T19:38:12Z,Azure Database for PostgreSQL,brazilsouth,111,43,48,0.0,133.345,6.79866926,USD,False
2026-07-04,2026-07-04T19:38:12Z,Azure Database for PostgreSQL,eastus,110,43,48,0.0,63.619,3.43568106,USD,False
2026-07-04,2026-07-04T19:38:12Z,Azure Database for PostgreSQL,eastus2,111,44,48,0.0,63.619,3.40815691,USD,False
2026-07-04,2026-07-04T19:38:12Z,Azure Database for PostgreSQL,japaneast,110,43,48,0.0,76.343,4.21765002,USD,False
2026-07-04,2026-07-04T19:38:12Z,Azure Database for PostgreSQL,northeurope,112,45,48,0.0,71.253,3.76968572,USD,False
2026-07-04,2026-07-04T19:38:12Z,Azure Database for PostgreSQL,southeastasia,110,43,48,0.0,76.343,4.21477941,USD,False
2026-07-04,2026-07-04T19:38:12Z,Azure Database for PostgreSQL,swedencentral,104,41,47,0.0,65.4,3.73360233,USD,False
2026-07-04,2026-07-04T19:38:12Z,Azure Database for PostgreSQL,westeurope,114,47,48,0.0,77.615,4.02451162,USD,False
2026-07-04,2026-07-04T19:38:12Z,Azure Database for PostgreSQL,westus2,107,41,48,0.0,63.619,3.53051698,USD,False
2026-07-04,2026-07-04T19:38:12Z,Azure Kubernetes Service,australiaeast,8,1,1,0.010602,0.16,0.0385475,USD,False
2026-07-04,2026-07-04T19:38:12Z,Azure Kubernetes Service,brazilsouth,8,1,1,0.014624,0.16,0.045583,USD,False
2026-07-04,2026-07-04T19:38:12Z,Azure Kubernetes Service,eastus,9,2,2,0.007312,0.6,0.09581467,USD,False
2026-07-04,2026-07-04T19:38:12Z,Azure Kubernetes Service,eastus2,8,1,1,0.007312,0.16,0.0327915,USD,False
2026-07-04,2026-07-04T19:38:12Z,Azure Kubernetes Service,japaneast,8,1,1,0.010602,0.16,0.0385475,USD,False
2026-07-04,2026-07-04T19:38:12Z,Azure Kubernetes Service,northeurope,8,1,1,0.008774,0.16,0.0353495,USD,False
2026-07-04,2026-07-04T19:38:12Z,Azure Kubernetes Service,southeastasia,8,1,1,0.009506,0.16,0.036629,USD,False
2026-07-04,2026-07-04T19:38:12Z,Azure Kubernetes Service,swedencentral,8,1,1,0.009506,0.16,0.036629,USD,False
2026-07-04,2026-07-04T19:38:12Z,Azure Kubernetes Service,westeurope,8,1,1,0.010456,0.16,0.03829175,USD,False
2026-07-04,2026-07-04T19:38:12Z,Azure Kubernetes Service,westus2,8,1,1,0.007312,0.16,0.0327915,USD,False
2026-07-04,2026-07-04T19:38:12Z,Functions,australiaeast,9,2,3,0.0,0.182,0.02167433,USD,False
2026-07-04,2026-07-04T19:38:12Z,Functions,brazilsouth,9,2,3,0.0,0.183,0.02179656,USD,False
2026-07-04,2026-07-04T19:38:12Z,Functions,eastus,9,2,3,0.0,0.173,0.02059489,USD,False
2026-07-04,2026-07-04T19:38:12Z,Functions,eastus2,9,2,3,0.0,0.16,0.01905044,USD,False
2026-07-04,2026-07-04T19:38:12Z,Functions,japaneast,9,2,3,0.0,0.196,0.02333933,USD,False
2026-07-04,2026-07-04T19:38:12Z,Functions,northeurope,9,2,3,0.0,0.167,0.01988378,USD,False
2026-07-04,2026-07-04T19:38:12Z,Functions,southeastasia,9,2,3,0.0,0.178,0.02119656,USD,False
2026-07-04,2026-07-04T19:38:12Z,Functions,swedencentral,9,2,3,0.0,0.169,0.02012822,USD,False
2026-07-04,2026-07-04T19:38:12Z,Functions,westeurope,9,2,3,0.0,0.169,0.02012822,USD,False
2026-07-04,2026-07-04T19:38:12Z,Functions,westus2,9,2,3,0.0,0.16,0.01905044,USD,False
2026-07-04,2026-07-04T19:38:12Z,Load Balancer,australiaeast,0,0,0,,,,USD,False
2026-07-04,2026-07-04T19:38:12Z,Load Balancer,brazilsouth,0,0,0,,,,USD,False
2026-07-04,2026-07-04T19:38:12Z,Load Balancer,eastus,0,0,0,,,,USD,False
2026-07-04,2026-07-04T19:38:12Z,Load Balancer,eastus2,0,0,0,,,,USD,False
2026-07-04,2026-07-04T19:38:12Z,Load Balancer,japaneast,0,0,0,,,,USD,False
2026-07-04,2026-07-04T19:38:12Z,Load Balancer,northeurope,0,0,0,,,,USD,False
2026-07-04,2026-07-04T19:38:12Z,Load Balancer,southeastasia,0,0,0,,,,USD,False
2026-07-04,2026-07-04T19:38:12Z,Load Balancer,swedencentral,0,0,0,,,,USD,False
2026-07-04,2026-07-04T19:38:12Z,Load Balancer,westeurope,0,0,0,,,,USD,False
2026-07-04,2026-07-04T19:38:12Z,Load Balancer,westus2,0,0,0,,,,USD,False
2026-07-04,2026-07-04T19:38:12Z,SQL Database,australiaeast,154,37,77,0.0,571.408,22.78711522,USD,False
2026-07-04,2026-07-04T19:38:12Z,SQL Database,brazilsouth,109,35,71,0.0,627.26,31.3701431,USD,False
2026-07-04,2026-07-04T19:38:12Z,SQL Database,eastus,113,30,37,0.0,24.36,2.87434587,USD,False
2026-07-04,2026-07-04T19:38:12Z,SQL Database,eastus2,108,29,36,0.0,24.36,2.98343595,USD,False
2026-07-04,2026-07-04T19:38:12Z,SQL Database,japaneast,150,37,75,0.0,584.208,23.84588713,USD,False
2026-07-04,2026-07-04T19:38:12Z,SQL Database,northeurope,113,30,37,0.0,29.22,3.43563935,USD,False
2026-07-04,2026-07-04T19:38:12Z,SQL Database,southeastasia,111,29,37,0.0,31.66,3.77798125,USD,False
2026-07-04,2026-07-04T19:38:12Z,SQL Database,swedencentral,106,30,74,0.0,516.128,26.50978892,USD,False
2026-07-04,2026-07-04T19:38:12Z,SQL Database,westeurope,113,30,37,0.0,31.66,3.72220855,USD,False
2026-07-04,2026-07-04T19:38:12Z,SQL Database,westus2,111,29,37,0.0,24.36,2.91339714,USD,False
2026-07-04,2026-07-04T19:38:12Z,Storage,australiaeast,200,23,68,0.0,3342.34,23.89177272,USD,True
2026-07-04,2026-07-04T19:38:12Z,Storage,brazilsouth,200,27,62,0.0,4669.71,74.65290366,USD,True
2026-07-04,2026-07-04T19:38:12Z,Storage,eastus,200,28,70,0.0,3686.4,51.35685995,USD,False
2026-07-04,2026-07-04T19:38:12Z,Storage,eastus2,200,25,72,0.0,3686.4,24.146832,USD,False
2026-07-04,2026-07-04T19:38:12Z,Storage,japaneast,200,26,71,0.0,3109.035,41.43337182,USD,False
2026-07-04,2026-07-04T19:38:12Z,Storage,northeurope,200,26,69,0.0,3604.11,53.98662846,USD,False
2026-07-04,2026-07-04T19:38:12Z,Storage,southeastasia,200,28,79,0.0,3686.4,33.44616051,USD,False
2026-07-04,2026-07-04T19:38:12Z,Storage,swedencentral,200,26,76,0.0,3686.4,31.87963216,USD,True
2026-07-04,2026-07-04T19:38:12Z,Storage,westeurope,200,25,73,0.0,1982.17,32.12951834,USD,False
2026-07-04,2026-07-04T19:38:12Z,Storage,westus2,200,26,73,0.0,3686.4,34.08984903,USD,False
2026-07-04,2026-07-04T19:38:12Z,Virtual Machines,australiaeast,200,135,193,0.014026,41.918,2.83286248,USD,True
2026-07-04,2026-07-04T19:38:12Z,Virtual Machines,brazilsouth,200,139,196,0.00303,133.07446,4.96300965,USD,True
2026-07-04,2026-07-04T19:38:12Z,Virtual Machines,eastus,200,143,198,0.0,117.7788,3.82724009,USD,True
2026-07-04,2026-07-04T19:38:12Z,Virtual Machines,eastus2,200,147,200,0.00846,116.052,4.11606928,USD,True
2026-07-04,2026-07-04T19:38:12Z,Virtual Machines,japaneast,200,129,198,0.00864,179.244241,4.59030583,USD,True
2026-07-04,2026-07-04T19:38:12Z,Virtual Machines,northeurope,200,149,200,0.00204,71.50672,2.78813447,USD,True
2026-07-04,2026-07-04T19:38:12Z,Virtual Machines,southeastasia,200,141,198,0.021067,213.0211,6.19528376,USD,True
2026-07-04,2026-07-04T19:38:12Z,Virtual Machines,swedencentral,200,127,198,0.011,196.6272,4.39852564,USD,True
2026-07-04,2026-07-04T19:38:12Z,Virtual Machines,westeurope,200,135,199,0.00216,147.07536,6.45596616,USD,True
2026-07-04,2026-07-04T19:38:12Z,Virtual Machines,westus2,200,151,196,0.004,451.616,7.56518789,USD,True
2026-07-05,2026-07-05T19:42:32Z,Application Gateway,australiaeast,22,8,5,0.008,0.522,0.15022182,USD,False
2026-07-05,2026-07-05T19:42:32Z,Application Gateway,brazilsouth,18,7,5,0.008,0.72,0.20858,USD,False
2026-07-05,2026-07-05T19:42:32Z,Application Gateway,eastus,22,8,5,0.008,0.448,0.12017727,USD,False
2026-07-05,2026-07-05T19:42:32Z,Application Gateway,eastus2,22,8,5,0.008,0.448,0.12017727,USD,False
2026-07-05,2026-07-05T19:42:32Z,Application Gateway,japaneast,18,7,5,0.008,0.522,0.16874278,USD,False
2026-07-05,2026-07-05T19:42:32Z,Application Gateway,northeurope,22,8,5,0.008,0.50176,0.13672182,USD,False
2026-07-05,2026-07-05T19:42:32Z,Application Gateway,southeastasia,22,8,5,0.008,0.50176,0.14207636,USD,False
2026-07-05,2026-07-05T19:42:32Z,Application Gateway,swedencentral,18,7,5,0.0076,0.50176,0.16225667,USD,False
2026-07-05,2026-07-05T19:42:32Z,Application Gateway,westeurope,22,8,5,0.008,0.50176,0.14206727,USD,False
2026-07-05,2026-07-05T19:42:32Z,Application Gateway,westus2,18,7,5,0.008,0.448,0.13827222,USD,False
2026-07-05,2026-07-05T19:42:32Z,Azure App Service,australiaeast,124,20,67,0.016,80.0,3.33422719,USD,False
2026-07-05,2026-07-05T19:42:32Z,Azure App Service,brazilsouth,102,18,56,0.0158,80.0,2.96177998,USD,False
2026-07-05,2026-07-05T19:42:32Z,Azure App Service,eastus,113,16,62,0.017,80.0,3.05313451,USD,False
2026-07-05,2026-07-05T19:42:32Z,Azure App Service,eastus2,117,17,63,0.0,80.0,3.02458982,USD,False
2026-07-05,2026-07-05T19:42:32Z,Azure App Service,japaneast,128,21,68,0.0,80.0,3.31481827,USD,False
2026-07-05,2026-07-05T19:42:32Z,Azure App Service,northeurope,113,16,62,0.018,80.0,3.45700196,USD,False
2026-07-05,2026-07-05T19:42:32Z,Azure App Service,southeastasia,113,16,62,0.018,80.0,3.50719758,USD,False
2026-07-05,2026-07-05T19:42:32Z,Azure App Service,swedencentral,111,17,60,0.0,80.0,3.06190559,USD,False
2026-07-05,2026-07-05T19:42:32Z,Azure App Service,westeurope,117,17,63,0.0,80.0,3.48324291,USD,False
2026-07-05,2026-07-05T19:42:32Z,Azure App Service,westus2,117,17,63,0.0,80.0,3.01730191,USD,False
2026-07-05,2026-07-05T19:42:32Z,Azure Cosmos DB,australiaeast,106,14,81,0.0,32.553,2.54770911,USD,False
2026-07-05,2026-07-05T19:42:32Z,Azure Cosmos DB,brazilsouth,103,14,78,0.0,44.9,3.58415748,USD,False
2026-07-05,2026-07-05T19:42:32Z,Azure Cosmos DB,eastus,99,14,76,0.0,22.45,2.07406196,USD,False
2026-07-05,2026-07-05T19:42:32Z,Azure Cosmos DB,eastus2,99,14,76,0.0,22.45,2.07625388,USD,False
2026-07-05,2026-07-05T19:42:32Z,Azure Cosmos DB,japaneast,106,14,81,0.0,32.553,2.5569471,USD,False
2026-07-05,2026-07-05T19:42:32Z,Azure Cosmos DB,northeurope,106,14,81,0.0,26.94,2.21805191,USD,False
2026-07-05,2026-07-05T19:42:32Z,Azure Cosmos DB,southeastasia,106,14,81,0.0,29.185,2.30645925,USD,False
2026-07-05,2026-07-05T19:42:32Z,Azure Cosmos DB,swedencentral,97,14,73,0.0,29.185,2.587158,USD,False
2026-07-05,2026-07-05T19:42:32Z,Azure Cosmos DB,westeurope,106,14,81,0.0,29.185,2.39201482,USD,False
2026-07-05,2026-07-05T19:42:32Z,Azure Cosmos DB,westus2,99,14,76,0.0,22.45,2.04923503,USD,False
2026-07-05,2026-07-05T19:42:32Z,Azure Database for PostgreSQL,australiaeast,107,41,48,0.0,76.343,4.33323421,USD,False
2026-07-05,2026-07-05T19:42:32Z,Azure Database for PostgreSQL,brazilsouth,111,43,48,0.0,133.345,6.79866926,USD,False
2026-07-05,2026-07-05T19:42:32Z,Azure Database for PostgreSQL,eastus,110,43,48,0.0,63.619,3.43568106,USD,False
2026-07-05,2026-07-05T19:42:32Z,Azure Database for PostgreSQL,eastus2,111,44,48,0.0,63.619,3.40815691,USD,False
2026-07-05,2026-07-05T19:42:32Z,Azure Database for PostgreSQL,japaneast,110,43,48,0.0,76.343,4.21765002,USD,False
2026-07-05,2026-07-05T19:42:32Z,Azure Database for PostgreSQL,northeurope,112,45,48,0.0,71.253,3.76968572,USD,False
2026-07-05,2026-07-05T19:42:32Z,Azure Database for PostgreSQL,southeastasia,110,43,48,0.0,76.343,4.21477941,USD,False
2026-07-05,2026-07-05T19:42:32Z,Azure Database for PostgreSQL,swedencentral,104,41,47,0.0,65.4,3.73360233,USD,False
2026-07-05,2026-07-05T19:42:32Z,Azure Database for PostgreSQL,westeurope,114,47,48,0.0,77.615,4.02451162,USD,False
2026-07-05,2026-07-05T19:42:32Z,Azure Database for PostgreSQL,westus2,107,41,48,0.0,63.619,3.53051698,USD,False
2026-07-05,2026-07-05T19:42:32Z,Azure Kubernetes Service,australiaeast,8,1,1,0.010602,0.16,0.0385475,USD,False
2026-07-05,2026-07-05T19:42:32Z,Azure Kubernetes Service,brazilsouth,8,1,1,0.014624,0.16,0.045583,USD,False
2026-07-05,2026-07-05T19:42:32Z,Azure Kubernetes Service,eastus,9,2,2,0.007312,0.6,0.09581467,USD,False
2026-07-05,2026-07-05T19:42:32Z,Azure Kubernetes Service,eastus2,8,1,1,0.007312,0.16,0.0327915,USD,False
2026-07-05,2026-07-05T19:42:32Z,Azure Kubernetes Service,japaneast,8,1,1,0.010602,0.16,0.0385475,USD,False
2026-07-05,2026-07-05T19:42:32Z,Azure Kubernetes Service,northeurope,8,1,1,0.008774,0.16,0.0353495,USD,False
2026-07-05,2026-07-05T19:42:32Z,Azure Kubernetes Service,southeastasia,8,1,1,0.009506,0.16,0.036629,USD,False
2026-07-05,2026-07-05T19:42:32Z,Azure Kubernetes Service,swedencentral,8,1,1,0.009506,0.16,0.036629,USD,False
2026-07-05,2026-07-05T19:42:32Z,Azure Kubernetes Service,westeurope,8,1,1,0.010456,0.16,0.03829175,USD,False
2026-07-05,2026-07-05T19:42:32Z,Azure Kubernetes Service,westus2,8,1,1,0.007312,0.16,0.0327915,USD,False
2026-07-05,2026-07-05T19:42:32Z,Functions,australiaeast,9,2,3,0.0,0.182,0.02167433,USD,False
2026-07-05,2026-07-05T19:42:32Z,Functions,brazilsouth,9,2,3,0.0,0.183,0.02179656,USD,False
2026-07-05,2026-07-05T19:42:32Z,Functions,eastus,9,2,3,0.0,0.173,0.02059489,USD,False
2026-07-05,2026-07-05T19:42:32Z,Functions,eastus2,9,2,3,0.0,0.16,0.01905044,USD,False
2026-07-05,2026-07-05T19:42:32Z,Functions,japaneast,9,2,3,0.0,0.196,0.02333933,USD,False
2026-07-05,2026-07-05T19:42:32Z,Functions,northeurope,9,2,3,0.0,0.167,0.01988378,USD,False
2026-07-05,2026-07-05T19:42:32Z,Functions,southeastasia,9,2,3,0.0,0.178,0.02119656,USD,False
2026-07-05,2026-07-05T19:42:32Z,Functions,swedencentral,9,2,3,0.0,0.169,0.02012822,USD,False
2026-07-05,2026-07-05T19:42:32Z,Functions,westeurope,9,2,3,0.0,0.169,0.02012822,USD,False
2026-07-05,2026-07-05T19:42:32Z,Functions,westus2,9,2,3,0.0,0.16,0.01905044,USD,False
2026-07-05,2026-07-05T19:42:32Z,Load Balancer,australiaeast,0,0,0,,,,USD,False
2026-07-05,2026-07-05T19:42:32Z,Load Balancer,brazilsouth,0,0,0,,,,USD,False
2026-07-05,2026-07-05T19:42:32Z,Load Balancer,eastus,0,0,0,,,,USD,False
2026-07-05,2026-07-05T19:42:32Z,Load Balancer,eastus2,0,0,0,,,,USD,False
2026-07-05,2026-07-05T19:42:32Z,Load Balancer,japaneast,0,0,0,,,,USD,False
2026-07-05,2026-07-05T19:42:32Z,Load Balancer,northeurope,0,0,0,,,,USD,False
2026-07-05,2026-07-05T19:42:32Z,Load Balancer,southeastasia,0,0,0,,,,USD,False
2026-07-05,2026-07-05T19:42:32Z,Load Balancer,swedencentral,0,0,0,,,,USD,False
2026-07-05,2026-07-05T19:42:32Z,Load Balancer,westeurope,0,0,0,,,,USD,False
2026-07-05,2026-07-05T19:42:32Z,Load Balancer,westus2,0,0,0,,,,USD,False
2026-07-05,2026-07-05T19:42:32Z,SQL Database,australiaeast,154,37,77,0.0,571.408,22.78711522,USD,False
2026-07-05,2026-07-05T19:42:32Z,SQL Database,brazilsouth,109,35,71,0.0,627.26,31.3701431,USD,False
2026-07-05,2026-07-05T19:42:32Z,SQL Database,eastus,113,30,37,0.0,24.36,2.87434587,USD,False
2026-07-05,2026-07-05T19:42:32Z,SQL Database,eastus2,108,29,36,0.0,24.36,2.98343595,USD,False
2026-07-05,2026-07-05T19:42:32Z,SQL Database,japaneast,150,37,75,0.0,584.208,23.84588713,USD,False
2026-07-05,2026-07-05T19:42:32Z,SQL Database,northeurope,113,30,37,0.0,29.22,3.43563935,USD,False
2026-07-05,2026-07-05T19:42:32Z,SQL Database,southeastasia,111,29,37,0.0,31.66,3.77798125,USD,False
2026-07-05,2026-07-05T19:42:32Z,SQL Database,swedencentral,106,30,74,0.0,516.128,26.50978892,USD,False
2026-07-05,2026-07-05T19:42:32Z,SQL Database,westeurope,113,30,37,0.0,31.66,3.72220855,USD,False
2026-07-05,2026-07-05T19:42:32Z,SQL Database,westus2,111,29,37,0.0,24.36,2.91339714,USD,False
2026-07-05,2026-07-05T19:42:32Z,Storage,australiaeast,200,23,68,0.0,3342.34,23.89177272,USD,True
2026-07-05,2026-07-05T19:42:32Z,Storage,brazilsouth,200,27,62,0.0,4669.71,74.65290366,USD,True
2026-07-05,2026-07-05T19:42:32Z,Storage,eastus,200,28,70,0.0,3686.4,51.35685995,USD,False
2026-07-05,2026-07-05T19:42:32Z,Storage,eastus2,200,25,72,0.0,3686.4,24.146832,USD,False
2026-07-05,2026-07-05T19:42:32Z,Storage,japaneast,200,26,71,0.0,3109.035,41.43337182,USD,False
2026-07-05,2026-07-05T19:42:32Z,Storage,northeurope,200,26,69,0.0,3604.11,53.98662846,USD,False
2026-07-05,2026-07-05T19:42:32Z,Storage,southeastasia,200,28,79,0.0,3686.4,33.44616051,USD,False
2026-07-05,2026-07-05T19:42:32Z,Storage,swedencentral,200,26,76,0.0,3686.4,31.87963216,USD,True
2026-07-05,2026-07-05T19:42:32Z,Storage,westeurope,200,25,73,0.0,1982.17,32.12951834,USD,False
2026-07-05,2026-07-05T19:42:32Z,Storage,westus2,200,26,73,0.0,3686.4,34.08984903,USD,False
2026-07-05,2026-07-05T19:42:32Z,Virtual Machines,australiaeast,200,135,193,0.014026,41.918,2.83286248,USD,True
2026-07-05,2026-07-05T19:42:32Z,Virtual Machines,brazilsouth,200,139,196,0.00303,133.07446,4.96300965,USD,True
2026-07-05,2026-07-05T19:42:32Z,Virtual Machines,eastus,200,143,198,0.0,117.7788,3.82724009,USD,True
2026-07-05,2026-07-05T19:42:32Z,Virtual Machines,eastus2,200,147,200,0.00846,116.052,4.11606928,USD,True
2026-07-05,2026-07-05T19:42:32Z,Virtual Machines,japaneast,200,129,198,0.00864,179.244241,4.59030583,USD,True
2026-07-05,2026-07-05T19:42:32Z,Virtual Machines,northeurope,200,149,200,0.00204,71.50672,2.78813447,USD,True
2026-07-05,2026-07-05T19:42:32Z,Virtual Machines,southeastasia,200,141,198,0.021067,213.0211,6.19528376,USD,True
2026-07-05,2026-07-05T19:42:32Z,Virtual Machines,swedencentral,200,127,198,0.011,196.6272,4.39852564,USD,True
2026-07-05,2026-07-05T19:42:32Z,Virtual Machines,westeurope,200,135,199,0.00216,147.07536,6.45596616,USD,True
2026-07-05,2026-07-05T19:42:32Z,Virtual Machines,westus2,200,151,196,0.004,451.616,7.56518789,USD,True
2026-07-06,2026-07-06T11:03:54Z,Application Gateway,australiaeast,22,8,5,0.008,0.522,0.15022182,USD,False
2026-07-06,2026-07-06T11:03:54Z,Application Gateway,brazilsouth,18,7,5,0.008,0.72,0.20858,USD,False
2026-07-06,2026-07-06T11:03:54Z,Application Gateway,eastus,22,8,5,0.008,0.448,0.12017727,USD,False
2026-07-06,2026-07-06T11:03:54Z,Application Gateway,eastus2,22,8,5,0.008,0.448,0.12017727,USD,False
2026-07-06,2026-07-06T11:03:54Z,Application Gateway,japaneast,18,7,5,0.008,0.522,0.16874278,USD,False
2026-07-06,2026-07-06T11:03:54Z,Application Gateway,northeurope,22,8,5,0.008,0.50176,0.13672182,USD,False
2026-07-06,2026-07-06T11:03:54Z,Application Gateway,southeastasia,22,8,5,0.008,0.50176,0.14207636,USD,False
2026-07-06,2026-07-06T11:03:54Z,Application Gateway,swedencentral,18,7,5,0.0076,0.50176,0.16225667,USD,False
2026-07-06,2026-07-06T11:03:54Z,Application Gateway,westeurope,22,8,5,0.008,0.50176,0.14206727,USD,False
2026-07-06,2026-07-06T11:03:54Z,Application Gateway,westus2,18,7,5,0.008,0.448,0.13827222,USD,False
2026-07-06,2026-07-06T11:03:54Z,Azure App Service,australiaeast,124,20,67,0.016,80.0,3.33422719,USD,False
2026-07-06,2026-07-06T11:03:54Z,Azure App Service,brazilsouth,102,18,56,0.0158,80.0,2.96177998,USD,False
2026-07-06,2026-07-06T11:03:54Z,Azure App Service,eastus,113,16,62,0.017,80.0,3.05313451,USD,False
2026-07-06,2026-07-06T11:03:54Z,Azure App Service,eastus2,117,17,63,0.0,80.0,3.02458982,USD,False
2026-07-06,2026-07-06T11:03:54Z,Azure App Service,japaneast,128,21,68,0.0,80.0,3.31481827,USD,False
2026-07-06,2026-07-06T11:03:54Z,Azure App Service,northeurope,113,16,62,0.018,80.0,3.45700196,USD,False
2026-07-06,2026-07-06T11:03:54Z,Azure App Service,southeastasia,113,16,62,0.018,80.0,3.50719758,USD,False
2026-07-06,2026-07-06T11:03:54Z,Azure App Service,swedencentral,111,17,60,0.0,80.0,3.06190559,USD,False
2026-07-06,2026-07-06T11:03:54Z,Azure App Service,westeurope,117,17,63,0.0,80.0,3.48324291,USD,False
2026-07-06,2026-07-06T11:03:54Z,Azure App Service,westus2,117,17,63,0.0,80.0,3.01730191,USD,False
2026-07-06,2026-07-06T11:03:54Z,Azure Cosmos DB,australiaeast,106,14,81,0.0,32.553,2.54770911,USD,False
2026-07-06,2026-07-06T11:03:54Z,Azure Cosmos DB,brazilsouth,103,14,78,0.0,44.9,3.58415748,USD,False
2026-07-06,2026-07-06T11:03:54Z,Azure Cosmos DB,eastus,99,14,76,0.0,22.45,2.07406196,USD,False
2026-07-06,2026-07-06T11:03:54Z,Azure Cosmos DB,eastus2,99,14,76,0.0,22.45,2.07625388,USD,False
2026-07-06,2026-07-06T11:03:54Z,Azure Cosmos DB,japaneast,106,14,81,0.0,32.553,2.5569471,USD,False
2026-07-06,2026-07-06T11:03:54Z,Azure Cosmos DB,northeurope,106,14,81,0.0,26.94,2.21805191,USD,False
2026-07-06,2026-07-06T11:03:54Z,Azure Cosmos DB,southeastasia,106,14,81,0.0,29.185,2.30645925,USD,False
2026-07-06,2026-07-06T11:03:54Z,Azure Cosmos DB,swedencentral,97,14,73,0.0,29.185,2.587158,USD,False
2026-07-06,2026-07-06T11:03:54Z,Azure Cosmos DB,westeurope,106,14,81,0.0,29.185,2.39201482,USD,False
2026-07-06,2026-07-06T11:03:54Z,Azure Cosmos DB,westus2,99,14,76,0.0,22.45,2.04923503,USD,False
2026-07-06,2026-07-06T11:03:54Z,Azure Database for PostgreSQL,australiaeast,107,41,48,0.0,76.343,4.33323421,USD,False
2026-07-06,2026-07-06T11:03:54Z,Azure Database for PostgreSQL,brazilsouth,111,43,48,0.0,133.345,6.79866926,USD,False
2026-07-06,2026-07-06T11:03:54Z,Azure Database for PostgreSQL,eastus,110,43,48,0.0,63.619,3.43568106,USD,False
2026-07-06,2026-07-06T11:03:54Z,Azure Database for PostgreSQL,eastus2,111,44,48,0.0,63.619,3.40815691,USD,False
2026-07-06,2026-07-06T11:03:54Z,Azure Database for PostgreSQL,japaneast,110,43,48,0.0,76.343,4.21765002,USD,False
2026-07-06,2026-07-06T11:03:54Z,Azure Database for PostgreSQL,northeurope,112,45,48,0.0,71.253,3.76968572,USD,False
2026-07-06,2026-07-06T11:03:54Z,Azure Database for PostgreSQL,southeastasia,110,43,48,0.0,76.343,4.21477941,USD,False
2026-07-06,2026-07-06T11:03:54Z,Azure Database for PostgreSQL,swedencentral,104,41,47,0.0,65.4,3.73360233,USD,False
2026-07-06,2026-07-06T11:03:54Z,Azure Database for PostgreSQL,westeurope,114,47,48,0.0,77.615,4.02451162,USD,False
2026-07-06,2026-07-06T11:03:54Z,Azure Database for PostgreSQL,westus2,107,41,48,0.0,63.619,3.53051698,USD,False
2026-07-06,2026-07-06T11:03:54Z,Azure Kubernetes Service,australiaeast,8,1,1,0.010602,0.16,0.0385475,USD,False
2026-07-06,2026-07-06T11:03:54Z,Azure Kubernetes Service,brazilsouth,8,1,1,0.014624,0.16,0.045583,USD,False
2026-07-06,2026-07-06T11:03:54Z,Azure Kubernetes Service,eastus,9,2,2,0.007312,0.6,0.09581467,USD,False
2026-07-06,2026-07-06T11:03:54Z,Azure Kubernetes Service,eastus2,8,1,1,0.007312,0.16,0.0327915,USD,False
2026-07-06,2026-07-06T11:03:54Z,Azure Kubernetes Service,japaneast,8,1,1,0.010602,0.16,0.0385475,USD,False
2026-07-06,2026-07-06T11:03:54Z,Azure Kubernetes Service,northeurope,8,1,1,0.008774,0.16,0.0353495,USD,False
2026-07-06,2026-07-06T11:03:54Z,Azure Kubernetes Service,southeastasia,8,1,1,0.009506,0.16,0.036629,USD,False
2026-07-06,2026-07-06T11:03:54Z,Azure Kubernetes Service,swedencentral,8,1,1,0.009506,0.16,0.036629,USD,False
2026-07-06,2026-07-06T11:03:54Z,Azure Kubernetes Service,westeurope,8,1,1,0.010456,0.16,0.03829175,USD,False
2026-07-06,2026-07-06T11:03:54Z,Azure Kubernetes Service,westus2,8,1,1,0.007312,0.16,0.0327915,USD,False
2026-07-06,2026-07-06T11:03:54Z,Functions,australiaeast,9,2,3,0.0,0.182,0.02167433,USD,False
2026-07-06,2026-07-06T11:03:54Z,Functions,brazilsouth,9,2,3,0.0,0.183,0.02179656,USD,False
2026-07-06,2026-07-06T11:03:54Z,Functions,eastus,9,2,3,0.0,0.173,0.02059489,USD,False
2026-07-06,2026-07-06T11:03:54Z,Functions,eastus2,9,2,3,0.0,0.16,0.01905044,USD,False
2026-07-06,2026-07-06T11:03:54Z,Functions,japaneast,9,2,3,0.0,0.196,0.02333933,USD,False
2026-07-06,2026-07-06T11:03:54Z,Functions,northeurope,9,2,3,0.0,0.167,0.01988378,USD,False
2026-07-06,2026-07-06T11:03:54Z,Functions,southeastasia,9,2,3,0.0,0.178,0.02119656,USD,False
2026-07-06,2026-07-06T11:03:54Z,Functions,swedencentral,9,2,3,0.0,0.169,0.02012822,USD,False
2026-07-06,2026-07-06T11:03:54Z,Functions,westeurope,9,2,3,0.0,0.169,0.02012822,USD,False
2026-07-06,2026-07-06T11:03:54Z,Functions,westus2,9,2,3,0.0,0.16,0.01905044,USD,False
2026-07-06,2026-07-06T11:03:54Z,Load Balancer,australiaeast,0,0,0,,,,USD,False
2026-07-06,2026-07-06T11:03:54Z,Load Balancer,brazilsouth,0,0,0,,,,USD,False
2026-07-06,2026-07-06T11:03:54Z,Load Balancer,eastus,0,0,0,,,,USD,False
2026-07-06,2026-07-06T11:03:54Z,Load Balancer,eastus2,0,0,0,,,,USD,False
2026-07-06,2026-07-06T11:03:54Z,Load Balancer,japaneast,0,0,0,,,,USD,False
2026-07-06,2026-07-06T11:03:54Z,Load Balancer,northeurope,0,0,0,,,,USD,False
2026-07-06,2026-07-06T11:03:54Z,Load Balancer,southeastasia,0,0,0,,,,USD,False
2026-07-06,2026-07-06T11:03:54Z,Load Balancer,swedencentral,0,0,0,,,,USD,False
2026-07-06,2026-07-06T11:03:54Z,Load Balancer,westeurope,0,0,0,,,,USD,False
2026-07-06,2026-07-06T11:03:54Z,Load Balancer,westus2,0,0,0,,,,USD,False
2026-07-06,2026-07-06T11:03:54Z,SQL Database,australiaeast,154,37,77,0.0,571.408,22.78711522,USD,False
2026-07-06,2026-07-06T11:03:54Z,SQL Database,brazilsouth,109,35,71,0.0,627.26,31.3701431,USD,False
2026-07-06,2026-07-06T11:03:54Z,SQL Database,eastus,113,30,37,0.0,24.36,2.87434587,USD,False
2026-07-06,2026-07-06T11:03:54Z,SQL Database,eastus2,108,29,36,0.0,24.36,2.98343595,USD,False
2026-07-06,2026-07-06T11:03:54Z,SQL Database,japaneast,150,37,75,0.0,584.208,23.84588713,USD,False
2026-07-06,2026-07-06T11:03:54Z,SQL Database,northeurope,113,30,37,0.0,29.22,3.43563935,USD,False
2026-07-06,2026-07-06T11:03:54Z,SQL Database,southeastasia,111,29,37,0.0,31.66,3.77798125,USD,False
2026-07-06,2026-07-06T11:03:54Z,SQL Database,swedencentral,106,30,74,0.0,516.128,26.50978892,USD,False
2026-07-06,2026-07-06T11:03:54Z,SQL Database,westeurope,113,30,37,0.0,31.66,3.72220855,USD,False
2026-07-06,2026-07-06T11:03:54Z,SQL Database,westus2,111,29,37,0.0,24.36,2.91339714,USD,False
2026-07-06,2026-07-06T11:03:54Z,Storage,australiaeast,200,23,68,0.0,3342.34,23.89177272,USD,True
2026-07-06,2026-07-06T11:03:54Z,Storage,brazilsouth,200,27,62,0.0,4669.71,74.65290366,USD,True
2026-07-06,2026-07-06T11:03:54Z,Storage,eastus,200,28,70,0.0,3686.4,51.35685995,USD,False
2026-07-06,2026-07-06T11:03:54Z,Storage,eastus2,200,25,72,0.0,3686.4,24.146832,USD,False
2026-07-06,2026-07-06T11:03:54Z,Storage,japaneast,200,26,71,0.0,3109.035,41.43337182,USD,False
2026-07-06,2026-07-06T11:03:54Z,Storage,northeurope,200,26,69,0.0,3604.11,53.98662846,USD,False
2026-07-06,2026-07-06T11:03:54Z,Storage,southeastasia,200,28,79,0.0,3686.4,33.44616051,USD,False
2026-07-06,2026-07-06T11:03:54Z,Storage,swedencentral,200,26,76,0.0,3686.4,31.87963216,USD,True
2026-07-06,2026-07-06T11:03:54Z,Storage,westeurope,200,25,73,0.0,1982.17,32.12951834,USD,False
2026-07-06,2026-07-06T11:03:54Z,Storage,westus2,200,26,73,0.0,3686.4,34.08984903,USD,False
2026-07-06,2026-07-06T11:03:54Z,Virtual Machines,australiaeast,200,135,193,0.014026,41.918,2.83286248,USD,True
2026-07-06,2026-07-06T11:03:54Z,Virtual Machines,brazilsouth,200,139,196,0.00303,133.07446,4.96300965,USD,True
2026-07-06,2026-07-06T11:03:54Z,Virtual Machines,eastus,200,143,198,0.0,117.7788,3.82724009,USD,True
2026-07-06,2026-07-06T11:03:54Z,Virtual Machines,eastus2,200,147,200,0.00846,116.052,4.11606928,USD,True
2026-07-06,2026-07-06T11:03:54Z,Virtual Machines,japaneast,200,129,198,0.00864,179.244241,4.59030583,USD,True
2026-07-06,2026-07-06T11:03:54Z,Virtual Machines,northeurope,200,149,200,0.00204,71.50672,2.78813447,USD,True
2026-07-06,2026-07-06T11:03:54Z,Virtual Machines,southeastasia,200,141,198,0.021067,213.0211,6.19528376,USD,True
2026-07-06,2026-07-06T11:03:54Z,Virtual Machines,swedencentral,200,127,198,0.011,196.6272,4.39852564,USD,True
2026-07-06,2026-07-06T11:03:54Z,Virtual Machines,westeurope,200,135,199,0.00216,147.07536,6.45596616,USD,True
2026-07-06,2026-07-06T11:03:54Z,Virtual Machines,westus2,200,151,196,0.004,451.616,7.56518789,USD,True
2026-07-07,2026-07-07T20:15:47Z,Application Gateway,australiaeast,22,8,5,0.008,0.522,0.15022182,USD,False
2026-07-07,2026-07-07T20:15:47Z,Application Gateway,brazilsouth,18,7,5,0.008,0.72,0.20858,USD,False
2026-07-07,2026-07-07T20:15:47Z,Application Gateway,eastus,22,8,5,0.008,0.448,0.12017727,USD,False
2026-07-07,2026-07-07T20:15:47Z,Application Gateway,eastus2,22,8,5,0.008,0.448,0.12017727,USD,False
2026-07-07,2026-07-07T20:15:47Z,Application Gateway,japaneast,18,7,5,0.008,0.522,0.16874278,USD,False
2026-07-07,2026-07-07T20:15:47Z,Application Gateway,northeurope,22,8,5,0.008,0.50176,0.13672182,USD,False
2026-07-07,2026-07-07T20:15:47Z,Application Gateway,southeastasia,22,8,5,0.008,0.50176,0.14207636,USD,False
2026-07-07,2026-07-07T20:15:47Z,Application Gateway,swedencentral,18,7,5,0.0076,0.50176,0.16225667,USD,False
2026-07-07,2026-07-07T20:15:47Z,Application Gateway,westeurope,22,8,5,0.008,0.50176,0.14206727,USD,False
2026-07-07,2026-07-07T20:15:47Z,Application Gateway,westus2,18,7,5,0.008,0.448,0.13827222,USD,False
2026-07-07,2026-07-07T20:15:47Z,Azure App Service,australiaeast,124,20,67,0.016,80.0,3.33422719,USD,False
2026-07-07,2026-07-07T20:15:47Z,Azure App Service,brazilsouth,102,18,56,0.0158,80.0,2.96177998,USD,False
2026-07-07,2026-07-07T20:15:47Z,Azure App Service,eastus,113,16,62,0.017,80.0,3.05313451,USD,False
2026-07-07,2026-07-07T20:15:47Z,Azure App Service,eastus2,117,17,63,0.0,80.0,3.02458982,USD,False
2026-07-07,2026-07-07T20:15:47Z,Azure App Service,japaneast,128,21,68,0.0,80.0,3.31481827,USD,False
2026-07-07,2026-07-07T20:15:47Z,Azure App Service,northeurope,113,16,62,0.018,80.0,3.45700196,USD,False
2026-07-07,2026-07-07T20:15:47Z,Azure App Service,southeastasia,113,16,62,0.018,80.0,3.50719758,USD,False
2026-07-07,2026-07-07T20:15:47Z,Azure App Service,swedencentral,111,17,60,0.0,80.0,3.06190559,USD,False
2026-07-07,2026-07-07T20:15:47Z,Azure App Service,westeurope,117,17,63,0.0,80.0,3.48324291,USD,False
2026-07-07,2026-07-07T20:15:47Z,Azure App Service,westus2,117,17,63,0.0,80.0,3.01730191,USD,False
2026-07-07,2026-07-07T20:15:47Z,Azure Cosmos DB,australiaeast,106,14,81,0.0,32.553,2.54770911,USD,False
2026-07-07,2026-07-07T20:15:47Z,Azure Cosmos DB,brazilsouth,103,14,78,0.0,44.9,3.58415748,USD,False
2026-07-07,2026-07-07T20:15:47Z,Azure Cosmos DB,eastus,99,14,76,0.0,22.45,2.07406196,USD,False
2026-07-07,2026-07-07T20:15:47Z,Azure Cosmos DB,eastus2,99,14,76,0.0,22.45,2.07625388,USD,False
2026-07-07,2026-07-07T20:15:47Z,Azure Cosmos DB,japaneast,106,14,81,0.0,32.553,2.5569471,USD,False
2026-07-07,2026-07-07T20:15:47Z,Azure Cosmos DB,northeurope,106,14,81,0.0,26.94,2.21805191,USD,False
2026-07-07,2026-07-07T20:15:47Z,Azure Cosmos DB,southeastasia,106,14,81,0.0,29.185,2.30645925,USD,False
2026-07-07,2026-07-07T20:15:47Z,Azure Cosmos DB,swedencentral,97,14,73,0.0,29.185,2.587158,USD,False
2026-07-07,2026-07-07T20:15:47Z,Azure Cosmos DB,westeurope,106,14,81,0.0,29.185,2.39201482,USD,False
2026-07-07,2026-07-07T20:15:47Z,Azure Cosmos DB,westus2,99,14,76,0.0,22.45,2.04923503,USD,False
2026-07-07,2026-07-07T20:15:47Z,Azure Database for PostgreSQL,australiaeast,107,41,48,0.0,76.343,4.33323421,USD,False
2026-07-07,2026-07-07T20:15:47Z,Azure Database for PostgreSQL,brazilsouth,111,43,48,0.0,133.345,6.79866926,USD,False
2026-07-07,2026-07-07T20:15:47Z,Azure Database for PostgreSQL,eastus,110,43,48,0.0,63.619,3.43568106,USD,False
2026-07-07,2026-07-07T20:15:47Z,Azure Database for PostgreSQL,eastus2,111,44,48,0.0,63.619,3.40815691,USD,False
2026-07-07,2026-07-07T20:15:47Z,Azure Database for PostgreSQL,japaneast,110,43,48,0.0,76.343,4.21765002,USD,False
2026-07-07,2026-07-07T20:15:47Z,Azure Database for PostgreSQL,northeurope,112,45,48,0.0,71.253,3.76968572,USD,False
2026-07-07,2026-07-07T20:15:47Z,Azure Database for PostgreSQL,southeastasia,110,43,48,0.0,76.343,4.21477941,USD,False
2026-07-07,2026-07-07T20:15:47Z,Azure Database for PostgreSQL,swedencentral,104,41,47,0.0,65.4,3.73360233,USD,False
2026-07-07,2026-07-07T20:15:47Z,Azure Database for PostgreSQL,westeurope,114,47,48,0.0,77.615,4.02451162,USD,False
2026-07-07,2026-07-07T20:15:47Z,Azure Database for PostgreSQL,westus2,107,41,48,0.0,63.619,3.53051698,USD,False
2026-07-07,2026-07-07T20:15:47Z,Azure Kubernetes Service,australiaeast,8,1,1,0.010602,0.16,0.0385475,USD,False
2026-07-07,2026-07-07T20:15:47Z,Azure Kubernetes Service,brazilsouth,8,1,1,0.014624,0.16,0.045583,USD,False
2026-07-07,2026-07-07T20:15:47Z,Azure Kubernetes Service,eastus,9,2,2,0.007312,0.6,0.09581467,USD,False
2026-07-07,2026-07-07T20:15:47Z,Azure Kubernetes Service,eastus2,8,1,1,0.007312,0.16,0.0327915,USD,False
2026-07-07,2026-07-07T20:15:47Z,Azure Kubernetes Service,japaneast,8,1,1,0.010602,0.16,0.0385475,USD,False
2026-07-07,2026-07-07T20:15:47Z,Azure Kubernetes Service,northeurope,8,1,1,0.008774,0.16,0.0353495,USD,False
2026-07-07,2026-07-07T20:15:47Z,Azure Kubernetes Service,southeastasia,8,1,1,0.009506,0.16,0.036629,USD,False
2026-07-07,2026-07-07T20:15:47Z,Azure Kubernetes Service,swedencentral,8,1,1,0.009506,0.16,0.036629,USD,False
2026-07-07,2026-07-07T20:15:47Z,Azure Kubernetes Service,westeurope,8,1,1,0.010456,0.16,0.03829175,USD,False
2026-07-07,2026-07-07T20:15:47Z,Azure Kubernetes Service,westus2,8,1,1,0.007312,0.16,0.0327915,USD,False
2026-07-07,2026-07-07T20:15:47Z,Functions,australiaeast,9,2,3,0.0,0.182,0.02167433,USD,False
2026-07-07,2026-07-07T20:15:47Z,Functions,brazilsouth,9,2,3,0.0,0.183,0.02179656,USD,False
2026-07-07,2026-07-07T20:15:47Z,Functions,eastus,9,2,3,0.0,0.173,0.02059489,USD,False
2026-07-07,2026-07-07T20:15:47Z,Functions,eastus2,9,2,3,0.0,0.16,0.01905044,USD,False
2026-07-07,2026-07-07T20:15:47Z,Functions,japaneast,9,2,3,0.0,0.196,0.02333933,USD,False
2026-07-07,2026-07-07T20:15:47Z,Functions,northeurope,9,2,3,0.0,0.167,0.01988378,USD,False
2026-07-07,2026-07-07T20:15:47Z,Functions,southeastasia,9,2,3,0.0,0.178,0.02119656,USD,False
2026-07-07,2026-07-07T20:15:47Z,Functions,swedencentral,9,2,3,0.0,0.169,0.02012822,USD,False
2026-07-07,2026-07-07T20:15:47Z,Functions,westeurope,9,2,3,0.0,0.169,0.02012822,USD,False
2026-07-07,2026-07-07T20:15:47Z,Functions,westus2,9,2,3,0.0,0.16,0.01905044,USD,False
2026-07-07,2026-07-07T20:15:47Z,Load Balancer,australiaeast,0,0,0,,,,USD,False
2026-07-07,2026-07-07T20:15:47Z,Load Balancer,brazilsouth,0,0,0,,,,USD,False
2026-07-07,2026-07-07T20:15:47Z,Load Balancer,eastus,0,0,0,,,,USD,False
2026-07-07,2026-07-07T20:15:47Z,Load Balancer,eastus2,0,0,0,,,,USD,False
2026-07-07,2026-07-07T20:15:47Z,Load Balancer,japaneast,0,0,0,,,,USD,False
2026-07-07,2026-07-07T20:15:47Z,Load Balancer,northeurope,0,0,0,,,,USD,False
2026-07-07,2026-07-07T20:15:47Z,Load Balancer,southeastasia,0,0,0,,,,USD,False
2026-07-07,2026-07-07T20:15:47Z,Load Balancer,swedencentral,0,0,0,,,,USD,False
2026-07-07,2026-07-07T20:15:47Z,Load Balancer,westeurope,0,0,0,,,,USD,False
2026-07-07,2026-07-07T20:15:47Z,Load Balancer,westus2,0,0,0,,,,USD,False
2026-07-07,2026-07-07T20:15:47Z,SQL Database,australiaeast,154,37,77,0.0,571.408,22.78711522,USD,False
2026-07-07,2026-07-07T20:15:47Z,SQL Database,brazilsouth,109,35,71,0.0,627.26,31.3701431,USD,False
2026-07-07,2026-07-07T20:15:47Z,SQL Database,eastus,113,30,37,0.0,24.36,2.87434587,USD,False
2026-07-07,2026-07-07T20:15:47Z,SQL Database,eastus2,108,29,36,0.0,24.36,2.98343595,USD,False
2026-07-07,2026-07-07T20:15:47Z,SQL Database,japaneast,150,37,75,0.0,584.208,23.84588713,USD,False
2026-07-07,2026-07-07T20:15:47Z,SQL Database,northeurope,113,30,37,0.0,29.22,3.43563935,USD,False
2026-07-07,2026-07-07T20:15:47Z,SQL Database,southeastasia,111,29,37,0.0,31.66,3.77798125,USD,False
2026-07-07,2026-07-07T20:15:47Z,SQL Database,swedencentral,106,30,74,0.0,516.128,26.50978892,USD,False
2026-07-07,2026-07-07T20:15:47Z,SQL Database,westeurope,113,30,37,0.0,31.66,3.72220855,USD,False
2026-07-07,2026-07-07T20:15:47Z,SQL Database,westus2,111,29,37,0.0,24.36,2.91339714,USD,False
2026-07-07,2026-07-07T20:15:47Z,Storage,australiaeast,200,23,68,0.0,3342.34,23.89177272,USD,True
2026-07-07,2026-07-07T20:15:47Z,Storage,brazilsouth,200,27,62,0.0,4669.71,74.65290366,USD,True
2026-07-07,2026-07-07T20:15:47Z,Storage,eastus,200,28,70,0.0,3686.4,51.35685995,USD,False
2026-07-07,2026-07-07T20:15:47Z,Storage,eastus2,200,25,72,0.0,3686.4,24.146832,USD,False
2026-07-07,2026-07-07T20:15:47Z,Storage,japaneast,200,26,71,0.0,3109.035,41.43337182,USD,False
2026-07-07,2026-07-07T20:15:47Z,Storage,northeurope,200,26,69,0.0,3604.11,53.98662846,USD,False
2026-07-07,2026-07-07T20:15:47Z,Storage,southeastasia,200,28,79,0.0,3686.4,33.44616051,USD,False
2026-07-07,2026-07-07T20:15:47Z,Storage,swedencentral,200,26,76,0.0,3686.4,31.87963216,USD,True
2026-07-07,2026-07-07T20:15:47Z,Storage,westeurope,200,25,73,0.0,1982.17,32.12951834,USD,False
2026-07-07,2026-07-07T20:15:47Z,Storage,westus2,200,26,73,0.0,3686.4,34.08984903,USD,False
2026-07-07,2026-07-07T20:15:47Z,Virtual Machines,australiaeast,200,135,193,0.014026,41.918,2.83286248,USD,True
2026-07-07,2026-07-07T20:15:47Z,Virtual Machines,brazilsouth,200,139,196,0.00303,133.07446,4.96300965,USD,True
2026-07-07,2026-07-07T20:15:47Z,Virtual Machines,eastus,200,143,198,0.0,117.7788,3.82724009,USD,True
2026-07-07,2026-07-07T20:15:47Z,Virtual Machines,eastus2,200,147,200,0.00846,116.052,4.11606928,USD,True
2026-07-07,2026-07-07T20:15:47Z,Virtual Machines,japaneast,200,129,198,0.00864,179.244241,4.59030583,USD,True
2026-07-07,2026-07-07T20:15:47Z,Virtual Machines,northeurope,200,149,200,0.00204,71.50672,2.78813447,USD,True
2026-07-07,2026-07-07T20:15:47Z,Virtual Machines,southeastasia,200,141,198,0.021067,213.0211,6.19528376,USD,True
2026-07-07,2026-07-07T20:15:47Z,Virtual Machines,swedencentral,200,127,198,0.011,196.6272,4.39852564,USD,True
2026-07-07,2026-07-07T20:15:47Z,Virtual Machines,westeurope,200,135,199,0.00216,147.07536,6.45596616,USD,True
2026-07-07,2026-07-07T20:15:47Z,Virtual Machines,westus2,200,151,196,0.004,451.616,7.56518789,USD,True
2026-07-08,2026-07-08T19:56:06Z,Application Gateway,australiaeast,22,8,5,0.008,0.522,0.15022182,USD,False
2026-07-08,2026-07-08T19:56:06Z,Application Gateway,brazilsouth,18,7,5,0.008,0.72,0.20858,USD,False
2026-07-08,2026-07-08T19:56:06Z,Application Gateway,eastus,22,8,5,0.008,0.448,0.12017727,USD,False
2026-07-08,2026-07-08T19:56:06Z,Application Gateway,eastus2,22,8,5,0.008,0.448,0.12017727,USD,False
2026-07-08,2026-07-08T19:56:06Z,Application Gateway,japaneast,18,7,5,0.008,0.522,0.16874278,USD,False
2026-07-08,2026-07-08T19:56:06Z,Application Gateway,northeurope,22,8,5,0.008,0.50176,0.13672182,USD,False
2026-07-08,2026-07-08T19:56:06Z,Application Gateway,southeastasia,22,8,5,0.008,0.50176,0.14207636,USD,False
2026-07-08,2026-07-08T19:56:06Z,Application Gateway,swedencentral,18,7,5,0.0076,0.50176,0.16225667,USD,False
2026-07-08,2026-07-08T19:56:06Z,Application Gateway,westeurope,22,8,5,0.008,0.50176,0.14206727,USD,False
2026-07-08,2026-07-08T19:56:06Z,Application Gateway,westus2,18,7,5,0.008,0.448,0.13827222,USD,False
2026-07-08,2026-07-08T19:56:06Z,Azure App Service,australiaeast,124,20,67,0.016,80.0,3.33422719,USD,False
2026-07-08,2026-07-08T19:56:06Z,Azure App Service,brazilsouth,102,18,56,0.0158,80.0,2.96177998,USD,False
2026-07-08,2026-07-08T19:56:06Z,Azure App Service,eastus,113,16,62,0.017,80.0,3.05313451,USD,False
2026-07-08,2026-07-08T19:56:06Z,Azure App Service,eastus2,117,17,63,0.0,80.0,3.02458982,USD,False
2026-07-08,2026-07-08T19:56:06Z,Azure App Service,japaneast,128,21,68,0.0,80.0,3.31481827,USD,False
2026-07-08,2026-07-08T19:56:06Z,Azure App Service,northeurope,113,16,62,0.018,80.0,3.45700196,USD,False
2026-07-08,2026-07-08T19:56:06Z,Azure App Service,southeastasia,113,16,62,0.018,80.0,3.50719758,USD,False
2026-07-08,2026-07-08T19:56:06Z,Azure App Service,swedencentral,111,17,60,0.0,80.0,3.06190559,USD,False
2026-07-08,2026-07-08T19:56:06Z,Azure App Service,westeurope,117,17,63,0.0,80.0,3.48324291,USD,False
2026-07-08,2026-07-08T19:56:06Z,Azure App Service,westus2,117,17,63,0.0,80.0,3.01730191,USD,False
2026-07-08,2026-07-08T19:56:06Z,Azure Cosmos DB,australiaeast,106,14,81,0.0,32.553,2.54770911,USD,False
2026-07-08,2026-07-08T19:56:06Z,Azure Cosmos DB,brazilsouth,103,14,78,0.0,44.9,3.58415748,USD,False
2026-07-08,2026-07-08T19:56:06Z,Azure Cosmos DB,eastus,99,14,76,0.0,22.45,2.07406196,USD,False
2026-07-08,2026-07-08T19:56:06Z,Azure Cosmos DB,eastus2,99,14,76,0.0,22.45,2.07625388,USD,False
2026-07-08,2026-07-08T19:56:06Z,Azure Cosmos DB,japaneast,106,14,81,0.0,32.553,2.5569471,USD,False
2026-07-08,2026-07-08T19:56:06Z,Azure Cosmos DB,northeurope,106,14,81,0.0,26.94,2.21805191,USD,False
2026-07-08,2026-07-08T19:56:06Z,Azure Cosmos DB,southeastasia,106,14,81,0.0,29.185,2.30645925,USD,False
2026-07-08,2026-07-08T19:56:06Z,Azure Cosmos DB,swedencentral,97,14,73,0.0,29.185,2.587158,USD,False
2026-07-08,2026-07-08T19:56:06Z,Azure Cosmos DB,westeurope,106,14,81,0.0,29.185,2.39201482,USD,False
2026-07-08,2026-07-08T19:56:06Z,Azure Cosmos DB,westus2,99,14,76,0.0,22.45,2.04923503,USD,False
2026-07-08,2026-07-08T19:56:06Z,Azure Database for PostgreSQL,australiaeast,107,41,48,0.0,76.343,4.33323421,USD,False
2026-07-08,2026-07-08T19:56:06Z,Azure Database for PostgreSQL,brazilsouth,111,43,48,0.0,133.345,6.79866926,USD,False
2026-07-08,2026-07-08T19:56:06Z,Azure Database for PostgreSQL,eastus,110,43,48,0.0,63.619,3.43568106,USD,False
2026-07-08,2026-07-08T19:56:06Z,Azure Database for PostgreSQL,eastus2,111,44,48,0.0,63.619,3.40815691,USD,False
2026-07-08,2026-07-08T19:56:06Z,Azure Database for PostgreSQL,japaneast,110,43,48,0.0,76.343,4.21765002,USD,False
2026-07-08,2026-07-08T19:56:06Z,Azure Database for PostgreSQL,northeurope,112,45,48,0.0,71.253,3.76968572,USD,False
2026-07-08,2026-07-08T19:56:06Z,Azure Database for PostgreSQL,southeastasia,110,43,48,0.0,76.343,4.21477941,USD,False
2026-07-08,2026-07-08T19:56:06Z,Azure Database for PostgreSQL,swedencentral,104,41,47,0.0,65.4,3.73360233,USD,False
2026-07-08,2026-07-08T19:56:06Z,Azure Database for PostgreSQL,westeurope,114,47,48,0.0,77.615,4.02451162,USD,False
2026-07-08,2026-07-08T19:56:06Z,Azure Database for PostgreSQL,westus2,107,41,48,0.0,63.619,3.53051698,USD,False
2026-07-08,2026-07-08T19:56:06Z,Azure Kubernetes Service,australiaeast,8,1,1,0.010602,0.16,0.0385475,USD,False
2026-07-08,2026-07-08T19:56:06Z,Azure Kubernetes Service,brazilsouth,8,1,1,0.014624,0.16,0.045583,USD,False
2026-07-08,2026-07-08T19:56:06Z,Azure Kubernetes Service,eastus,9,2,2,0.007312,0.6,0.09581467,USD,False
2026-07-08,2026-07-08T19:56:06Z,Azure Kubernetes Service,eastus2,8,1,1,0.007312,0.16,0.0327915,USD,False
2026-07-08,2026-07-08T19:56:06Z,Azure Kubernetes Service,japaneast,8,1,1,0.010602,0.16,0.0385475,USD,False
2026-07-08,2026-07-08T19:56:06Z,Azure Kubernetes Service,northeurope,8,1,1,0.008774,0.16,0.0353495,USD,False
2026-07-08,2026-07-08T19:56:06Z,Azure Kubernetes Service,southeastasia,8,1,1,0.009506,0.16,0.036629,USD,False
2026-07-08,2026-07-08T19:56:06Z,Azure Kubernetes Service,swedencentral,8,1,1,0.009506,0.16,0.036629,USD,False
2026-07-08,2026-07-08T19:56:06Z,Azure Kubernetes Service,westeurope,8,1,1,0.010456,0.16,0.03829175,USD,False
2026-07-08,2026-07-08T19:56:06Z,Azure Kubernetes Service,westus2,8,1,1,0.007312,0.16,0.0327915,USD,False
2026-07-08,2026-07-08T19:56:06Z,Functions,australiaeast,9,2,3,0.0,0.182,0.02167433,USD,False
2026-07-08,2026-07-08T19:56:06Z,Functions,brazilsouth,9,2,3,0.0,0.183,0.02179656,USD,False
2026-07-08,2026-07-08T19:56:06Z,Functions,eastus,9,2,3,0.0,0.173,0.02059489,USD,False
2026-07-08,2026-07-08T19:56:06Z,Functions,eastus2,9,2,3,0.0,0.16,0.01905044,USD,False
2026-07-08,2026-07-08T19:56:06Z,Functions,japaneast,9,2,3,0.0,0.196,0.02333933,USD,False
2026-07-08,2026-07-08T19:56:06Z,Functions,northeurope,9,2,3,0.0,0.167,0.01988378,USD,False
2026-07-08,2026-07-08T19:56:06Z,Functions,southeastasia,9,2,3,0.0,0.178,0.02119656,USD,False
2026-07-08,2026-07-08T19:56:06Z,Functions,swedencentral,9,2,3,0.0,0.169,0.02012822,USD,False
2026-07-08,2026-07-08T19:56:06Z,Functions,westeurope,9,2,3,0.0,0.169,0.02012822,USD,False
2026-07-08,2026-07-08T19:56:06Z,Functions,westus2,9,2,3,0.0,0.16,0.01905044,USD,False
2026-07-08,2026-07-08T19:56:06Z,Load Balancer,australiaeast,0,0,0,,,,USD,False
2026-07-08,2026-07-08T19:56:06Z,Load Balancer,brazilsouth,0,0,0,,,,USD,False
2026-07-08,2026-07-08T19:56:06Z,Load Balancer,eastus,0,0,0,,,,USD,False
2026-07-08,2026-07-08T19:56:06Z,Load Balancer,eastus2,0,0,0,,,,USD,False
2026-07-08,2026-07-08T19:56:06Z,Load Balancer,japaneast,0,0,0,,,,USD,False
2026-07-08,2026-07-08T19:56:06Z,Load Balancer,northeurope,0,0,0,,,,USD,False
2026-07-08,2026-07-08T19:56:06Z,Load Balancer,southeastasia,0,0,0,,,,USD,False
2026-07-08,2026-07-08T19:56:06Z,Load Balancer,swedencentral,0,0,0,,,,USD,False
2026-07-08,2026-07-08T19:56:06Z,Load Balancer,westeurope,0,0,0,,,,USD,False
2026-07-08,2026-07-08T19:56:06Z,Load Balancer,westus2,0,0,0,,,,USD,False
2026-07-08,2026-07-08T19:56:06Z,SQL Database,australiaeast,154,37,77,0.0,571.408,22.78711522,USD,False
2026-07-08,2026-07-08T19:56:06Z,SQL Database,brazilsouth,109,35,71,0.0,627.26,31.3701431,USD,False
2026-07-08,2026-07-08T19:56:06Z,SQL Database,eastus,113,30,37,0.0,24.36,2.87434587,USD,False
2026-07-08,2026-07-08T19:56:06Z,SQL Database,eastus2,108,29,36,0.0,24.36,2.98343595,USD,False
2026-07-08,2026-07-08T19:56:06Z,SQL Database,japaneast,150,37,75,0.0,584.208,23.84588713,USD,False
2026-07-08,2026-07-08T19:56:06Z,SQL Database,northeurope,113,30,37,0.0,29.22,3.43563935,USD,False
2026-07-08,2026-07-08T19:56:06Z,SQL Database,southeastasia,111,29,37,0.0,31.66,3.77798125,USD,False
2026-07-08,2026-07-08T19:56:06Z,SQL Database,swedencentral,106,30,74,0.0,516.128,26.50978892,USD,False
2026-07-08,2026-07-08T19:56:06Z,SQL Database,westeurope,113,30,37,0.0,31.66,3.72220855,USD,False
2026-07-08,2026-07-08T19:56:06Z,SQL Database,westus2,111,29,37,0.0,24.36,2.91339714,USD,False
2026-07-08,2026-07-08T19:56:06Z,Storage,australiaeast,200,23,68,0.0,3342.34,23.89177272,USD,True
2026-07-08,2026-07-08T19:56:06Z,Storage,brazilsouth,200,27,62,0.0,4669.71,74.65290366,USD,True
2026-07-08,2026-07-08T19:56:06Z,Storage,eastus,200,28,70,0.0,3686.4,51.35685995,USD,False
2026-07-08,2026-07-08T19:56:06Z,Storage,eastus2,200,25,72,0.0,3686.4,24.146832,USD,False
2026-07-08,2026-07-08T19:56:06Z,Storage,japaneast,200,26,71,0.0,3109.035,41.43337182,USD,False
2026-07-08,2026-07-08T19:56:06Z,Storage,northeurope,200,26,69,0.0,3604.11,53.98662846,USD,False
2026-07-08,2026-07-08T19:56:06Z,Storage,southeastasia,200,28,79,0.0,3686.4,33.44616051,USD,False
2026-07-08,2026-07-08T19:56:06Z,Storage,swedencentral,200,26,76,0.0,3686.4,31.87963216,USD,True
2026-07-08,2026-07-08T19:56:06Z,Storage,westeurope,200,25,73,0.0,1982.17,32.12951834,USD,False
2026-07-08,2026-07-08T19:56:06Z,Storage,westus2,200,26,73,0.0,3686.4,34.08984903,USD,False
2026-07-08,2026-07-08T19:56:06Z,Virtual Machines,australiaeast,200,135,193,0.014026,41.918,2.83286248,USD,True
2026-07-08,2026-07-08T19:56:06Z,Virtual Machines,brazilsouth,200,139,196,0.00303,133.07446,4.96300965,USD,True
2026-07-08,2026-07-08T19:56:06Z,Virtual Machines,eastus,200,143,198,0.0,117.7788,3.82724009,USD,True
2026-07-08,2026-07-08T19:56:06Z,Virtual Machines,eastus2,200,147,200,0.00846,116.052,4.11606928,USD,True
2026-07-08,2026-07-08T19:56:06Z,Virtual Machines,japaneast,200,129,198,0.00864,179.244241,4.59030583,USD,True
2026-07-08,2026-07-08T19:56:06Z,Virtual Machines,northeurope,200,149,200,0.00204,71.50672,2.78813447,USD,True
2026-07-08,2026-07-08T19:56:06Z,Virtual Machines,southeastasia,200,141,198,0.021067,213.0211,6.19528376,USD,True
2026-07-08,2026-07-08T19:56:06Z,Virtual Machines,swedencentral,200,127,198,0.011,196.6272,4.39852564,USD,True
2026-07-08,2026-07-08T19:56:06Z,Virtual Machines,westeurope,200,135,199,0.00216,147.07536,6.45596616,USD,True
2026-07-08,2026-07-08T19:56:06Z,Virtual Machines,westus2,200,151,196,0.004,451.616,7.56518789,USD,True
2026-07-09,2026-07-09T10:02:39Z,Application Gateway,australiaeast,22,8,5,0.008,0.522,0.15022182,USD,False
2026-07-09,2026-07-09T10:02:39Z,Application Gateway,brazilsouth,18,7,5,0.008,0.72,0.20858,USD,False
2026-07-09,2026-07-09T10:02:39Z,Application Gateway,eastus,22,8,5,0.008,0.448,0.12017727,USD,False
2026-07-09,2026-07-09T10:02:39Z,Application Gateway,eastus2,22,8,5,0.008,0.448,0.12017727,USD,False
2026-07-09,2026-07-09T10:02:39Z,Application Gateway,japaneast,18,7,5,0.008,0.522,0.16874278,USD,False
2026-07-09,2026-07-09T10:02:39Z,Application Gateway,northeurope,22,8,5,0.008,0.50176,0.13672182,USD,False
2026-07-09,2026-07-09T10:02:39Z,Application Gateway,southeastasia,22,8,5,0.008,0.50176,0.14207636,USD,False
2026-07-09,2026-07-09T10:02:39Z,Application Gateway,swedencentral,18,7,5,0.0076,0.50176,0.16225667,USD,False
2026-07-09,2026-07-09T10:02:39Z,Application Gateway,westeurope,22,8,5,0.008,0.50176,0.14206727,USD,False
2026-07-09,2026-07-09T10:02:39Z,Application Gateway,westus2,18,7,5,0.008,0.448,0.13827222,USD,False
2026-07-09,2026-07-09T10:02:39Z,Azure App Service,australiaeast,124,20,67,0.016,80.0,3.33422719,USD,False
2026-07-09,2026-07-09T10:02:39Z,Azure App Service,brazilsouth,102,18,56,0.0158,80.0,2.96177998,USD,False
2026-07-09,2026-07-09T10:02:39Z,Azure App Service,eastus,113,16,62,0.017,80.0,3.05313451,USD,False
2026-07-09,2026-07-09T10:02:39Z,Azure App Service,eastus2,117,17,63,0.0,80.0,3.02458982,USD,False
2026-07-09,2026-07-09T10:02:39Z,Azure App Service,japaneast,128,21,68,0.0,80.0,3.31481827,USD,False
2026-07-09,2026-07-09T10:02:39Z,Azure App Service,northeurope,113,16,62,0.018,80.0,3.45700196,USD,False
2026-07-09,2026-07-09T10:02:39Z,Azure App Service,southeastasia,113,16,62,0.018,80.0,3.50719758,USD,False
2026-07-09,2026-07-09T10:02:39Z,Azure App Service,swedencentral,111,17,60,0.0,80.0,3.06190559,USD,False
2026-07-09,2026-07-09T10:02:39Z,Azure App Service,westeurope,117,17,63,0.0,80.0,3.48324291,USD,False
2026-07-09,2026-07-09T10:02:39Z,Azure App Service,westus2,117,17,63,0.0,80.0,3.01730191,USD,False
2026-07-09,2026-07-09T10:02:39Z,Azure Cosmos DB,australiaeast,106,14,81,0.0,32.553,2.54770911,USD,False
2026-07-09,2026-07-09T10:02:39Z,Azure Cosmos DB,brazilsouth,103,14,78,0.0,44.9,3.58415748,USD,False
2026-07-09,2026-07-09T10:02:39Z,Azure Cosmos DB,eastus,99,14,76,0.0,22.45,2.07406196,USD,False
2026-07-09,2026-07-09T10:02:39Z,Azure Cosmos DB,eastus2,99,14,76,0.0,22.45,2.07625388,USD,False
2026-07-09,2026-07-09T10:02:39Z,Azure Cosmos DB,japaneast,106,14,81,0.0,32.553,2.5569471,USD,False
2026-07-09,2026-07-09T10:02:39Z,Azure Cosmos DB,northeurope,106,14,81,0.0,26.94,2.21805191,USD,False
2026-07-09,2026-07-09T10:02:39Z,Azure Cosmos DB,southeastasia,106,14,81,0.0,29.185,2.30645925,USD,False
2026-07-09,2026-07-09T10:02:39Z,Azure Cosmos DB,swedencentral,97,14,73,0.0,29.185,2.587158,USD,False
2026-07-09,2026-07-09T10:02:39Z,Azure Cosmos DB,westeurope,106,14,81,0.0,29.185,2.39201482,USD,False
2026-07-09,2026-07-09T10:02:39Z,Azure Cosmos DB,westus2,99,14,76,0.0,22.45,2.04923503,USD,False
2026-07-09,2026-07-09T10:02:39Z,Azure Database for PostgreSQL,australiaeast,107,41,48,0.0,76.343,4.33323421,USD,False
2026-07-09,2026-07-09T10:02:39Z,Azure Database for PostgreSQL,brazilsouth,111,43,48,0.0,133.345,6.79866926,USD,False
2026-07-09,2026-07-09T10:02:39Z,Azure Database for PostgreSQL,eastus,110,43,48,0.0,63.619,3.43568106,USD,False
2026-07-09,2026-07-09T10:02:39Z,Azure Database for PostgreSQL,eastus2,111,44,48,0.0,63.619,3.40815691,USD,False
2026-07-09,2026-07-09T10:02:39Z,Azure Database for PostgreSQL,japaneast,110,43,48,0.0,76.343,4.21765002,USD,False
2026-07-09,2026-07-09T10:02:39Z,Azure Database for PostgreSQL,northeurope,112,45,48,0.0,71.253,3.76968572,USD,False
2026-07-09,2026-07-09T10:02:39Z,Azure Database for PostgreSQL,southeastasia,110,43,48,0.0,76.343,4.21477941,USD,False
2026-07-09,2026-07-09T10:02:39Z,Azure Database for PostgreSQL,swedencentral,104,41,47,0.0,65.4,3.73360233,USD,False
2026-07-09,2026-07-09T10:02:39Z,Azure Database for PostgreSQL,westeurope,114,47,48,0.0,77.615,4.02451162,USD,False
2026-07-09,2026-07-09T10:02:39Z,Azure Database for PostgreSQL,westus2,107,41,48,0.0,63.619,3.53051698,USD,False
2026-07-09,2026-07-09T10:02:39Z,Azure Kubernetes Service,australiaeast,8,1,1,0.010602,0.16,0.0385475,USD,False
2026-07-09,2026-07-09T10:02:39Z,Azure Kubernetes Service,brazilsouth,8,1,1,0.014624,0.16,0.045583,USD,False
2026-07-09,2026-07-09T10:02:39Z,Azure Kubernetes Service,eastus,9,2,2,0.007312,0.6,0.09581467,USD,False
2026-07-09,2026-07-09T10:02:39Z,Azure Kubernetes Service,eastus2,8,1,1,0.007312,0.16,0.0327915,USD,False
2026-07-09,2026-07-09T10:02:39Z,Azure Kubernetes Service,japaneast,8,1,1,0.010602,0.16,0.0385475,USD,False
2026-07-09,2026-07-09T10:02:39Z,Azure Kubernetes Service,northeurope,8,1,1,0.008774,0.16,0.0353495,USD,False
2026-07-09,2026-07-09T10:02:39Z,Azure Kubernetes Service,southeastasia,8,1,1,0.009506,0.16,0.036629,USD,False
2026-07-09,2026-07-09T10:02:39Z,Azure Kubernetes Service,swedencentral,8,1,1,0.009506,0.16,0.036629,USD,False
2026-07-09,2026-07-09T10:02:39Z,Azure Kubernetes Service,westeurope,8,1,1,0.010456,0.16,0.03829175,USD,False
2026-07-09,2026-07-09T10:02:39Z,Azure Kubernetes Service,westus2,8,1,1,0.007312,0.16,0.0327915,USD,False
2026-07-09,2026-07-09T10:02:39Z,Functions,australiaeast,9,2,3,0.0,0.182,0.02167433,USD,False
2026-07-09,2026-07-09T10:02:39Z,Functions,brazilsouth,9,2,3,0.0,0.183,0.02179656,USD,False
2026-07-09,2026-07-09T10:02:39Z,Functions,eastus,9,2,3,0.0,0.173,0.02059489,USD,False
2026-07-09,2026-07-09T10:02:39Z,Functions,eastus2,9,2,3,0.0,0.16,0.01905044,USD,False
2026-07-09,2026-07-09T10:02:39Z,Functions,japaneast,9,2,3,0.0,0.196,0.02333933,USD,False
2026-07-09,2026-07-09T10:02:39Z,Functions,northeurope,9,2,3,0.0,0.167,0.01988378,USD,False
2026-07-09,2026-07-09T10:02:39Z,Functions,southeastasia,9,2,3,0.0,0.178,0.02119656,USD,False
2026-07-09,2026-07-09T10:02:39Z,Functions,swedencentral,9,2,3,0.0,0.169,0.02012822,USD,False
2026-07-09,2026-07-09T10:02:39Z,Functions,westeurope,9,2,3,0.0,0.169,0.02012822,USD,False
2026-07-09,2026-07-09T10:02:39Z,Functions,westus2,9,2,3,0.0,0.16,0.01905044,USD,False
2026-07-09,2026-07-09T10:02:39Z,Load Balancer,australiaeast,0,0,0,,,,USD,False
2026-07-09,2026-07-09T10:02:39Z,Load Balancer,brazilsouth,0,0,0,,,,USD,False
2026-07-09,2026-07-09T10:02:39Z,Load Balancer,eastus,0,0,0,,,,USD,False
2026-07-09,2026-07-09T10:02:39Z,Load Balancer,eastus2,0,0,0,,,,USD,False
2026-07-09,2026-07-09T10:02:39Z,Load Balancer,japaneast,0,0,0,,,,USD,False
2026-07-09,2026-07-09T10:02:39Z,Load Balancer,northeurope,0,0,0,,,,USD,False
2026-07-09,2026-07-09T10:02:39Z,Load Balancer,southeastasia,0,0,0,,,,USD,False
2026-07-09,2026-07-09T10:02:39Z,Load Balancer,swedencentral,0,0,0,,,,USD,False
2026-07-09,2026-07-09T10:02:39Z,Load Balancer,westeurope,0,0,0,,,,USD,False
2026-07-09,2026-07-09T10:02:39Z,Load Balancer,westus2,0,0,0,,,,USD,False
2026-07-09,2026-07-09T10:02:39Z,SQL Database,australiaeast,154,37,77,0.0,571.408,22.78711522,USD,False
2026-07-09,2026-07-09T10:02:39Z,SQL Database,brazilsouth,109,35,71,0.0,627.26,31.3701431,USD,False
2026-07-09,2026-07-09T10:02:39Z,SQL Database,eastus,113,30,37,0.0,24.36,2.87434587,USD,False
2026-07-09,2026-07-09T10:02:39Z,SQL Database,eastus2,108,29,36,0.0,24.36,2.98343595,USD,False
2026-07-09,2026-07-09T10:02:39Z,SQL Database,japaneast,150,37,75,0.0,584.208,23.84588713,USD,False
2026-07-09,2026-07-09T10:02:39Z,SQL Database,northeurope,113,30,37,0.0,29.22,3.43563935,USD,False
2026-07-09,2026-07-09T10:02:39Z,SQL Database,southeastasia,111,29,37,0.0,31.66,3.77798125,USD,False
2026-07-09,2026-07-09T10:02:39Z,SQL Database,swedencentral,106,30,74,0.0,516.128,26.50978892,USD,False
2026-07-09,2026-07-09T10:02:39Z,SQL Database,westeurope,113,30,37,0.0,31.66,3.72220855,USD,False
2026-07-09,2026-07-09T10:02:39Z,SQL Database,westus2,111,29,37,0.0,24.36,2.91339714,USD,False
2026-07-09,2026-07-09T10:02:39Z,Storage,australiaeast,200,23,68,0.0,3342.34,23.89177272,USD,True
2026-07-09,2026-07-09T10:02:39Z,Storage,brazilsouth,200,27,62,0.0,4669.71,74.65290366,USD,True
2026-07-09,2026-07-09T10:02:39Z,Storage,eastus,200,28,70,0.0,3686.4,51.35685995,USD,False
2026-07-09,2026-07-09T10:02:39Z,Storage,eastus2,200,25,72,0.0,3686.4,24.146832,USD,False
2026-07-09,2026-07-09T10:02:39Z,Storage,japaneast,200,26,71,0.0,3109.035,41.43337182,USD,False
2026-07-09,2026-07-09T10:02:39Z,Storage,northeurope,200,26,69,0.0,3604.11,53.98662846,USD,False
2026-07-09,2026-07-09T10:02:39Z,Storage,southeastasia,200,28,79,0.0,3686.4,33.44616051,USD,False
2026-07-09,2026-07-09T10:02:39Z,Storage,swedencentral,200,26,76,0.0,3686.4,31.87963216,USD,True
2026-07-09,2026-07-09T10:02:39Z,Storage,westeurope,200,25,73,0.0,1982.17,32.12951834,USD,False
2026-07-09,2026-07-09T10:02:39Z,Storage,westus2,200,26,73,0.0,3686.4,34.08984903,USD,False
2026-07-09,2026-07-09T10:02:39Z,Virtual Machines,australiaeast,200,135,193,0.014026,41.918,2.83286248,USD,True
2026-07-09,2026-07-09T10:02:39Z,Virtual Machines,brazilsouth,200,139,196,0.00303,133.07446,4.96300965,USD,True
2026-07-09,2026-07-09T10:02:39Z,Virtual Machines,eastus,200,143,198,0.0,117.7788,3.82724009,USD,True
2026-07-09,2026-07-09T10:02:39Z,Virtual Machines,eastus2,200,147,200,0.00846,116.052,4.11606928,USD,True
2026-07-09,2026-07-09T10:02:39Z,Virtual Machines,japaneast,200,129,198,0.00864,179.244241,4.59030583,USD,True
2026-07-09,2026-07-09T10:02:39Z,Virtual Machines,northeurope,200,149,200,0.00204,71.50672,2.78813447,USD,True
2026-07-09,2026-07-09T10:02:39Z,Virtual Machines,southeastasia,200,141,198,0.021067,213.0211,6.19528376,USD,True
2026-07-09,2026-07-09T10:02:39Z,Virtual Machines,swedencentral,200,127,198,0.011,196.6272,4.39852564,USD,True
2026-07-09,2026-07-09T10:02:39Z,Virtual Machines,westeurope,200,135,199,0.00216,147.07536,6.45596616,USD,True
2026-07-09,2026-07-09T10:02:39Z,Virtual Machines,westus2,200,151,196,0.004,451.616,7.56518789,USD,True
2026-07-10,2026-07-10T19:53:05Z,Application Gateway,australiaeast,22,8,5,0.008,0.522,0.15022182,USD,False
2026-07-10,2026-07-10T19:53:05Z,Application Gateway,brazilsouth,18,7,5,0.008,0.72,0.20858,USD,False
2026-07-10,2026-07-10T19:53:05Z,Application Gateway,eastus,22,8,5,0.008,0.448,0.12017727,USD,False
2026-07-10,2026-07-10T19:53:05Z,Application Gateway,eastus2,22,8,5,0.008,0.448,0.12017727,USD,False
2026-07-10,2026-07-10T19:53:05Z,Application Gateway,japaneast,18,7,5,0.008,0.522,0.16874278,USD,False
2026-07-10,2026-07-10T19:53:05Z,Application Gateway,northeurope,22,8,5,0.008,0.50176,0.13672182,USD,False
2026-07-10,2026-07-10T19:53:05Z,Application Gateway,southeastasia,22,8,5,0.008,0.50176,0.14207636,USD,False
2026-07-10,2026-07-10T19:53:05Z,Application Gateway,swedencentral,18,7,5,0.0076,0.50176,0.16225667,USD,False
2026-07-10,2026-07-10T19:53:05Z,Application Gateway,westeurope,22,8,5,0.008,0.50176,0.14206727,USD,False
2026-07-10,2026-07-10T19:53:05Z,Application Gateway,westus2,18,7,5,0.008,0.448,0.13827222,USD,False
2026-07-10,2026-07-10T19:53:05Z,Azure App Service,australiaeast,124,20,67,0.016,80.0,3.33422719,USD,False
2026-07-10,2026-07-10T19:53:05Z,Azure App Service,brazilsouth,102,18,56,0.0158,80.0,2.96177998,USD,False
2026-07-10,2026-07-10T19:53:05Z,Azure App Service,eastus,113,16,62,0.017,80.0,3.05313451,USD,False
2026-07-10,2026-07-10T19:53:05Z,Azure App Service,eastus2,117,17,63,0.0,80.0,3.02458982,USD,False
2026-07-10,2026-07-10T19:53:05Z,Azure App Service,japaneast,128,21,68,0.0,80.0,3.31481827,USD,False
2026-07-10,2026-07-10T19:53:05Z,Azure App Service,northeurope,113,16,62,0.018,80.0,3.45700196,USD,False
2026-07-10,2026-07-10T19:53:05Z,Azure App Service,southeastasia,113,16,62,0.018,80.0,3.50719758,USD,False
2026-07-10,2026-07-10T19:53:05Z,Azure App Service,swedencentral,111,17,60,0.0,80.0,3.06190559,USD,False
2026-07-10,2026-07-10T19:53:05Z,Azure App Service,westeurope,117,17,63,0.0,80.0,3.48324291,USD,False
2026-07-10,2026-07-10T19:53:05Z,Azure App Service,westus2,117,17,63,0.0,80.0,3.01730191,USD,False
2026-07-10,2026-07-10T19:53:05Z,Azure Cosmos DB,australiaeast,106,14,81,0.0,32.553,2.54770911,USD,False
2026-07-10,2026-07-10T19:53:05Z,Azure Cosmos DB,brazilsouth,103,14,78,0.0,44.9,3.58415748,USD,False
2026-07-10,2026-07-10T19:53:05Z,Azure Cosmos DB,eastus,99,14,76,0.0,22.45,2.07406196,USD,False
2026-07-10,2026-07-10T19:53:05Z,Azure Cosmos DB,eastus2,99,14,76,0.0,22.45,2.07625388,USD,False
2026-07-10,2026-07-10T19:53:05Z,Azure Cosmos DB,japaneast,106,14,81,0.0,32.553,2.5569471,USD,False
2026-07-10,2026-07-10T19:53:05Z,Azure Cosmos DB,northeurope,106,14,81,0.0,26.94,2.21805191,USD,False
2026-07-10,2026-07-10T19:53:05Z,Azure Cosmos DB,southeastasia,106,14,81,0.0,29.185,2.30645925,USD,False
2026-07-10,2026-07-10T19:53:05Z,Azure Cosmos DB,swedencentral,97,14,73,0.0,29.185,2.587158,USD,False
2026-07-10,2026-07-10T19:53:05Z,Azure Cosmos DB,westeurope,106,14,81,0.0,29.185,2.39201482,USD,False
2026-07-10,2026-07-10T19:53:05Z,Azure Cosmos DB,westus2,99,14,76,0.0,22.45,2.04923503,USD,False
2026-07-10,2026-07-10T19:53:05Z,Azure Database for PostgreSQL,australiaeast,109,41,50,0.0,76.343,4.25372533,USD,False
2026-07-10,2026-07-10T19:53:05Z,Azure Database for PostgreSQL,brazilsouth,113,43,50,0.0,133.345,6.67833883,USD,False
2026-07-10,2026-07-10T19:53:05Z,Azure Database for PostgreSQL,eastus,112,43,50,0.0,63.619,3.37432962,USD,False
2026-07-10,2026-07-10T19:53:05Z,Azure Database for PostgreSQL,eastus2,113,44,50,0.0,63.619,3.34783555,USD,False
2026-07-10,2026-07-10T19:53:05Z,Azure Database for PostgreSQL,japaneast,112,43,50,0.0,76.343,4.14233484,USD,False
2026-07-10,2026-07-10T19:53:05Z,Azure Database for PostgreSQL,northeurope,114,45,50,0.0,71.253,3.70355089,USD,False
2026-07-10,2026-07-10T19:53:05Z,Azure Database for PostgreSQL,southeastasia,112,43,50,0.0,76.343,4.13951549,USD,False
2026-07-10,2026-07-10T19:53:05Z,Azure Database for PostgreSQL,swedencentral,106,41,49,0.0,65.4,3.663157,USD,False
2026-07-10,2026-07-10T19:53:05Z,Azure Database for PostgreSQL,westeurope,116,47,50,0.0,77.615,3.95512349,USD,False
2026-07-10,2026-07-10T19:53:05Z,Azure Database for PostgreSQL,westus2,109,41,50,0.0,63.619,3.46573685,USD,False
2026-07-10,2026-07-10T19:53:05Z,Azure Kubernetes Service,australiaeast,8,1,1,0.010602,0.16,0.0385475,USD,False
2026-07-10,2026-07-10T19:53:05Z,Azure Kubernetes Service,brazilsouth,8,1,1,0.014624,0.16,0.045583,USD,False
2026-07-10,2026-07-10T19:53:05Z,Azure Kubernetes Service,eastus,9,2,2,0.007312,0.6,0.09581467,USD,False
2026-07-10,2026-07-10T19:53:05Z,Azure Kubernetes Service,eastus2,8,1,1,0.007312,0.16,0.0327915,USD,False
2026-07-10,2026-07-10T19:53:05Z,Azure Kubernetes Service,japaneast,8,1,1,0.010602,0.16,0.0385475,USD,False
2026-07-10,2026-07-10T19:53:05Z,Azure Kubernetes Service,northeurope,8,1,1,0.008774,0.16,0.0353495,USD,False
2026-07-10,2026-07-10T19:53:05Z,Azure Kubernetes Service,southeastasia,8,1,1,0.009506,0.16,0.036629,USD,False
2026-07-10,2026-07-10T19:53:05Z,Azure Kubernetes Service,swedencentral,8,1,1,0.009506,0.16,0.036629,USD,False
2026-07-10,2026-07-10T19:53:05Z,Azure Kubernetes Service,westeurope,8,1,1,0.010456,0.16,0.03829175,USD,False
2026-07-10,2026-07-10T19:53:05Z,Azure Kubernetes Service,westus2,8,1,1,0.007312,0.16,0.0327915,USD,False
2026-07-10,2026-07-10T19:53:05Z,Functions,australiaeast,9,2,3,0.0,0.182,0.02167433,USD,False
2026-07-10,2026-07-10T19:53:05Z,Functions,brazilsouth,9,2,3,0.0,0.183,0.02179656,USD,False
2026-07-10,2026-07-10T19:53:05Z,Functions,eastus,9,2,3,0.0,0.173,0.02059489,USD,False
2026-07-10,2026-07-10T19:53:05Z,Functions,eastus2,9,2,3,0.0,0.16,0.01905044,USD,False
2026-07-10,2026-07-10T19:53:05Z,Functions,japaneast,9,2,3,0.0,0.196,0.02333933,USD,False
2026-07-10,2026-07-10T19:53:05Z,Functions,northeurope,9,2,3,0.0,0.167,0.01988378,USD,False
2026-07-10,2026-07-10T19:53:05Z,Functions,southeastasia,9,2,3,0.0,0.178,0.02119656,USD,False
2026-07-10,2026-07-10T19:53:05Z,Functions,swedencentral,9,2,3,0.0,0.169,0.02012822,USD,False
2026-07-10,2026-07-10T19:53:05Z,Functions,westeurope,9,2,3,0.0,0.169,0.02012822,USD,False
2026-07-10,2026-07-10T19:53:05Z,Functions,westus2,9,2,3,0.0,0.16,0.01905044,USD,False
2026-07-10,2026-07-10T19:53:05Z,Load Balancer,australiaeast,0,0,0,,,,USD,False
2026-07-10,2026-07-10T19:53:05Z,Load Balancer,brazilsouth,0,0,0,,,,USD,False
2026-07-10,2026-07-10T19:53:05Z,Load Balancer,eastus,0,0,0,,,,USD,False
2026-07-10,2026-07-10T19:53:05Z,Load Balancer,eastus2,0,0,0,,,,USD,False
2026-07-10,2026-07-10T19:53:05Z,Load Balancer,japaneast,0,0,0,,,,USD,False
2026-07-10,2026-07-10T19:53:05Z,Load Balancer,northeurope,0,0,0,,,,USD,False
2026-07-10,2026-07-10T19:53:05Z,Load Balancer,southeastasia,0,0,0,,,,USD,False
2026-07-10,2026-07-10T19:53:05Z,Load Balancer,swedencentral,0,0,0,,,,USD,False
2026-07-10,2026-07-10T19:53:05Z,Load Balancer,westeurope,0,0,0,,,,USD,False
2026-07-10,2026-07-10T19:53:05Z,Load Balancer,westus2,0,0,0,,,,USD,False
2026-07-10,2026-07-10T19:53:05Z,SQL Database,australiaeast,154,37,77,0.0,571.408,22.78711522,USD,False
2026-07-10,2026-07-10T19:53:05Z,SQL Database,brazilsouth,109,35,71,0.0,627.26,31.3701431,USD,False
2026-07-10,2026-07-10T19:53:05Z,SQL Database,eastus,113,30,37,0.0,24.36,2.87434587,USD,False
2026-07-10,2026-07-10T19:53:05Z,SQL Database,eastus2,108,29,36,0.0,24.36,2.98343595,USD,False
2026-07-10,2026-07-10T19:53:05Z,SQL Database,japaneast,150,37,75,0.0,584.208,23.84588713,USD,False
2026-07-10,2026-07-10T19:53:05Z,SQL Database,northeurope,113,30,37,0.0,29.22,3.43563935,USD,False
2026-07-10,2026-07-10T19:53:05Z,SQL Database,southeastasia,111,29,37,0.0,31.66,3.77798125,USD,False
2026-07-10,2026-07-10T19:53:05Z,SQL Database,swedencentral,106,30,74,0.0,516.128,26.50978892,USD,False
2026-07-10,2026-07-10T19:53:05Z,SQL Database,westeurope,113,30,37,0.0,31.66,3.72220855,USD,False
2026-07-10,2026-07-10T19:53:05Z,SQL Database,westus2,111,29,37,0.0,24.36,2.91339714,USD,False
2026-07-10,2026-07-10T19:53:05Z,Storage,australiaeast,200,23,68,0.0,3342.34,23.89177272,USD,True
2026-07-10,2026-07-10T19:53:05Z,Storage,brazilsouth,200,27,62,0.0,4669.71,74.65290366,USD,True
2026-07-10,2026-07-10T19:53:05Z,Storage,eastus,200,28,70,0.0,3686.4,51.35685995,USD,False
2026-07-10,2026-07-10T19:53:05Z,Storage,eastus2,200,25,72,0.0,3686.4,24.146832,USD,False
2026-07-10,2026-07-10T19:53:05Z,Storage,japaneast,200,26,71,0.0,3109.035,41.43337182,USD,False
2026-07-10,2026-07-10T19:53:05Z,Storage,northeurope,200,26,69,0.0,3604.11,53.98662846,USD,False
2026-07-10,2026-07-10T19:53:05Z,Storage,southeastasia,200,28,79,0.0,3686.4,33.44616051,USD,False
2026-07-10,2026-07-10T19:53:05Z,Storage,swedencentral,200,26,76,0.0,3686.4,31.87963216,USD,True
2026-07-10,2026-07-10T19:53:05Z,Storage,westeurope,200,25,73,0.0,1982.17,32.12951834,USD,False
2026-07-10,2026-07-10T19:53:05Z,Storage,westus2,200,26,73,0.0,3686.4,34.08984903,USD,False
2026-07-10,2026-07-10T19:53:05Z,Virtual Machines,australiaeast,200,135,193,0.014026,41.918,2.83286248,USD,True
2026-07-10,2026-07-10T19:53:05Z,Virtual Machines,brazilsouth,200,139,196,0.00303,133.07446,4.96300965,USD,True
2026-07-10,2026-07-10T19:53:05Z,Virtual Machines,eastus,200,143,198,0.0,117.7788,3.82724009,USD,True
2026-07-10,2026-07-10T19:53:05Z,Virtual Machines,eastus2,200,147,200,0.00846,116.052,4.11606928,USD,True
2026-07-10,2026-07-10T19:53:05Z,Virtual Machines,japaneast,200,129,198,0.00864,179.244241,4.59030583,USD,True
2026-07-10,2026-07-10T19:53:05Z,Virtual Machines,northeurope,200,149,200,0.00204,71.50672,2.78813447,USD,True
2026-07-10,2026-07-10T19:53:05Z,Virtual Machines,southeastasia,200,141,198,0.021067,213.0211,6.19528376,USD,True
2026-07-10,2026-07-10T19:53:05Z,Virtual Machines,swedencentral,200,127,198,0.011,196.6272,4.39852564,USD,True
2026-07-10,2026-07-10T19:53:05Z,Virtual Machines,westeurope,200,135,199,0.00216,147.07536,6.45596616,USD,True
2026-07-10,2026-07-10T19:53:05Z,Virtual Machines,westus2,200,151,196,0.004,451.616,7.56518789,USD,True
2026-07-11,2026-07-11T08:14:58Z,Application Gateway,australiaeast,22,8,5,0.008,0.522,0.15022182,USD,False
2026-07-11,2026-07-11T08:14:58Z,Application Gateway,brazilsouth,18,7,5,0.008,0.72,0.20858,USD,False
2026-07-11,2026-07-11T08:14:58Z,Application Gateway,eastus,22,8,5,0.008,0.448,0.12017727,USD,False
2026-07-11,2026-07-11T08:14:58Z,Application Gateway,eastus2,22,8,5,0.008,0.448,0.12017727,USD,False
2026-07-11,2026-07-11T08:14:58Z,Application Gateway,japaneast,18,7,5,0.008,0.522,0.16874278,USD,False
2026-07-11,2026-07-11T08:14:58Z,Application Gateway,northeurope,22,8,5,0.008,0.50176,0.13672182,USD,False
2026-07-11,2026-07-11T08:14:58Z,Application Gateway,southeastasia,22,8,5,0.008,0.50176,0.14207636,USD,False
2026-07-11,2026-07-11T08:14:58Z,Application Gateway,swedencentral,18,7,5,0.0076,0.50176,0.16225667,USD,False
2026-07-11,2026-07-11T08:14:58Z,Application Gateway,westeurope,22,8,5,0.008,0.50176,0.14206727,USD,False
2026-07-11,2026-07-11T08:14:58Z,Application Gateway,westus2,18,7,5,0.008,0.448,0.13827222,USD,False
2026-07-11,2026-07-11T08:14:58Z,Azure App Service,australiaeast,124,20,67,0.016,80.0,3.33422719,USD,False
2026-07-11,2026-07-11T08:14:58Z,Azure App Service,brazilsouth,102,18,56,0.0158,80.0,2.96177998,USD,False
2026-07-11,2026-07-11T08:14:58Z,Azure App Service,eastus,113,16,62,0.017,80.0,3.05313451,USD,False
2026-07-11,2026-07-11T08:14:58Z,Azure App Service,eastus2,117,17,63,0.0,80.0,3.02458982,USD,False
2026-07-11,2026-07-11T08:14:58Z,Azure App Service,japaneast,128,21,68,0.0,80.0,3.31481827,USD,False
2026-07-11,2026-07-11T08:14:58Z,Azure App Service,northeurope,113,16,62,0.018,80.0,3.45700196,USD,False
2026-07-11,2026-07-11T08:14:58Z,Azure App Service,southeastasia,113,16,62,0.018,80.0,3.50719758,USD,False
2026-07-11,2026-07-11T08:14:58Z,Azure App Service,swedencentral,111,17,60,0.0,80.0,3.06190559,USD,False
2026-07-11,2026-07-11T08:14:58Z,Azure App Service,westeurope,117,17,63,0.0,80.0,3.48324291,USD,False
2026-07-11,2026-07-11T08:14:58Z,Azure App Service,westus2,117,17,63,0.0,80.0,3.01730191,USD,False
2026-07-11,2026-07-11T08:14:58Z,Azure Cosmos DB,australiaeast,106,14,81,0.0,32.553,2.54770911,USD,False
2026-07-11,2026-07-11T08:14:58Z,Azure Cosmos DB,brazilsouth,103,14,78,0.0,44.9,3.58415748,USD,False
2026-07-11,2026-07-11T08:14:58Z,Azure Cosmos DB,eastus,99,14,76,0.0,22.45,2.07406196,USD,False
2026-07-11,2026-07-11T08:14:58Z,Azure Cosmos DB,eastus2,99,14,76,0.0,22.45,2.07625388,USD,False
2026-07-11,2026-07-11T08:14:58Z,Azure Cosmos DB,japaneast,106,14,81,0.0,32.553,2.5569471,USD,False
2026-07-11,2026-07-11T08:14:58Z,Azure Cosmos DB,northeurope,106,14,81,0.0,26.94,2.21805191,USD,False
2026-07-11,2026-07-11T08:14:58Z,Azure Cosmos DB,southeastasia,106,14,81,0.0,29.185,2.30645925,USD,False
2026-07-11,2026-07-11T08:14:58Z,Azure Cosmos DB,swedencentral,97,14,73,0.0,29.185,2.587158,USD,False
2026-07-11,2026-07-11T08:14:58Z,Azure Cosmos DB,westeurope,106,14,81,0.0,29.185,2.39201482,USD,False
2026-07-11,2026-07-11T08:14:58Z,Azure Cosmos DB,westus2,99,14,76,0.0,22.45,2.04923503,USD,False
2026-07-11,2026-07-11T08:14:58Z,Azure Database for PostgreSQL,australiaeast,109,41,50,0.0,76.343,4.25372533,USD,False
2026-07-11,2026-07-11T08:14:58Z,Azure Database for PostgreSQL,brazilsouth,113,43,50,0.0,133.345,6.67833883,USD,False
2026-07-11,2026-07-11T08:14:58Z,Azure Database for PostgreSQL,eastus,112,43,50,0.0,63.619,3.37432962,USD,False
2026-07-11,2026-07-11T08:14:58Z,Azure Database for PostgreSQL,eastus2,113,44,50,0.0,63.619,3.34783555,USD,False
2026-07-11,2026-07-11T08:14:58Z,Azure Database for PostgreSQL,japaneast,112,43,50,0.0,76.343,4.14233484,USD,False
2026-07-11,2026-07-11T08:14:58Z,Azure Database for PostgreSQL,northeurope,114,45,50,0.0,71.253,3.70355089,USD,False
2026-07-11,2026-07-11T08:14:58Z,Azure Database for PostgreSQL,southeastasia,112,43,50,0.0,76.343,4.13951549,USD,False
2026-07-11,2026-07-11T08:14:58Z,Azure Database for PostgreSQL,swedencentral,106,41,49,0.0,65.4,3.663157,USD,False
2026-07-11,2026-07-11T08:14:58Z,Azure Database for PostgreSQL,westeurope,116,47,50,0.0,77.615,3.95512349,USD,False
2026-07-11,2026-07-11T08:14:58Z,Azure Database for PostgreSQL,westus2,109,41,50,0.0,63.619,3.46573685,USD,False
2026-07-11,2026-07-11T08:14:58Z,Azure Kubernetes Service,australiaeast,8,1,1,0.010602,0.16,0.0385475,USD,False
2026-07-11,2026-07-11T08:14:58Z,Azure Kubernetes Service,brazilsouth,8,1,1,0.014624,0.16,0.045583,USD,False
2026-07-11,2026-07-11T08:14:58Z,Azure Kubernetes Service,eastus,9,2,2,0.007312,0.6,0.09581467,USD,False
2026-07-11,2026-07-11T08:14:58Z,Azure Kubernetes Service,eastus2,8,1,1,0.007312,0.16,0.0327915,USD,False
2026-07-11,2026-07-11T08:14:58Z,Azure Kubernetes Service,japaneast,8,1,1,0.010602,0.16,0.0385475,USD,False
2026-07-11,2026-07-11T08:14:58Z,Azure Kubernetes Service,northeurope,8,1,1,0.008774,0.16,0.0353495,USD,False
2026-07-11,2026-07-11T08:14:58Z,Azure Kubernetes Service,southeastasia,8,1,1,0.009506,0.16,0.036629,USD,False
2026-07-11,2026-07-11T08:14:58Z,Azure Kubernetes Service,swedencentral,8,1,1,0.009506,0.16,0.036629,USD,False
2026-07-11,2026-07-11T08:14:58Z,Azure Kubernetes Service,westeurope,8,1,1,0.010456,0.16,0.03829175,USD,False
2026-07-11,2026-07-11T08:14:58Z,Azure Kubernetes Service,westus2,8,1,1,0.007312,0.16,0.0327915,USD,False
2026-07-11,2026-07-11T08:14:58Z,Functions,australiaeast,9,2,3,0.0,0.182,0.02167433,USD,False
2026-07-11,2026-07-11T08:14:58Z,Functions,brazilsouth,9,2,3,0.0,0.183,0.02179656,USD,False
2026-07-11,2026-07-11T08:14:58Z,Functions,eastus,9,2,3,0.0,0.173,0.02059489,USD,False
2026-07-11,2026-07-11T08:14:58Z,Functions,eastus2,9,2,3,0.0,0.16,0.01905044,USD,False
2026-07-11,2026-07-11T08:14:58Z,Functions,japaneast,9,2,3,0.0,0.196,0.02333933,USD,False
2026-07-11,2026-07-11T08:14:58Z,Functions,northeurope,9,2,3,0.0,0.167,0.01988378,USD,False
2026-07-11,2026-07-11T08:14:58Z,Functions,southeastasia,9,2,3,0.0,0.178,0.02119656,USD,False
2026-07-11,2026-07-11T08:14:58Z,Functions,swedencentral,9,2,3,0.0,0.169,0.02012822,USD,False
2026-07-11,2026-07-11T08:14:58Z,Functions,westeurope,9,2,3,0.0,0.169,0.02012822,USD,False
2026-07-11,2026-07-11T08:14:58Z,Functions,westus2,9,2,3,0.0,0.16,0.01905044,USD,False
2026-07-11,2026-07-11T08:14:58Z,Load Balancer,australiaeast,0,0,0,,,,USD,False
2026-07-11,2026-07-11T08:14:58Z,Load Balancer,brazilsouth,0,0,0,,,,USD,False
2026-07-11,2026-07-11T08:14:58Z,Load Balancer,eastus,0,0,0,,,,USD,False
2026-07-11,2026-07-11T08:14:58Z,Load Balancer,eastus2,0,0,0,,,,USD,False
2026-07-11,2026-07-11T08:14:58Z,Load Balancer,japaneast,0,0,0,,,,USD,False
2026-07-11,2026-07-11T08:14:58Z,Load Balancer,northeurope,0,0,0,,,,USD,False
2026-07-11,2026-07-11T08:14:58Z,Load Balancer,southeastasia,0,0,0,,,,USD,False
2026-07-11,2026-07-11T08:14:58Z,Load Balancer,swedencentral,0,0,0,,,,USD,False
2026-07-11,2026-07-11T08:14:58Z,Load Balancer,westeurope,0,0,0,,,,USD,False
2026-07-11,2026-07-11T08:14:58Z,Load Balancer,westus2,0,0,0,,,,USD,False
2026-07-11,2026-07-11T08:14:58Z,SQL Database,australiaeast,154,37,77,0.0,571.408,22.78711522,USD,False
2026-07-11,2026-07-11T08:14:58Z,SQL Database,brazilsouth,109,35,71,0.0,627.26,31.3701431,USD,False
2026-07-11,2026-07-11T08:14:58Z,SQL Database,eastus,113,30,37,0.0,24.36,2.87434587,USD,False
2026-07-11,2026-07-11T08:14:58Z,SQL Database,eastus2,108,29,36,0.0,24.36,2.98343595,USD,False
2026-07-11,2026-07-11T08:14:58Z,SQL Database,japaneast,150,37,75,0.0,584.208,23.84588713,USD,False
2026-07-11,2026-07-11T08:14:58Z,SQL Database,northeurope,113,30,37,0.0,29.22,3.43563935,USD,False
2026-07-11,2026-07-11T08:14:58Z,SQL Database,southeastasia,111,29,37,0.0,31.66,3.77798125,USD,False
2026-07-11,2026-07-11T08:14:58Z,SQL Database,swedencentral,106,30,74,0.0,516.128,26.50978892,USD,False
2026-07-11,2026-07-11T08:14:58Z,SQL Database,westeurope,113,30,37,0.0,31.66,3.72220855,USD,False
2026-07-11,2026-07-11T08:14:58Z,SQL Database,westus2,111,29,37,0.0,24.36,2.91339714,USD,False
2026-07-11,2026-07-11T08:14:58Z,Storage,australiaeast,200,23,68,0.0,3342.34,23.89177272,USD,True
2026-07-11,2026-07-11T08:14:58Z,Storage,brazilsouth,200,27,62,0.0,4669.71,74.65290366,USD,True
2026-07-11,2026-07-11T08:14:58Z,Storage,eastus,200,28,70,0.0,3686.4,51.35685995,USD,False
2026-07-11,2026-07-11T08:14:58Z,Storage,eastus2,200,25,72,0.0,3686.4,24.146832,USD,False
2026-07-11,2026-07-11T08:14:58Z,Storage,japaneast,200,26,71,0.0,3109.035,41.43337182,USD,False
2026-07-11,2026-07-11T08:14:58Z,Storage,northeurope,200,26,69,0.0,3604.11,53.98662846,USD,False
2026-07-11,2026-07-11T08:14:58Z,Storage,southeastasia,200,28,79,0.0,3686.4,33.44616051,USD,False
2026-07-11,2026-07-11T08:14:58Z,Storage,swedencentral,200,26,76,0.0,3686.4,31.87963216,USD,True
2026-07-11,2026-07-11T08:14:58Z,Storage,westeurope,200,25,73,0.0,1982.17,32.12951834,USD,False
2026-07-11,2026-07-11T08:14:58Z,Storage,westus2,200,26,73,0.0,3686.4,34.08984903,USD,False
2026-07-11,2026-07-11T08:14:58Z,Virtual Machines,australiaeast,200,135,193,0.014026,41.918,2.83286248,USD,True
2026-07-11,2026-07-11T08:14:58Z,Virtual Machines,brazilsouth,200,139,196,0.00303,133.07446,4.96300965,USD,True
2026-07-11,2026-07-11T08:14:58Z,Virtual Machines,eastus,200,143,198,0.0,117.7788,3.82724009,USD,True
2026-07-11,2026-07-11T08:14:58Z,Virtual Machines,eastus2,200,147,200,0.00846,116.052,4.11606928,USD,True
2026-07-11,2026-07-11T08:14:58Z,Virtual Machines,japaneast,200,129,198,0.00864,179.244241,4.59030583,USD,True
2026-07-11,2026-07-11T08:14:58Z,Virtual Machines,northeurope,200,149,200,0.00204,71.50672,2.78813447,USD,True
2026-07-11,2026-07-11T08:14:58Z,Virtual Machines,southeastasia,200,141,198,0.021067,213.0211,6.19528376,USD,True
2026-07-11,2026-07-11T08:14:58Z,Virtual Machines,swedencentral,200,127,198,0.011,196.6272,4.39852564,USD,True
2026-07-11,2026-07-11T08:14:58Z,Virtual Machines,westeurope,200,135,199,0.00216,147.07536,6.45596616,USD,True
2026-07-11,2026-07-11T08:14:58Z,Virtual Machines,westus2,200,151,196,0.004,451.616,7.56518789,USD,True
2026-07-12,2026-07-12T19:32:00Z,Application Gateway,australiaeast,22,8,5,0.008,0.522,0.15022182,USD,False
2026-07-12,2026-07-12T19:32:00Z,Application Gateway,brazilsouth,18,7,5,0.008,0.72,0.20858,USD,False
2026-07-12,2026-07-12T19:32:00Z,Application Gateway,eastus,22,8,5,0.008,0.448,0.12017727,USD,False
2026-07-12,2026-07-12T19:32:00Z,Application Gateway,eastus2,22,8,5,0.008,0.448,0.12017727,USD,False
2026-07-12,2026-07-12T19:32:00Z,Application Gateway,japaneast,18,7,5,0.008,0.522,0.16874278,USD,False
2026-07-12,2026-07-12T19:32:00Z,Application Gateway,northeurope,22,8,5,0.008,0.50176,0.13672182,USD,False
2026-07-12,2026-07-12T19:32:00Z,Application Gateway,southeastasia,22,8,5,0.008,0.50176,0.14207636,USD,False
2026-07-12,2026-07-12T19:32:00Z,Application Gateway,swedencentral,18,7,5,0.0076,0.50176,0.16225667,USD,False
2026-07-12,2026-07-12T19:32:00Z,Application Gateway,westeurope,22,8,5,0.008,0.50176,0.14206727,USD,False
2026-07-12,2026-07-12T19:32:00Z,Application Gateway,westus2,18,7,5,0.008,0.448,0.13827222,USD,False
2026-07-12,2026-07-12T19:32:00Z,Azure App Service,australiaeast,124,20,67,0.016,80.0,3.33422719,USD,False
2026-07-12,2026-07-12T19:32:00Z,Azure App Service,brazilsouth,102,18,56,0.0158,80.0,2.96177998,USD,False
2026-07-12,2026-07-12T19:32:00Z,Azure App Service,eastus,113,16,62,0.017,80.0,3.05313451,USD,False
2026-07-12,2026-07-12T19:32:00Z,Azure App Service,eastus2,117,17,63,0.0,80.0,3.02458982,USD,False
2026-07-12,2026-07-12T19:32:00Z,Azure App Service,japaneast,128,21,68,0.0,80.0,3.31481827,USD,False
2026-07-12,2026-07-12T19:32:00Z,Azure App Service,northeurope,113,16,62,0.018,80.0,3.45700196,USD,False
2026-07-12,2026-07-12T19:32:00Z,Azure App Service,southeastasia,113,16,62,0.018,80.0,3.50719758,USD,False
2026-07-12,2026-07-12T19:32:00Z,Azure App Service,swedencentral,111,17,60,0.0,80.0,3.06190559,USD,False
2026-07-12,2026-07-12T19:32:00Z,Azure App Service,westeurope,117,17,63,0.0,80.0,3.48324291,USD,False
2026-07-12,2026-07-12T19:32:00Z,Azure App Service,westus2,117,17,63,0.0,80.0,3.01730191,USD,False
2026-07-12,2026-07-12T19:32:00Z,Azure Cosmos DB,australiaeast,106,14,81,0.0,32.553,2.54770911,USD,False
2026-07-12,2026-07-12T19:32:00Z,Azure Cosmos DB,brazilsouth,103,14,78,0.0,44.9,3.58415748,USD,False
2026-07-12,2026-07-12T19:32:00Z,Azure Cosmos DB,eastus,99,14,76,0.0,22.45,2.07406196,USD,False
2026-07-12,2026-07-12T19:32:00Z,Azure Cosmos DB,eastus2,99,14,76,0.0,22.45,2.07625388,USD,False
2026-07-12,2026-07-12T19:32:00Z,Azure Cosmos DB,japaneast,106,14,81,0.0,32.553,2.5569471,USD,False
2026-07-12,2026-07-12T19:32:00Z,Azure Cosmos DB,northeurope,106,14,81,0.0,26.94,2.21805191,USD,False
2026-07-12,2026-07-12T19:32:00Z,Azure Cosmos DB,southeastasia,106,14,81,0.0,29.185,2.30645925,USD,False
2026-07-12,2026-07-12T19:32:00Z,Azure Cosmos DB,swedencentral,97,14,73,0.0,29.185,2.587158,USD,False
2026-07-12,2026-07-12T19:32:00Z,Azure Cosmos DB,westeurope,106,14,81,0.0,29.185,2.39201482,USD,False
2026-07-12,2026-07-12T19:32:00Z,Azure Cosmos DB,westus2,99,14,76,0.0,22.45,2.04923503,USD,False
2026-07-12,2026-07-12T19:32:00Z,Azure Database for PostgreSQL,australiaeast,109,41,50,0.0,76.343,4.25372533,USD,False
2026-07-12,2026-07-12T19:32:00Z,Azure Database for PostgreSQL,brazilsouth,113,43,50,0.0,133.345,6.67833883,USD,False
2026-07-12,2026-07-12T19:32:00Z,Azure Database for PostgreSQL,eastus,112,43,50,0.0,63.619,3.37432962,USD,False
2026-07-12,2026-07-12T19:32:00Z,Azure Database for PostgreSQL,eastus2,113,44,50,0.0,63.619,3.34783555,USD,False
2026-07-12,2026-07-12T19:32:00Z,Azure Database for PostgreSQL,japaneast,112,43,50,0.0,76.343,4.14233484,USD,False
2026-07-12,2026-07-12T19:32:00Z,Azure Database for PostgreSQL,northeurope,114,45,50,0.0,71.253,3.70355089,USD,False
2026-07-12,2026-07-12T19:32:00Z,Azure Database for PostgreSQL,southeastasia,112,43,50,0.0,76.343,4.13951549,USD,False
2026-07-12,2026-07-12T19:32:00Z,Azure Database for PostgreSQL,swedencentral,106,41,49,0.0,65.4,3.663157,USD,False
2026-07-12,2026-07-12T19:32:00Z,Azure Database for PostgreSQL,westeurope,116,47,50,0.0,77.615,3.95512349,USD,False
2026-07-12,2026-07-12T19:32:00Z,Azure Database for PostgreSQL,westus2,109,41,50,0.0,63.619,3.46573685,USD,False
2026-07-12,2026-07-12T19:32:00Z,Azure Kubernetes Service,australiaeast,8,1,1,0.010602,0.16,0.0385475,USD,False
2026-07-12,2026-07-12T19:32:00Z,Azure Kubernetes Service,brazilsouth,8,1,1,0.014624,0.16,0.045583,USD,False
2026-07-12,2026-07-12T19:32:00Z,Azure Kubernetes Service,eastus,9,2,2,0.007312,0.6,0.09581467,USD,False
2026-07-12,2026-07-12T19:32:00Z,Azure Kubernetes Service,eastus2,8,1,1,0.007312,0.16,0.0327915,USD,False
2026-07-12,2026-07-12T19:32:00Z,Azure Kubernetes Service,japaneast,8,1,1,0.010602,0.16,0.0385475,USD,False
2026-07-12,2026-07-12T19:32:00Z,Azure Kubernetes Service,northeurope,8,1,1,0.008774,0.16,0.0353495,USD,False
2026-07-12,2026-07-12T19:32:00Z,Azure Kubernetes Service,southeastasia,8,1,1,0.009506,0.16,0.036629,USD,False
2026-07-12,2026-07-12T19:32:00Z,Azure Kubernetes Service,swedencentral,8,1,1,0.009506,0.16,0.036629,USD,False
2026-07-12,2026-07-12T19:32:00Z,Azure Kubernetes Service,westeurope,8,1,1,0.010456,0.16,0.03829175,USD,False
2026-07-12,2026-07-12T19:32:00Z,Azure Kubernetes Service,westus2,8,1,1,0.007312,0.16,0.0327915,USD,False
2026-07-12,2026-07-12T19:32:00Z,Functions,australiaeast,9,2,3,0.0,0.182,0.02167433,USD,False
2026-07-12,2026-07-12T19:32:00Z,Functions,brazilsouth,9,2,3,0.0,0.183,0.02179656,USD,False
2026-07-12,2026-07-12T19:32:00Z,Functions,eastus,9,2,3,0.0,0.173,0.02059489,USD,False
2026-07-12,2026-07-12T19:32:00Z,Functions,eastus2,9,2,3,0.0,0.16,0.01905044,USD,False
2026-07-12,2026-07-12T19:32:00Z,Functions,japaneast,9,2,3,0.0,0.196,0.02333933,USD,False
2026-07-12,2026-07-12T19:32:00Z,Functions,northeurope,9,2,3,0.0,0.167,0.01988378,USD,False
2026-07-12,2026-07-12T19:32:00Z,Functions,southeastasia,9,2,3,0.0,0.178,0.02119656,USD,False
2026-07-12,2026-07-12T19:32:00Z,Functions,swedencentral,9,2,3,0.0,0.169,0.02012822,USD,False
2026-07-12,2026-07-12T19:32:00Z,Functions,westeurope,9,2,3,0.0,0.169,0.02012822,USD,False
2026-07-12,2026-07-12T19:32:00Z,Functions,westus2,9,2,3,0.0,0.16,0.01905044,USD,False
2026-07-12,2026-07-12T19:32:00Z,Load Balancer,australiaeast,0,0,0,,,,USD,False
2026-07-12,2026-07-12T19:32:00Z,Load Balancer,brazilsouth,0,0,0,,,,USD,False
2026-07-12,2026-07-12T19:32:00Z,Load Balancer,eastus,0,0,0,,,,USD,False
2026-07-12,2026-07-12T19:32:00Z,Load Balancer,eastus2,0,0,0,,,,USD,False
2026-07-12,2026-07-12T19:32:00Z,Load Balancer,japaneast,0,0,0,,,,USD,False
2026-07-12,2026-07-12T19:32:00Z,Load Balancer,northeurope,0,0,0,,,,USD,False
2026-07-12,2026-07-12T19:32:00Z,Load Balancer,southeastasia,0,0,0,,,,USD,False
2026-07-12,2026-07-12T19:32:00Z,Load Balancer,swedencentral,0,0,0,,,,USD,False
2026-07-12,2026-07-12T19:32:00Z,Load Balancer,westeurope,0,0,0,,,,USD,False
2026-07-12,2026-07-12T19:32:00Z,Load Balancer,westus2,0,0,0,,,,USD,False
2026-07-12,2026-07-12T19:32:00Z,SQL Database,australiaeast,154,37,77,0.0,571.408,22.78711522,USD,False
2026-07-12,2026-07-12T19:32:00Z,SQL Database,brazilsouth,109,35,71,0.0,627.26,31.3701431,USD,False
2026-07-12,2026-07-12T19:32:00Z,SQL Database,eastus,113,30,37,0.0,24.36,2.87434587,USD,False
2026-07-12,2026-07-12T19:32:00Z,SQL Database,eastus2,108,29,36,0.0,24.36,2.98343595,USD,False
2026-07-12,2026-07-12T19:32:00Z,SQL Database,japaneast,150,37,75,0.0,584.208,23.84588713,USD,False
2026-07-12,2026-07-12T19:32:00Z,SQL Database,northeurope,113,30,37,0.0,29.22,3.43563935,USD,False
2026-07-12,2026-07-12T19:32:00Z,SQL Database,southeastasia,111,29,37,0.0,31.66,3.77798125,USD,False
2026-07-12,2026-07-12T19:32:00Z,SQL Database,swedencentral,106,30,74,0.0,516.128,26.50978892,USD,False
2026-07-12,2026-07-12T19:32:00Z,SQL Database,westeurope,113,30,37,0.0,31.66,3.72220855,USD,False
2026-07-12,2026-07-12T19:32:00Z,SQL Database,westus2,111,29,37,0.0,24.36,2.91339714,USD,False
2026-07-12,2026-07-12T19:32:00Z,Storage,australiaeast,200,23,68,0.0,3342.34,23.89177272,USD,True
2026-07-12,2026-07-12T19:32:00Z,Storage,brazilsouth,200,27,62,0.0,4669.71,74.65290366,USD,True
2026-07-12,2026-07-12T19:32:00Z,Storage,eastus,200,28,70,0.0,3686.4,51.35685995,USD,False
2026-07-12,2026-07-12T19:32:00Z,Storage,eastus2,200,25,72,0.0,3686.4,24.146832,USD,False
2026-07-12,2026-07-12T19:32:00Z,Storage,japaneast,200,26,71,0.0,3109.035,41.43337182,USD,False
2026-07-12,2026-07-12T19:32:00Z,Storage,northeurope,200,26,69,0.0,3604.11,53.98662846,USD,False
2026-07-12,2026-07-12T19:32:00Z,Storage,southeastasia,200,28,79,0.0,3686.4,33.44616051,USD,False
2026-07-12,2026-07-12T19:32:00Z,Storage,swedencentral,200,26,76,0.0,3686.4,31.87963216,USD,True
2026-07-12,2026-07-12T19:32:00Z,Storage,westeurope,200,25,73,0.0,1982.17,32.12951834,USD,False
2026-07-12,2026-07-12T19:32:00Z,Storage,westus2,200,26,73,0.0,3686.4,34.08984903,USD,False
2026-07-12,2026-07-12T19:32:00Z,Virtual Machines,australiaeast,200,135,193,0.014026,41.918,2.83286248,USD,True
2026-07-12,2026-07-12T19:32:00Z,Virtual Machines,brazilsouth,200,139,196,0.00303,133.07446,4.96300965,USD,True
2026-07-12,2026-07-12T19:32:00Z,Virtual Machines,eastus,200,143,198,0.0,117.7788,3.82724009,USD,True
2026-07-12,2026-07-12T19:32:00Z,Virtual Machines,eastus2,200,147,200,0.00846,116.052,4.11606928,USD,True
2026-07-12,2026-07-12T19:32:00Z,Virtual Machines,japaneast,200,129,198,0.00864,179.244241,4.59030583,USD,True
2026-07-12,2026-07-12T19:32:00Z,Virtual Machines,northeurope,200,149,200,0.00204,71.50672,2.78813447,USD,True
2026-07-12,2026-07-12T19:32:00Z,Virtual Machines,southeastasia,200,141,198,0.021067,213.0211,6.19528376,USD,True
2026-07-12,2026-07-12T19:32:00Z,Virtual Machines,swedencentral,200,127,198,0.011,196.6272,4.39852564,USD,True
2026-07-12,2026-07-12T19:32:00Z,Virtual Machines,westeurope,200,135,199,0.00216,147.07536,6.45596616,USD,True
2026-07-12,2026-07-12T19:32:00Z,Virtual Machines,westus2,200,151,196,0.004,451.616,7.56518789,USD,True
2026-07-13,2026-07-13T19:49:59Z,Application Gateway,australiaeast,22,8,5,0.008,0.522,0.15022182,USD,False
2026-07-13,2026-07-13T19:49:59Z,Application Gateway,brazilsouth,18,7,5,0.008,0.72,0.20858,USD,False
2026-07-13,2026-07-13T19:49:59Z,Application Gateway,eastus,22,8,5,0.008,0.448,0.12017727,USD,False
2026-07-13,2026-07-13T19:49:59Z,Application Gateway,eastus2,22,8,5,0.008,0.448,0.12017727,USD,False
2026-07-13,2026-07-13T19:49:59Z,Application Gateway,japaneast,18,7,5,0.008,0.522,0.16874278,USD,False
2026-07-13,2026-07-13T19:49:59Z,Application Gateway,northeurope,22,8,5,0.008,0.50176,0.13672182,USD,False
2026-07-13,2026-07-13T19:49:59Z,Application Gateway,southeastasia,22,8,5,0.008,0.50176,0.14207636,USD,False
2026-07-13,2026-07-13T19:49:59Z,Application Gateway,swedencentral,18,7,5,0.0076,0.50176,0.16225667,USD,False
2026-07-13,2026-07-13T19:49:59Z,Application Gateway,westeurope,22,8,5,0.008,0.50176,0.14206727,USD,False
2026-07-13,2026-07-13T19:49:59Z,Application Gateway,westus2,18,7,5,0.008,0.448,0.13827222,USD,False
2026-07-13,2026-07-13T19:49:59Z,Azure App Service,australiaeast,124,20,67,0.016,80.0,3.33422719,USD,False
2026-07-13,2026-07-13T19:49:59Z,Azure App Service,brazilsouth,102,18,56,0.0158,80.0,2.96177998,USD,False
2026-07-13,2026-07-13T19:49:59Z,Azure App Service,eastus,113,16,62,0.017,80.0,3.05313451,USD,False
2026-07-13,2026-07-13T19:49:59Z,Azure App Service,eastus2,117,17,63,0.0,80.0,3.02458982,USD,False
2026-07-13,2026-07-13T19:49:59Z,Azure App Service,japaneast,128,21,68,0.0,80.0,3.31481827,USD,False
2026-07-13,2026-07-13T19:49:59Z,Azure App Service,northeurope,113,16,62,0.018,80.0,3.45700196,USD,False
2026-07-13,2026-07-13T19:49:59Z,Azure App Service,southeastasia,113,16,62,0.018,80.0,3.50719758,USD,False
2026-07-13,2026-07-13T19:49:59Z,Azure App Service,swedencentral,111,17,60,0.0,80.0,3.06190559,USD,False
2026-07-13,2026-07-13T19:49:59Z,Azure App Service,westeurope,117,17,63,0.0,80.0,3.48324291,USD,False
2026-07-13,2026-07-13T19:49:59Z,Azure App Service,westus2,117,17,63,0.0,80.0,3.01730191,USD,False
2026-07-13,2026-07-13T19:49:59Z,Azure Cosmos DB,australiaeast,106,14,81,0.0,32.553,2.54770911,USD,False
2026-07-13,2026-07-13T19:49:59Z,Azure Cosmos DB,brazilsouth,103,14,78,0.0,44.9,3.58415748,USD,False
2026-07-13,2026-07-13T19:49:59Z,Azure Cosmos DB,eastus,99,14,76,0.0,22.45,2.07406196,USD,False
2026-07-13,2026-07-13T19:49:59Z,Azure Cosmos DB,eastus2,99,14,76,0.0,22.45,2.07625388,USD,False
2026-07-13,2026-07-13T19:49:59Z,Azure Cosmos DB,japaneast,106,14,81,0.0,32.553,2.5569471,USD,False
2026-07-13,2026-07-13T19:49:59Z,Azure Cosmos DB,northeurope,106,14,81,0.0,26.94,2.21805191,USD,False
2026-07-13,2026-07-13T19:49:59Z,Azure Cosmos DB,southeastasia,106,14,81,0.0,29.185,2.30645925,USD,False
2026-07-13,2026-07-13T19:49:59Z,Azure Cosmos DB,swedencentral,97,14,73,0.0,29.185,2.587158,USD,False
2026-07-13,2026-07-13T19:49:59Z,Azure Cosmos DB,westeurope,106,14,81,0.0,29.185,2.39201482,USD,False
2026-07-13,2026-07-13T19:49:59Z,Azure Cosmos DB,westus2,99,14,76,0.0,22.45,2.04923503,USD,False
2026-07-13,2026-07-13T19:49:59Z,Azure Database for PostgreSQL,australiaeast,109,41,50,0.0,76.343,4.25372533,USD,False
2026-07-13,2026-07-13T19:49:59Z,Azure Database for PostgreSQL,brazilsouth,113,43,50,0.0,133.345,6.67833883,USD,False
2026-07-13,2026-07-13T19:49:59Z,Azure Database for PostgreSQL,eastus,112,43,50,0.0,63.619,3.37432962,USD,False
2026-07-13,2026-07-13T19:49:59Z,Azure Database for PostgreSQL,eastus2,113,44,50,0.0,63.619,3.34783555,USD,False
2026-07-13,2026-07-13T19:49:59Z,Azure Database for PostgreSQL,japaneast,112,43,50,0.0,76.343,4.14233484,USD,False
2026-07-13,2026-07-13T19:49:59Z,Azure Database for PostgreSQL,northeurope,114,45,50,0.0,71.253,3.70355089,USD,False
2026-07-13,2026-07-13T19:49:59Z,Azure Database for PostgreSQL,southeastasia,112,43,50,0.0,76.343,4.13951549,USD,False
2026-07-13,2026-07-13T19:49:59Z,Azure Database for PostgreSQL,swedencentral,106,41,49,0.0,65.4,3.663157,USD,False
2026-07-13,2026-07-13T19:49:59Z,Azure Database for PostgreSQL,westeurope,116,47,50,0.0,77.615,3.95512349,USD,False
2026-07-13,2026-07-13T19:49:59Z,Azure Database for PostgreSQL,westus2,109,41,50,0.0,63.619,3.46573685,USD,False
2026-07-13,2026-07-13T19:49:59Z,Azure Kubernetes Service,australiaeast,8,1,1,0.010602,0.16,0.0385475,USD,False
2026-07-13,2026-07-13T19:49:59Z,Azure Kubernetes Service,brazilsouth,8,1,1,0.014624,0.16,0.045583,USD,False
2026-07-13,2026-07-13T19:49:59Z,Azure Kubernetes Service,eastus,9,2,2,0.007312,0.6,0.09581467,USD,False
2026-07-13,2026-07-13T19:49:59Z,Azure Kubernetes Service,eastus2,8,1,1,0.007312,0.16,0.0327915,USD,False
2026-07-13,2026-07-13T19:49:59Z,Azure Kubernetes Service,japaneast,8,1,1,0.010602,0.16,0.0385475,USD,False
2026-07-13,2026-07-13T19:49:59Z,Azure Kubernetes Service,northeurope,8,1,1,0.008774,0.16,0.0353495,USD,False
2026-07-13,2026-07-13T19:49:59Z,Azure Kubernetes Service,southeastasia,8,1,1,0.009506,0.16,0.036629,USD,False
2026-07-13,2026-07-13T19:49:59Z,Azure Kubernetes Service,swedencentral,8,1,1,0.009506,0.16,0.036629,USD,False
2026-07-13,2026-07-13T19:49:59Z,Azure Kubernetes Service,westeurope,8,1,1,0.010456,0.16,0.03829175,USD,False
2026-07-13,2026-07-13T19:49:59Z,Azure Kubernetes Service,westus2,8,1,1,0.007312,0.16,0.0327915,USD,False
2026-07-13,2026-07-13T19:49:59Z,Functions,australiaeast,9,2,3,0.0,0.182,0.02167433,USD,False
2026-07-13,2026-07-13T19:49:59Z,Functions,brazilsouth,9,2,3,0.0,0.183,0.02179656,USD,False
2026-07-13,2026-07-13T19:49:59Z,Functions,eastus,9,2,3,0.0,0.173,0.02059489,USD,False
2026-07-13,2026-07-13T19:49:59Z,Functions,eastus2,9,2,3,0.0,0.16,0.01905044,USD,False
2026-07-13,2026-07-13T19:49:59Z,Functions,japaneast,9,2,3,0.0,0.196,0.02333933,USD,False
2026-07-13,2026-07-13T19:49:59Z,Functions,northeurope,9,2,3,0.0,0.167,0.01988378,USD,False
2026-07-13,2026-07-13T19:49:59Z,Functions,southeastasia,9,2,3,0.0,0.178,0.02119656,USD,False
2026-07-13,2026-07-13T19:49:59Z,Functions,swedencentral,9,2,3,0.0,0.169,0.02012822,USD,False
2026-07-13,2026-07-13T19:49:59Z,Functions,westeurope,9,2,3,0.0,0.169,0.02012822,USD,False
2026-07-13,2026-07-13T19:49:59Z,Functions,westus2,9,2,3,0.0,0.16,0.01905044,USD,False
2026-07-13,2026-07-13T19:49:59Z,Load Balancer,australiaeast,0,0,0,,,,USD,False
2026-07-13,2026-07-13T19:49:59Z,Load Balancer,brazilsouth,0,0,0,,,,USD,False
2026-07-13,2026-07-13T19:49:59Z,Load Balancer,eastus,0,0,0,,,,USD,False
2026-07-13,2026-07-13T19:49:59Z,Load Balancer,eastus2,0,0,0,,,,USD,False
2026-07-13,2026-07-13T19:49:59Z,Load Balancer,japaneast,0,0,0,,,,USD,False
2026-07-13,2026-07-13T19:49:59Z,Load Balancer,northeurope,0,0,0,,,,USD,False
2026-07-13,2026-07-13T19:49:59Z,Load Balancer,southeastasia,0,0,0,,,,USD,False
2026-07-13,2026-07-13T19:49:59Z,Load Balancer,swedencentral,0,0,0,,,,USD,False
2026-07-13,2026-07-13T19:49:59Z,Load Balancer,westeurope,0,0,0,,,,USD,False
2026-07-13,2026-07-13T19:49:59Z,Load Balancer,westus2,0,0,0,,,,USD,False
2026-07-13,2026-07-13T19:49:59Z,SQL Database,australiaeast,154,37,77,0.0,571.408,22.78711522,USD,False
2026-07-13,2026-07-13T19:49:59Z,SQL Database,brazilsouth,109,35,71,0.0,627.26,31.3701431,USD,False
2026-07-13,2026-07-13T19:49:59Z,SQL Database,eastus,113,30,37,0.0,24.36,2.87434587,USD,False
2026-07-13,2026-07-13T19:49:59Z,SQL Database,eastus2,108,29,36,0.0,24.36,2.98343595,USD,False
2026-07-13,2026-07-13T19:49:59Z,SQL Database,japaneast,150,37,75,0.0,584.208,23.84588713,USD,False
2026-07-13,2026-07-13T19:49:59Z,SQL Database,northeurope,113,30,37,0.0,29.22,3.43563935,USD,False
2026-07-13,2026-07-13T19:49:59Z,SQL Database,southeastasia,111,29,37,0.0,31.66,3.77798125,USD,False
2026-07-13,2026-07-13T19:49:59Z,SQL Database,swedencentral,106,30,74,0.0,516.128,26.50978892,USD,False
2026-07-13,2026-07-13T19:49:59Z,SQL Database,westeurope,113,30,37,0.0,31.66,3.72220855,USD,False
2026-07-13,2026-07-13T19:49:59Z,SQL Database,westus2,111,29,37,0.0,24.36,2.91339714,USD,False
2026-07-13,2026-07-13T19:49:59Z,Storage,australiaeast,200,23,68,0.0,3342.34,23.89177272,USD,True
2026-07-13,2026-07-13T19:49:59Z,Storage,brazilsouth,200,27,62,0.0,4669.71,74.65290366,USD,True
2026-07-13,2026-07-13T19:49:59Z,Storage,eastus,200,28,70,0.0,3686.4,51.35685995,USD,False
2026-07-13,2026-07-13T19:49:59Z,Storage,eastus2,200,25,72,0.0,3686.4,24.146832,USD,False
2026-07-13,2026-07-13T19:49:59Z,Storage,japaneast,200,26,71,0.0,3109.035,41.43337182,USD,False
2026-07-13,2026-07-13T19:49:59Z,Storage,northeurope,200,26,69,0.0,3604.11,53.98662846,USD,False
2026-07-13,2026-07-13T19:49:59Z,Storage,southeastasia,200,28,79,0.0,3686.4,33.44616051,USD,False
2026-07-13,2026-07-13T19:49:59Z,Storage,swedencentral,200,26,76,0.0,3686.4,31.87963216,USD,True
2026-07-13,2026-07-13T19:49:59Z,Storage,westeurope,200,25,73,0.0,1982.17,32.12951834,USD,False
2026-07-13,2026-07-13T19:49:59Z,Storage,westus2,200,26,73,0.0,3686.4,34.08984903,USD,False
2026-07-13,2026-07-13T19:49:59Z,Virtual Machines,australiaeast,200,135,193,0.014026,41.918,2.83286248,USD,True
2026-07-13,2026-07-13T19:49:59Z,Virtual Machines,brazilsouth,200,139,196,0.00303,133.07446,4.96300965,USD,True
2026-07-13,2026-07-13T19:49:59Z,Virtual Machines,eastus,200,143,198,0.0,117.7788,3.82724009,USD,True
2026-07-13,2026-07-13T19:49:59Z,Virtual Machines,eastus2,200,147,200,0.00846,116.052,4.11606928,USD,True
2026-07-13,2026-07-13T19:49:59Z,Virtual Machines,japaneast,200,129,198,0.00864,179.244241,4.59030583,USD,True
2026-07-13,2026-07-13T19:49:59Z,Virtual Machines,northeurope,200,149,200,0.00204,71.50672,2.78813447,USD,True
2026-07-13,2026-07-13T19:49:59Z,Virtual Machines,southeastasia,200,141,198,0.021067,213.0211,6.19528376,USD,True
2026-07-13,2026-07-13T19:49:59Z,Virtual Machines,swedencentral,200,127,198,0.011,196.6272,4.39852564,USD,True
2026-07-13,2026-07-13T19:49:59Z,Virtual Machines,westeurope,200,135,199,0.00216,147.07536,6.45596616,USD,True
2026-07-13,2026-07-13T19:49:59Z,Virtual Machines,westus2,200,151,196,0.004,451.616,7.56518789,USD,True
2026-07-14,2026-07-14T19:43:40Z,Application Gateway,australiaeast,22,8,5,0.008,0.522,0.15022182,USD,False
2026-07-14,2026-07-14T19:43:40Z,Application Gateway,brazilsouth,18,7,5,0.008,0.72,0.20858,USD,False
2026-07-14,2026-07-14T19:43:40Z,Application Gateway,eastus,22,8,5,0.008,0.448,0.12017727,USD,False
2026-07-14,2026-07-14T19:43:40Z,Application Gateway,eastus2,22,8,5,0.008,0.448,0.12017727,USD,False
2026-07-14,2026-07-14T19:43:40Z,Application Gateway,japaneast,18,7,5,0.008,0.522,0.16874278,USD,False
2026-07-14,2026-07-14T19:43:40Z,Application Gateway,northeurope,22,8,5,0.008,0.50176,0.13672182,USD,False
2026-07-14,2026-07-14T19:43:40Z,Application Gateway,southeastasia,22,8,5,0.008,0.50176,0.14207636,USD,False
2026-07-14,2026-07-14T19:43:40Z,Application Gateway,swedencentral,18,7,5,0.0076,0.50176,0.16225667,USD,False
2026-07-14,2026-07-14T19:43:40Z,Application Gateway,westeurope,22,8,5,0.008,0.50176,0.14206727,USD,False
2026-07-14,2026-07-14T19:43:40Z,Application Gateway,westus2,18,7,5,0.008,0.448,0.13827222,USD,False
2026-07-14,2026-07-14T19:43:40Z,Azure App Service,australiaeast,124,20,67,0.016,80.0,3.33422719,USD,False
2026-07-14,2026-07-14T19:43:40Z,Azure App Service,brazilsouth,102,18,56,0.0158,80.0,2.96177998,USD,False
2026-07-14,2026-07-14T19:43:40Z,Azure App Service,eastus,113,16,62,0.017,80.0,3.05313451,USD,False
2026-07-14,2026-07-14T19:43:40Z,Azure App Service,eastus2,117,17,63,0.0,80.0,3.02458982,USD,False
2026-07-14,2026-07-14T19:43:40Z,Azure App Service,japaneast,128,21,68,0.0,80.0,3.31481827,USD,False
2026-07-14,2026-07-14T19:43:40Z,Azure App Service,northeurope,113,16,62,0.018,80.0,3.45700196,USD,False
2026-07-14,2026-07-14T19:43:40Z,Azure App Service,southeastasia,113,16,62,0.018,80.0,3.50719758,USD,False
2026-07-14,2026-07-14T19:43:40Z,Azure App Service,swedencentral,111,17,60,0.0,80.0,3.06190559,USD,False
2026-07-14,2026-07-14T19:43:40Z,Azure App Service,westeurope,117,17,63,0.0,80.0,3.48324291,USD,False
2026-07-14,2026-07-14T19:43:40Z,Azure App Service,westus2,117,17,63,0.0,80.0,3.01730191,USD,False
2026-07-14,2026-07-14T19:43:40Z,Azure Cosmos DB,australiaeast,106,14,81,0.0,32.553,2.54770911,USD,False
2026-07-14,2026-07-14T19:43:40Z,Azure Cosmos DB,brazilsouth,103,14,78,0.0,44.9,3.58415748,USD,False
2026-07-14,2026-07-14T19:43:40Z,Azure Cosmos DB,eastus,99,14,76,0.0,22.45,2.07406196,USD,False
2026-07-14,2026-07-14T19:43:40Z,Azure Cosmos DB,eastus2,99,14,76,0.0,22.45,2.07625388,USD,False
2026-07-14,2026-07-14T19:43:40Z,Azure Cosmos DB,japaneast,106,14,81,0.0,32.553,2.5569471,USD,False
2026-07-14,2026-07-14T19:43:40Z,Azure Cosmos DB,northeurope,106,14,81,0.0,26.94,2.21805191,USD,False
2026-07-14,2026-07-14T19:43:40Z,Azure Cosmos DB,southeastasia,106,14,81,0.0,29.185,2.30645925,USD,False
2026-07-14,2026-07-14T19:43:40Z,Azure Cosmos DB,swedencentral,97,14,73,0.0,29.185,2.587158,USD,False
2026-07-14,2026-07-14T19:43:40Z,Azure Cosmos DB,westeurope,106,14,81,0.0,29.185,2.39201482,USD,False
2026-07-14,2026-07-14T19:43:40Z,Azure Cosmos DB,westus2,99,14,76,0.0,22.45,2.04923503,USD,False
2026-07-14,2026-07-14T19:43:40Z,Azure Database for PostgreSQL,australiaeast,109,41,50,0.0,76.343,4.25372533,USD,False
2026-07-14,2026-07-14T19:43:40Z,Azure Database for PostgreSQL,brazilsouth,113,43,50,0.0,133.345,6.67833883,USD,False
2026-07-14,2026-07-14T19:43:40Z,Azure Database for PostgreSQL,eastus,112,43,50,0.0,63.619,3.37432962,USD,False
2026-07-14,2026-07-14T19:43:40Z,Azure Database for PostgreSQL,eastus2,113,44,50,0.0,63.619,3.34783555,USD,False
2026-07-14,2026-07-14T19:43:40Z,Azure Database for PostgreSQL,japaneast,112,43,50,0.0,76.343,4.14233484,USD,False
2026-07-14,2026-07-14T19:43:40Z,Azure Database for PostgreSQL,northeurope,114,45,50,0.0,71.253,3.70355089,USD,False
2026-07-14,2026-07-14T19:43:40Z,Azure Database for PostgreSQL,southeastasia,112,43,50,0.0,76.343,4.13951549,USD,False
2026-07-14,2026-07-14T19:43:40Z,Azure Database for PostgreSQL,swedencentral,106,41,49,0.0,65.4,3.663157,USD,False
2026-07-14,2026-07-14T19:43:40Z,Azure Database for PostgreSQL,westeurope,116,47,50,0.0,77.615,3.95512349,USD,False
2026-07-14,2026-07-14T19:43:40Z,Azure Database for PostgreSQL,westus2,109,41,50,0.0,63.619,3.46573685,USD,False
2026-07-14,2026-07-14T19:43:40Z,Azure Kubernetes Service,australiaeast,8,1,1,0.010602,0.16,0.0385475,USD,False
2026-07-14,2026-07-14T19:43:40Z,Azure Kubernetes Service,brazilsouth,8,1,1,0.014624,0.16,0.045583,USD,False
2026-07-14,2026-07-14T19:43:40Z,Azure Kubernetes Service,eastus,9,2,2,0.007312,0.6,0.09581467,USD,False
2026-07-14,2026-07-14T19:43:40Z,Azure Kubernetes Service,eastus2,8,1,1,0.007312,0.16,0.0327915,USD,False
2026-07-14,2026-07-14T19:43:40Z,Azure Kubernetes Service,japaneast,8,1,1,0.010602,0.16,0.0385475,USD,False
2026-07-14,2026-07-14T19:43:40Z,Azure Kubernetes Service,northeurope,8,1,1,0.008774,0.16,0.0353495,USD,False
2026-07-14,2026-07-14T19:43:40Z,Azure Kubernetes Service,southeastasia,8,1,1,0.009506,0.16,0.036629,USD,False
2026-07-14,2026-07-14T19:43:40Z,Azure Kubernetes Service,swedencentral,8,1,1,0.009506,0.16,0.036629,USD,False
2026-07-14,2026-07-14T19:43:40Z,Azure Kubernetes Service,westeurope,8,1,1,0.010456,0.16,0.03829175,USD,False
2026-07-14,2026-07-14T19:43:40Z,Azure Kubernetes Service,westus2,8,1,1,0.007312,0.16,0.0327915,USD,False
2026-07-14,2026-07-14T19:43:40Z,Functions,australiaeast,9,2,3,0.0,0.182,0.02167433,USD,False
2026-07-14,2026-07-14T19:43:40Z,Functions,brazilsouth,9,2,3,0.0,0.183,0.02179656,USD,False
2026-07-14,2026-07-14T19:43:40Z,Functions,eastus,9,2,3,0.0,0.173,0.02059489,USD,False
2026-07-14,2026-07-14T19:43:40Z,Functions,eastus2,9,2,3,0.0,0.16,0.01905044,USD,False
2026-07-14,2026-07-14T19:43:40Z,Functions,japaneast,9,2,3,0.0,0.196,0.02333933,USD,False
2026-07-14,2026-07-14T19:43:40Z,Functions,northeurope,9,2,3,0.0,0.167,0.01988378,USD,False
2026-07-14,2026-07-14T19:43:40Z,Functions,southeastasia,9,2,3,0.0,0.178,0.02119656,USD,False
2026-07-14,2026-07-14T19:43:40Z,Functions,swedencentral,9,2,3,0.0,0.169,0.02012822,USD,False
2026-07-14,2026-07-14T19:43:40Z,Functions,westeurope,9,2,3,0.0,0.169,0.02012822,USD,False
2026-07-14,2026-07-14T19:43:40Z,Functions,westus2,9,2,3,0.0,0.16,0.01905044,USD,False
2026-07-14,2026-07-14T19:43:40Z,Load Balancer,australiaeast,0,0,0,,,,USD,False
2026-07-14,2026-07-14T19:43:40Z,Load Balancer,brazilsouth,0,0,0,,,,USD,False
2026-07-14,2026-07-14T19:43:40Z,Load Balancer,eastus,0,0,0,,,,USD,False
2026-07-14,2026-07-14T19:43:40Z,Load Balancer,eastus2,0,0,0,,,,USD,False
2026-07-14,2026-07-14T19:43:40Z,Load Balancer,japaneast,0,0,0,,,,USD,False
2026-07-14,2026-07-14T19:43:40Z,Load Balancer,northeurope,0,0,0,,,,USD,False
2026-07-14,2026-07-14T19:43:40Z,Load Balancer,southeastasia,0,0,0,,,,USD,False
2026-07-14,2026-07-14T19:43:40Z,Load Balancer,swedencentral,0,0,0,,,,USD,False
2026-07-14,2026-07-14T19:43:40Z,Load Balancer,westeurope,0,0,0,,,,USD,False
2026-07-14,2026-07-14T19:43:40Z,Load Balancer,westus2,0,0,0,,,,USD,False
2026-07-14,2026-07-14T19:43:40Z,SQL Database,australiaeast,154,37,77,0.0,571.408,22.78711522,USD,False
2026-07-14,2026-07-14T19:43:40Z,SQL Database,brazilsouth,109,35,71,0.0,627.26,31.3701431,USD,False
2026-07-14,2026-07-14T19:43:40Z,SQL Database,eastus,113,30,37,0.0,24.36,2.87434587,USD,False
2026-07-14,2026-07-14T19:43:40Z,SQL Database,eastus2,108,29,36,0.0,24.36,2.98343595,USD,False
2026-07-14,2026-07-14T19:43:40Z,SQL Database,japaneast,150,37,75,0.0,584.208,23.84588713,USD,False
2026-07-14,2026-07-14T19:43:40Z,SQL Database,northeurope,113,30,37,0.0,29.22,3.43563935,USD,False
2026-07-14,2026-07-14T19:43:40Z,SQL Database,southeastasia,111,29,37,0.0,31.66,3.77798125,USD,False
2026-07-14,2026-07-14T19:43:40Z,SQL Database,swedencentral,106,30,74,0.0,516.128,26.50978892,USD,False
2026-07-14,2026-07-14T19:43:40Z,SQL Database,westeurope,113,30,37,0.0,31.66,3.72220855,USD,False
2026-07-14,2026-07-14T19:43:40Z,SQL Database,westus2,111,29,37,0.0,24.36,2.91339714,USD,False
2026-07-14,2026-07-14T19:43:40Z,Storage,australiaeast,200,23,68,0.0,3342.34,23.89177272,USD,True
2026-07-14,2026-07-14T19:43:40Z,Storage,brazilsouth,200,27,62,0.0,4669.71,74.65290366,USD,True
2026-07-14,2026-07-14T19:43:40Z,Storage,eastus,200,28,70,0.0,3686.4,51.35685995,USD,False
2026-07-14,2026-07-14T19:43:40Z,Storage,eastus2,200,25,72,0.0,3686.4,24.146832,USD,False
2026-07-14,2026-07-14T19:43:40Z,Storage,japaneast,200,26,71,0.0,3109.035,41.43337182,USD,False
2026-07-14,2026-07-14T19:43:40Z,Storage,northeurope,200,26,69,0.0,3604.11,53.98662846,USD,False
2026-07-14,2026-07-14T19:43:40Z,Storage,southeastasia,200,28,79,0.0,3686.4,33.44616051,USD,False
2026-07-14,2026-07-14T19:43:40Z,Storage,swedencentral,200,26,76,0.0,3686.4,31.87963216,USD,True
2026-07-14,2026-07-14T19:43:40Z,Storage,westeurope,200,25,73,0.0,1982.17,32.12951834,USD,False
2026-07-14,2026-07-14T19:43:40Z,Storage,westus2,200,26,73,0.0,3686.4,34.08984903,USD,False
2026-07-14,2026-07-14T19:43:40Z,Virtual Machines,australiaeast,200,135,193,0.014026,41.918,2.83286248,USD,True
2026-07-14,2026-07-14T19:43:40Z,Virtual Machines,brazilsouth,200,139,196,0.00303,133.07446,4.96300965,USD,True
2026-07-14,2026-07-14T19:43:40Z,Virtual Machines,eastus,200,143,198,0.0,117.7788,3.82724009,USD,True
2026-07-14,2026-07-14T19:43:40Z,Virtual Machines,eastus2,200,147,200,0.00846,116.052,4.11606928,USD,True
2026-07-14,2026-07-14T19:43:40Z,Virtual Machines,japaneast,200,129,198,0.00864,179.244241,4.59030583,USD,True
2026-07-14,2026-07-14T19:43:40Z,Virtual Machines,northeurope,200,149,200,0.00204,71.50672,2.78813447,USD,True
2026-07-14,2026-07-14T19:43:40Z,Virtual Machines,southeastasia,200,141,198,0.021067,213.0211,6.19528376,USD,True
2026-07-14,2026-07-14T19:43:40Z,Virtual Machines,swedencentral,200,127,198,0.011,196.6272,4.39852564,USD,True
2026-07-14,2026-07-14T19:43:40Z,Virtual Machines,westeurope,200,135,199,0.00216,147.07536,6.45596616,USD,True
2026-07-14,2026-07-14T19:43:40Z,Virtual Machines,westus2,200,151,196,0.004,451.616,7.56518789,USD,True
2026-07-15,2026-07-15T19:37:09Z,Application Gateway,australiaeast,22,8,5,0.008,0.522,0.15022182,USD,False
2026-07-15,2026-07-15T19:37:09Z,Application Gateway,brazilsouth,18,7,5,0.008,0.72,0.20858,USD,False
2026-07-15,2026-07-15T19:37:09Z,Application Gateway,eastus,22,8,5,0.008,0.448,0.12017727,USD,False
2026-07-15,2026-07-15T19:37:09Z,Application Gateway,eastus2,22,8,5,0.008,0.448,0.12017727,USD,False
2026-07-15,2026-07-15T19:37:09Z,Application Gateway,japaneast,18,7,5,0.008,0.522,0.16874278,USD,False
2026-07-15,2026-07-15T19:37:09Z,Application Gateway,northeurope,22,8,5,0.008,0.50176,0.13672182,USD,False
2026-07-15,2026-07-15T19:37:09Z,Application Gateway,southeastasia,22,8,5,0.008,0.50176,0.14207636,USD,False
2026-07-15,2026-07-15T19:37:09Z,Application Gateway,swedencentral,18,7,5,0.0076,0.50176,0.16225667,USD,False
2026-07-15,2026-07-15T19:37:09Z,Application Gateway,westeurope,22,8,5,0.008,0.50176,0.14206727,USD,False
2026-07-15,2026-07-15T19:37:09Z,Application Gateway,westus2,18,7,5,0.008,0.448,0.13827222,USD,False
2026-07-15,2026-07-15T19:37:09Z,Azure App Service,australiaeast,124,20,67,0.016,80.0,3.33422719,USD,False
2026-07-15,2026-07-15T19:37:09Z,Azure App Service,brazilsouth,102,18,56,0.0158,80.0,2.96177998,USD,False
2026-07-15,2026-07-15T19:37:09Z,Azure App Service,eastus,113,16,62,0.017,80.0,3.05313451,USD,False
2026-07-15,2026-07-15T19:37:09Z,Azure App Service,eastus2,117,17,63,0.0,80.0,3.02458982,USD,False
2026-07-15,2026-07-15T19:37:09Z,Azure App Service,japaneast,128,21,68,0.0,80.0,3.31481827,USD,False
2026-07-15,2026-07-15T19:37:09Z,Azure App Service,northeurope,113,16,62,0.018,80.0,3.45700196,USD,False
2026-07-15,2026-07-15T19:37:09Z,Azure App Service,southeastasia,113,16,62,0.018,80.0,3.50719758,USD,False
2026-07-15,2026-07-15T19:37:09Z,Azure App Service,swedencentral,111,17,60,0.0,80.0,3.06190559,USD,False
2026-07-15,2026-07-15T19:37:09Z,Azure App Service,westeurope,117,17,63,0.0,80.0,3.48324291,USD,False
2026-07-15,2026-07-15T19:37:09Z,Azure App Service,westus2,117,17,63,0.0,80.0,3.01730191,USD,False
2026-07-15,2026-07-15T19:37:09Z,Azure Cosmos DB,australiaeast,106,14,81,0.0,32.553,2.54770911,USD,False
2026-07-15,2026-07-15T19:37:09Z,Azure Cosmos DB,brazilsouth,103,14,78,0.0,44.9,3.58415748,USD,False
2026-07-15,2026-07-15T19:37:09Z,Azure Cosmos DB,eastus,99,14,76,0.0,22.45,2.07406196,USD,False
2026-07-15,2026-07-15T19:37:09Z,Azure Cosmos DB,eastus2,99,14,76,0.0,22.45,2.07625388,USD,False
2026-07-15,2026-07-15T19:37:09Z,Azure Cosmos DB,japaneast,106,14,81,0.0,32.553,2.5569471,USD,False
2026-07-15,2026-07-15T19:37:09Z,Azure Cosmos DB,northeurope,106,14,81,0.0,26.94,2.21805191,USD,False
2026-07-15,2026-07-15T19:37:09Z,Azure Cosmos DB,southeastasia,106,14,81,0.0,29.185,2.30645925,USD,False
2026-07-15,2026-07-15T19:37:09Z,Azure Cosmos DB,swedencentral,97,14,73,0.0,29.185,2.587158,USD,False
2026-07-15,2026-07-15T19:37:09Z,Azure Cosmos DB,westeurope,106,14,81,0.0,29.185,2.39201482,USD,False
2026-07-15,2026-07-15T19:37:09Z,Azure Cosmos DB,westus2,99,14,76,0.0,22.45,2.04923503,USD,False
2026-07-15,2026-07-15T19:37:09Z,Azure Database for PostgreSQL,australiaeast,109,41,50,0.0,76.343,4.25372533,USD,False
2026-07-15,2026-07-15T19:37:09Z,Azure Database for PostgreSQL,brazilsouth,113,43,50,0.0,133.345,6.67833883,USD,False
2026-07-15,2026-07-15T19:37:09Z,Azure Database for PostgreSQL,eastus,112,43,50,0.0,63.619,3.37432962,USD,False
2026-07-15,2026-07-15T19:37:09Z,Azure Database for PostgreSQL,eastus2,113,44,50,0.0,63.619,3.34783555,USD,False
2026-07-15,2026-07-15T19:37:09Z,Azure Database for PostgreSQL,japaneast,112,43,50,0.0,76.343,4.14233484,USD,False
2026-07-15,2026-07-15T19:37:09Z,Azure Database for PostgreSQL,northeurope,114,45,50,0.0,71.253,3.70355089,USD,False
2026-07-15,2026-07-15T19:37:09Z,Azure Database for PostgreSQL,southeastasia,112,43,50,0.0,76.343,4.13951549,USD,False
2026-07-15,2026-07-15T19:37:09Z,Azure Database for PostgreSQL,swedencentral,106,41,49,0.0,65.4,3.663157,USD,False
2026-07-15,2026-07-15T19:37:09Z,Azure Database for PostgreSQL,westeurope,116,47,50,0.0,77.615,3.95512349,USD,False
2026-07-15,2026-07-15T19:37:09Z,Azure Database for PostgreSQL,westus2,109,41,50,0.0,63.619,3.46573685,USD,False
2026-07-15,2026-07-15T19:37:09Z,Azure Kubernetes Service,australiaeast,8,1,1,0.010602,0.16,0.0385475,USD,False
2026-07-15,2026-07-15T19:37:09Z,Azure Kubernetes Service,brazilsouth,8,1,1,0.014624,0.16,0.045583,USD,False
2026-07-15,2026-07-15T19:37:09Z,Azure Kubernetes Service,eastus,9,2,2,0.007312,0.6,0.09581467,USD,False
2026-07-15,2026-07-15T19:37:09Z,Azure Kubernetes Service,eastus2,8,1,1,0.007312,0.16,0.0327915,USD,False
2026-07-15,2026-07-15T19:37:09Z,Azure Kubernetes Service,japaneast,8,1,1,0.010602,0.16,0.0385475,USD,False
2026-07-15,2026-07-15T19:37:09Z,Azure Kubernetes Service,northeurope,8,1,1,0.008774,0.16,0.0353495,USD,False
2026-07-15,2026-07-15T19:37:09Z,Azure Kubernetes Service,southeastasia,8,1,1,0.009506,0.16,0.036629,USD,False
2026-07-15,2026-07-15T19:37:09Z,Azure Kubernetes Service,swedencentral,8,1,1,0.009506,0.16,0.036629,USD,False
2026-07-15,2026-07-15T19:37:09Z,Azure Kubernetes Service,westeurope,8,1,1,0.010456,0.16,0.03829175,USD,False
2026-07-15,2026-07-15T19:37:09Z,Azure Kubernetes Service,westus2,8,1,1,0.007312,0.16,0.0327915,USD,False
2026-07-15,2026-07-15T19:37:09Z,Functions,australiaeast,9,2,3,0.0,0.182,0.02167433,USD,False
2026-07-15,2026-07-15T19:37:09Z,Functions,brazilsouth,9,2,3,0.0,0.183,0.02179656,USD,False
2026-07-15,2026-07-15T19:37:09Z,Functions,eastus,9,2,3,0.0,0.173,0.02059489,USD,False
2026-07-15,2026-07-15T19:37:09Z,Functions,eastus2,9,2,3,0.0,0.16,0.01905044,USD,False
2026-07-15,2026-07-15T19:37:09Z,Functions,japaneast,9,2,3,0.0,0.196,0.02333933,USD,False
2026-07-15,2026-07-15T19:37:09Z,Functions,northeurope,9,2,3,0.0,0.167,0.01988378,USD,False
2026-07-15,2026-07-15T19:37:09Z,Functions,southeastasia,9,2,3,0.0,0.178,0.02119656,USD,False
2026-07-15,2026-07-15T19:37:09Z,Functions,swedencentral,9,2,3,0.0,0.169,0.02012822,USD,False
2026-07-15,2026-07-15T19:37:09Z,Functions,westeurope,9,2,3,0.0,0.169,0.02012822,USD,False
2026-07-15,2026-07-15T19:37:09Z,Functions,westus2,9,2,3,0.0,0.16,0.01905044,USD,False
2026-07-15,2026-07-15T19:37:09Z,Load Balancer,australiaeast,0,0,0,,,,USD,False
2026-07-15,2026-07-15T19:37:09Z,Load Balancer,brazilsouth,0,0,0,,,,USD,False
2026-07-15,2026-07-15T19:37:09Z,Load Balancer,eastus,0,0,0,,,,USD,False
2026-07-15,2026-07-15T19:37:09Z,Load Balancer,eastus2,0,0,0,,,,USD,False
2026-07-15,2026-07-15T19:37:09Z,Load Balancer,japaneast,0,0,0,,,,USD,False
2026-07-15,2026-07-15T19:37:09Z,Load Balancer,northeurope,0,0,0,,,,USD,False
2026-07-15,2026-07-15T19:37:09Z,Load Balancer,southeastasia,0,0,0,,,,USD,False
2026-07-15,2026-07-15T19:37:09Z,Load Balancer,swedencentral,0,0,0,,,,USD,False
2026-07-15,2026-07-15T19:37:09Z,Load Balancer,westeurope,0,0,0,,,,USD,False
2026-07-15,2026-07-15T19:37:09Z,Load Balancer,westus2,0,0,0,,,,USD,False
2026-07-15,2026-07-15T19:37:09Z,SQL Database,australiaeast,154,37,77,0.0,571.408,22.78711522,USD,False
2026-07-15,2026-07-15T19:37:09Z,SQL Database,brazilsouth,109,35,71,0.0,627.26,31.3701431,USD,False
2026-07-15,2026-07-15T19:37:09Z,SQL Database,eastus,113,30,37,0.0,24.36,2.87434587,USD,False
2026-07-15,2026-07-15T19:37:09Z,SQL Database,eastus2,108,29,36,0.0,24.36,2.98343595,USD,False
2026-07-15,2026-07-15T19:37:09Z,SQL Database,japaneast,150,37,75,0.0,584.208,23.84588713,USD,False
2026-07-15,2026-07-15T19:37:09Z,SQL Database,northeurope,113,30,37,0.0,29.22,3.43563935,USD,False
2026-07-15,2026-07-15T19:37:09Z,SQL Database,southeastasia,111,29,37,0.0,31.66,3.77798125,USD,False
2026-07-15,2026-07-15T19:37:09Z,SQL Database,swedencentral,106,30,74,0.0,516.128,26.50978892,USD,False
2026-07-15,2026-07-15T19:37:09Z,SQL Database,westeurope,113,30,37,0.0,31.66,3.72220855,USD,False
2026-07-15,2026-07-15T19:37:09Z,SQL Database,westus2,111,29,37,0.0,24.36,2.91339714,USD,False
2026-07-15,2026-07-15T19:37:09Z,Storage,australiaeast,200,23,68,0.0,3342.34,23.89177272,USD,True
2026-07-15,2026-07-15T19:37:09Z,Storage,brazilsouth,200,27,62,0.0,4669.71,74.65290366,USD,True
2026-07-15,2026-07-15T19:37:09Z,Storage,eastus,200,28,70,0.0,3686.4,51.35685995,USD,False
2026-07-15,2026-07-15T19:37:09Z,Storage,eastus2,200,25,72,0.0,3686.4,24.146832,USD,False
2026-07-15,2026-07-15T19:37:09Z,Storage,japaneast,200,26,71,0.0,3109.035,41.43337182,USD,False
2026-07-15,2026-07-15T19:37:09Z,Storage,northeurope,200,26,69,0.0,3604.11,53.98662846,USD,False
2026-07-15,2026-07-15T19:37:09Z,Storage,southeastasia,200,28,79,0.0,3686.4,33.44616051,USD,False
2026-07-15,2026-07-15T19:37:09Z,Storage,swedencentral,200,26,76,0.0,3686.4,31.87963216,USD,True
2026-07-15,2026-07-15T19:37:09Z,Storage,westeurope,200,25,73,0.0,1982.17,32.12951834,USD,False
2026-07-15,2026-07-15T19:37:09Z,Storage,westus2,200,26,73,0.0,3686.4,34.08984903,USD,False
2026-07-15,2026-07-15T19:37:09Z,Virtual Machines,australiaeast,200,135,193,0.014026,41.918,2.83286248,USD,True
2026-07-15,2026-07-15T19:37:09Z,Virtual Machines,brazilsouth,200,139,196,0.00303,133.07446,4.96300965,USD,True
2026-07-15,2026-07-15T19:37:09Z,Virtual Machines,eastus,200,143,198,0.0,117.7788,3.82724009,USD,True
2026-07-15,2026-07-15T19:37:09Z,Virtual Machines,eastus2,200,147,200,0.00846,116.052,4.11606928,USD,True
2026-07-15,2026-07-15T19:37:09Z,Virtual Machines,japaneast,200,129,198,0.00864,179.244241,4.59030583,USD,True
2026-07-15,2026-07-15T19:37:09Z,Virtual Machines,northeurope,200,149,200,0.00204,71.50672,2.78813447,USD,True
2026-07-15,2026-07-15T19:37:09Z,Virtual Machines,southeastasia,200,141,198,0.021067,213.0211,6.19528376,USD,True
2026-07-15,2026-07-15T19:37:09Z,Virtual Machines,swedencentral,200,127,198,0.011,196.6272,4.39852564,USD,True
2026-07-15,2026-07-15T19:37:09Z,Virtual Machines,westeurope,200,135,199,0.00216,147.07536,6.45596616,USD,True
2026-07-15,2026-07-15T19:37:09Z,Virtual Machines,westus2,200,151,196,0.004,451.616,7.56518789,USD,True
2026-07-16,2026-07-16T19:34:41Z,Application Gateway,australiaeast,22,8,5,0.008,0.522,0.15022182,USD,False
2026-07-16,2026-07-16T19:34:41Z,Application Gateway,brazilsouth,18,7,5,0.008,0.72,0.20858,USD,False
2026-07-16,2026-07-16T19:34:41Z,Application Gateway,eastus,22,8,5,0.008,0.448,0.12017727,USD,False
2026-07-16,2026-07-16T19:34:41Z,Application Gateway,eastus2,22,8,5,0.008,0.448,0.12017727,USD,False
2026-07-16,2026-07-16T19:34:41Z,Application Gateway,japaneast,18,7,5,0.008,0.522,0.16874278,USD,False
2026-07-16,2026-07-16T19:34:41Z,Application Gateway,northeurope,22,8,5,0.008,0.50176,0.13672182,USD,False
2026-07-16,2026-07-16T19:34:41Z,Application Gateway,southeastasia,22,8,5,0.008,0.50176,0.14207636,USD,False
2026-07-16,2026-07-16T19:34:41Z,Application Gateway,swedencentral,18,7,5,0.0076,0.50176,0.16225667,USD,False
2026-07-16,2026-07-16T19:34:41Z,Application Gateway,westeurope,22,8,5,0.008,0.50176,0.14206727,USD,False
2026-07-16,2026-07-16T19:34:41Z,Application Gateway,westus2,18,7,5,0.008,0.448,0.13827222,USD,False
2026-07-16,2026-07-16T19:34:41Z,Azure App Service,australiaeast,124,20,67,0.016,80.0,3.33422719,USD,False
2026-07-16,2026-07-16T19:34:41Z,Azure App Service,brazilsouth,102,18,56,0.0158,80.0,2.96177998,USD,False
2026-07-16,2026-07-16T19:34:41Z,Azure App Service,eastus,113,16,62,0.017,80.0,3.05313451,USD,False
2026-07-16,2026-07-16T19:34:41Z,Azure App Service,eastus2,117,17,63,0.0,80.0,3.02458982,USD,False
2026-07-16,2026-07-16T19:34:41Z,Azure App Service,japaneast,128,21,68,0.0,80.0,3.31481827,USD,False
2026-07-16,2026-07-16T19:34:41Z,Azure App Service,northeurope,113,16,62,0.018,80.0,3.45700196,USD,False
2026-07-16,2026-07-16T19:34:41Z,Azure App Service,southeastasia,113,16,62,0.018,80.0,3.50719758,USD,False
2026-07-16,2026-07-16T19:34:41Z,Azure App Service,swedencentral,111,17,60,0.0,80.0,3.06190559,USD,False
2026-07-16,2026-07-16T19:34:41Z,Azure App Service,westeurope,117,17,63,0.0,80.0,3.48324291,USD,False
2026-07-16,2026-07-16T19:34:41Z,Azure App Service,westus2,117,17,63,0.0,80.0,3.01730191,USD,False
2026-07-16,2026-07-16T19:34:41Z,Azure Cosmos DB,australiaeast,106,14,81,0.0,32.553,2.54770911,USD,False
2026-07-16,2026-07-16T19:34:41Z,Azure Cosmos DB,brazilsouth,103,14,78,0.0,44.9,3.58415748,USD,False
2026-07-16,2026-07-16T19:34:41Z,Azure Cosmos DB,eastus,99,14,76,0.0,22.45,2.07406196,USD,False
2026-07-16,2026-07-16T19:34:41Z,Azure Cosmos DB,eastus2,99,14,76,0.0,22.45,2.07625388,USD,False
2026-07-16,2026-07-16T19:34:41Z,Azure Cosmos DB,japaneast,106,14,81,0.0,32.553,2.5569471,USD,False
2026-07-16,2026-07-16T19:34:41Z,Azure Cosmos DB,northeurope,106,14,81,0.0,26.94,2.21805191,USD,False
2026-07-16,2026-07-16T19:34:41Z,Azure Cosmos DB,southeastasia,106,14,81,0.0,29.185,2.30645925,USD,False
2026-07-16,2026-07-16T19:34:41Z,Azure Cosmos DB,swedencentral,97,14,73,0.0,29.185,2.587158,USD,False
2026-07-16,2026-07-16T19:34:41Z,Azure Cosmos DB,westeurope,106,14,81,0.0,29.185,2.39201482,USD,False
2026-07-16,2026-07-16T19:34:41Z,Azure Cosmos DB,westus2,99,14,76,0.0,22.45,2.04923503,USD,False
2026-07-16,2026-07-16T19:34:41Z,Azure Database for PostgreSQL,australiaeast,109,41,50,0.0,76.343,4.25372533,USD,False
2026-07-16,2026-07-16T19:34:41Z,Azure Database for PostgreSQL,brazilsouth,113,43,50,0.0,133.345,6.67833883,USD,False
2026-07-16,2026-07-16T19:34:41Z,Azure Database for PostgreSQL,eastus,112,43,50,0.0,63.619,3.37432962,USD,False
2026-07-16,2026-07-16T19:34:41Z,Azure Database for PostgreSQL,eastus2,113,44,50,0.0,63.619,3.34783555,USD,False
2026-07-16,2026-07-16T19:34:41Z,Azure Database for PostgreSQL,japaneast,112,43,50,0.0,76.343,4.14233484,USD,False
2026-07-16,2026-07-16T19:34:41Z,Azure Database for PostgreSQL,northeurope,114,45,50,0.0,71.253,3.70355089,USD,False
2026-07-16,2026-07-16T19:34:41Z,Azure Database for PostgreSQL,southeastasia,112,43,50,0.0,76.343,4.13951549,USD,False
2026-07-16,2026-07-16T19:34:41Z,Azure Database for PostgreSQL,swedencentral,106,41,49,0.0,65.4,3.663157,USD,False
2026-07-16,2026-07-16T19:34:41Z,Azure Database for PostgreSQL,westeurope,116,47,50,0.0,77.615,3.95512349,USD,False
2026-07-16,2026-07-16T19:34:41Z,Azure Database for PostgreSQL,westus2,109,41,50,0.0,63.619,3.46573685,USD,False
2026-07-16,2026-07-16T19:34:41Z,Azure Kubernetes Service,australiaeast,8,1,1,0.010602,0.16,0.0385475,USD,False
2026-07-16,2026-07-16T19:34:41Z,Azure Kubernetes Service,brazilsouth,8,1,1,0.014624,0.16,0.045583,USD,False
2026-07-16,2026-07-16T19:34:41Z,Azure Kubernetes Service,eastus,9,2,2,0.007312,0.6,0.09581467,USD,False
2026-07-16,2026-07-16T19:34:41Z,Azure Kubernetes Service,eastus2,8,1,1,0.007312,0.16,0.0327915,USD,False
2026-07-16,2026-07-16T19:34:41Z,Azure Kubernetes Service,japaneast,8,1,1,0.010602,0.16,0.0385475,USD,False
2026-07-16,2026-07-16T19:34:41Z,Azure Kubernetes Service,northeurope,8,1,1,0.008774,0.16,0.0353495,USD,False
2026-07-16,2026-07-16T19:34:41Z,Azure Kubernetes Service,southeastasia,8,1,1,0.009506,0.16,0.036629,USD,False
2026-07-16,2026-07-16T19:34:41Z,Azure Kubernetes Service,swedencentral,8,1,1,0.009506,0.16,0.036629,USD,False
2026-07-16,2026-07-16T19:34:41Z,Azure Kubernetes Service,westeurope,8,1,1,0.010456,0.16,0.03829175,USD,False
2026-07-16,2026-07-16T19:34:41Z,Azure Kubernetes Service,westus2,8,1,1,0.007312,0.16,0.0327915,USD,False
2026-07-16,2026-07-16T19:34:41Z,Functions,australiaeast,9,2,3,0.0,0.182,0.02167433,USD,False
2026-07-16,2026-07-16T19:34:41Z,Functions,brazilsouth,9,2,3,0.0,0.183,0.02179656,USD,False
2026-07-16,2026-07-16T19:34:41Z,Functions,eastus,9,2,3,0.0,0.173,0.02059489,USD,False
2026-07-16,2026-07-16T19:34:41Z,Functions,eastus2,9,2,3,0.0,0.16,0.01905044,USD,False
2026-07-16,2026-07-16T19:34:41Z,Functions,japaneast,9,2,3,0.0,0.196,0.02333933,USD,False
2026-07-16,2026-07-16T19:34:41Z,Functions,northeurope,9,2,3,0.0,0.167,0.01988378,USD,False
2026-07-16,2026-07-16T19:34:41Z,Functions,southeastasia,9,2,3,0.0,0.178,0.02119656,USD,False
2026-07-16,2026-07-16T19:34:41Z,Functions,swedencentral,9,2,3,0.0,0.169,0.02012822,USD,False
2026-07-16,2026-07-16T19:34:41Z,Functions,westeurope,9,2,3,0.0,0.169,0.02012822,USD,False
2026-07-16,2026-07-16T19:34:41Z,Functions,westus2,9,2,3,0.0,0.16,0.01905044,USD,False
2026-07-16,2026-07-16T19:34:41Z,Load Balancer,australiaeast,0,0,0,,,,USD,False
2026-07-16,2026-07-16T19:34:41Z,Load Balancer,brazilsouth,0,0,0,,,,USD,False
2026-07-16,2026-07-16T19:34:41Z,Load Balancer,eastus,0,0,0,,,,USD,False
2026-07-16,2026-07-16T19:34:41Z,Load Balancer,eastus2,0,0,0,,,,USD,False
2026-07-16,2026-07-16T19:34:41Z,Load Balancer,japaneast,0,0,0,,,,USD,False
2026-07-16,2026-07-16T19:34:41Z,Load Balancer,northeurope,0,0,0,,,,USD,False
2026-07-16,2026-07-16T19:34:41Z,Load Balancer,southeastasia,0,0,0,,,,USD,False
2026-07-16,2026-07-16T19:34:41Z,Load Balancer,swedencentral,0,0,0,,,,USD,False
2026-07-16,2026-07-16T19:34:41Z,Load Balancer,westeurope,0,0,0,,,,USD,False
2026-07-16,2026-07-16T19:34:41Z,Load Balancer,westus2,0,0,0,,,,USD,False
2026-07-16,2026-07-16T19:34:41Z,SQL Database,australiaeast,154,37,77,0.0,571.408,22.78711522,USD,False
2026-07-16,2026-07-16T19:34:41Z,SQL Database,brazilsouth,109,35,71,0.0,627.26,31.3701431,USD,False
2026-07-16,2026-07-16T19:34:41Z,SQL Database,eastus,113,30,37,0.0,24.36,2.87434587,USD,False
2026-07-16,2026-07-16T19:34:41Z,SQL Database,eastus2,108,29,36,0.0,24.36,2.98343595,USD,False
2026-07-16,2026-07-16T19:34:41Z,SQL Database,japaneast,150,37,75,0.0,584.208,23.84588713,USD,False
2026-07-16,2026-07-16T19:34:41Z,SQL Database,northeurope,113,30,37,0.0,29.22,3.43563935,USD,False
2026-07-16,2026-07-16T19:34:41Z,SQL Database,southeastasia,111,29,37,0.0,31.66,3.77798125,USD,False
2026-07-16,2026-07-16T19:34:41Z,SQL Database,swedencentral,106,30,74,0.0,516.128,26.50978892,USD,False
2026-07-16,2026-07-16T19:34:41Z,SQL Database,westeurope,113,30,37,0.0,31.66,3.72220855,USD,False
2026-07-16,2026-07-16T19:34:41Z,SQL Database,westus2,111,29,37,0.0,24.36,2.91339714,USD,False
2026-07-16,2026-07-16T19:34:41Z,Storage,australiaeast,200,23,68,0.0,3342.34,23.89177272,USD,True
2026-07-16,2026-07-16T19:34:41Z,Storage,brazilsouth,200,27,62,0.0,4669.71,74.65290366,USD,True
2026-07-16,2026-07-16T19:34:41Z,Storage,eastus,200,28,70,0.0,3686.4,51.35685995,USD,False
2026-07-16,2026-07-16T19:34:41Z,Storage,eastus2,200,25,72,0.0,3686.4,24.146832,USD,False
2026-07-16,2026-07-16T19:34:41Z,Storage,japaneast,200,26,71,0.0,3109.035,41.43337182,USD,False
2026-07-16,2026-07-16T19:34:41Z,Storage,northeurope,200,26,69,0.0,3604.11,53.98662846,USD,False
2026-07-16,2026-07-16T19:34:41Z,Storage,southeastasia,200,28,79,0.0,3686.4,33.44616051,USD,False
2026-07-16,2026-07-16T19:34:41Z,Storage,swedencentral,200,26,76,0.0,3686.4,31.87963216,USD,True
2026-07-16,2026-07-16T19:34:41Z,Storage,westeurope,200,25,73,0.0,1982.17,32.12951834,USD,False
2026-07-16,2026-07-16T19:34:41Z,Storage,westus2,200,26,73,0.0,3686.4,34.08984903,USD,False
2026-07-16,2026-07-16T19:34:41Z,Virtual Machines,australiaeast,200,135,193,0.014026,41.918,2.83286248,USD,True
2026-07-16,2026-07-16T19:34:41Z,Virtual Machines,brazilsouth,200,139,196,0.00303,133.07446,4.96300965,USD,True
2026-07-16,2026-07-16T19:34:41Z,Virtual Machines,eastus,200,143,198,0.0,117.7788,3.82724009,USD,True
2026-07-16,2026-07-16T19:34:41Z,Virtual Machines,eastus2,200,147,200,0.00846,116.052,4.11606928,USD,True
2026-07-16,2026-07-16T19:34:41Z,Virtual Machines,japaneast,200,129,198,0.00864,179.244241,4.59030583,USD,True
2026-07-16,2026-07-16T19:34:41Z,Virtual Machines,northeurope,200,149,200,0.00204,71.50672,2.78813447,USD,True
2026-07-16,2026-07-16T19:34:41Z,Virtual Machines,southeastasia,200,141,198,0.021067,213.0211,6.19528376,USD,True
2026-07-16,2026-07-16T19:34:41Z,Virtual Machines,swedencentral,200,127,198,0.011,196.6272,4.39852564,USD,True
2026-07-16,2026-07-16T19:34:41Z,Virtual Machines,westeurope,200,135,199,0.00216,147.07536,6.45596616,USD,True
2026-07-16,2026-07-16T19:34:41Z,Virtual Machines,westus2,200,151,196,0.004,451.616,7.56518789,USD,True
2026-07-17,2026-07-17T19:33:51Z,Application Gateway,australiaeast,22,8,5,0.008,0.522,0.15022182,USD,False
2026-07-17,2026-07-17T19:33:51Z,Application Gateway,brazilsouth,18,7,5,0.008,0.72,0.20858,USD,False
2026-07-17,2026-07-17T19:33:51Z,Application Gateway,eastus,22,8,5,0.008,0.448,0.12017727,USD,False
2026-07-17,2026-07-17T19:33:51Z,Application Gateway,eastus2,22,8,5,0.008,0.448,0.12017727,USD,False
2026-07-17,2026-07-17T19:33:51Z,Application Gateway,japaneast,18,7,5,0.008,0.522,0.16874278,USD,False
2026-07-17,2026-07-17T19:33:51Z,Application Gateway,northeurope,22,8,5,0.008,0.50176,0.13672182,USD,False
2026-07-17,2026-07-17T19:33:51Z,Application Gateway,southeastasia,22,8,5,0.008,0.50176,0.14207636,USD,False
2026-07-17,2026-07-17T19:33:51Z,Application Gateway,swedencentral,18,7,5,0.0076,0.50176,0.16225667,USD,False
2026-07-17,2026-07-17T19:33:51Z,Application Gateway,westeurope,22,8,5,0.008,0.50176,0.14206727,USD,False
2026-07-17,2026-07-17T19:33:51Z,Application Gateway,westus2,18,7,5,0.008,0.448,0.13827222,USD,False
2026-07-17,2026-07-17T19:33:51Z,Azure App Service,australiaeast,124,20,67,0.016,80.0,3.33422719,USD,False
2026-07-17,2026-07-17T19:33:51Z,Azure App Service,brazilsouth,102,18,56,0.0158,80.0,2.96177998,USD,False
2026-07-17,2026-07-17T19:33:51Z,Azure App Service,eastus,113,16,62,0.017,80.0,3.05313451,USD,False
2026-07-17,2026-07-17T19:33:51Z,Azure App Service,eastus2,117,17,63,0.0,80.0,3.02458982,USD,False
2026-07-17,2026-07-17T19:33:51Z,Azure App Service,japaneast,128,21,68,0.0,80.0,3.31481827,USD,False
2026-07-17,2026-07-17T19:33:51Z,Azure App Service,northeurope,113,16,62,0.018,80.0,3.45700196,USD,False
2026-07-17,2026-07-17T19:33:51Z,Azure App Service,southeastasia,113,16,62,0.018,80.0,3.50719758,USD,False
2026-07-17,2026-07-17T19:33:51Z,Azure App Service,swedencentral,111,17,60,0.0,80.0,3.06190559,USD,False
2026-07-17,2026-07-17T19:33:51Z,Azure App Service,westeurope,117,17,63,0.0,80.0,3.48324291,USD,False
2026-07-17,2026-07-17T19:33:51Z,Azure App Service,westus2,117,17,63,0.0,80.0,3.01730191,USD,False
2026-07-17,2026-07-17T19:33:51Z,Azure Cosmos DB,australiaeast,106,14,81,0.0,32.553,2.54770911,USD,False
2026-07-17,2026-07-17T19:33:51Z,Azure Cosmos DB,brazilsouth,103,14,78,0.0,44.9,3.58415748,USD,False
2026-07-17,2026-07-17T19:33:51Z,Azure Cosmos DB,eastus,99,14,76,0.0,22.45,2.07406196,USD,False
2026-07-17,2026-07-17T19:33:51Z,Azure Cosmos DB,eastus2,99,14,76,0.0,22.45,2.07625388,USD,False
2026-07-17,2026-07-17T19:33:51Z,Azure Cosmos DB,japaneast,106,14,81,0.0,32.553,2.5569471,USD,False
2026-07-17,2026-07-17T19:33:51Z,Azure Cosmos DB,northeurope,106,14,81,0.0,26.94,2.21805191,USD,False
2026-07-17,2026-07-17T19:33:51Z,Azure Cosmos DB,southeastasia,106,14,81,0.0,29.185,2.30645925,USD,False
2026-07-17,2026-07-17T19:33:51Z,Azure Cosmos DB,swedencentral,97,14,73,0.0,29.185,2.587158,USD,False
2026-07-17,2026-07-17T19:33:51Z,Azure Cosmos DB,westeurope,106,14,81,0.0,29.185,2.39201482,USD,False
2026-07-17,2026-07-17T19:33:51Z,Azure Cosmos DB,westus2,99,14,76,0.0,22.45,2.04923503,USD,False
2026-07-17,2026-07-17T19:33:51Z,Azure Database for PostgreSQL,australiaeast,109,41,50,0.0,76.343,4.25372533,USD,False
2026-07-17,2026-07-17T19:33:51Z,Azure Database for PostgreSQL,brazilsouth,113,43,50,0.0,133.345,6.67833883,USD,False
2026-07-17,2026-07-17T19:33:51Z,Azure Database for PostgreSQL,eastus,112,43,50,0.0,63.619,3.37432962,USD,False
2026-07-17,2026-07-17T19:33:51Z,Azure Database for PostgreSQL,eastus2,113,44,50,0.0,63.619,3.34783555,USD,False
2026-07-17,2026-07-17T19:33:51Z,Azure Database for PostgreSQL,japaneast,112,43,50,0.0,76.343,4.14233484,USD,False
2026-07-17,2026-07-17T19:33:51Z,Azure Database for PostgreSQL,northeurope,114,45,50,0.0,71.253,3.70355089,USD,False
2026-07-17,2026-07-17T19:33:51Z,Azure Database for PostgreSQL,southeastasia,112,43,50,0.0,76.343,4.13951549,USD,False
2026-07-17,2026-07-17T19:33:51Z,Azure Database for PostgreSQL,swedencentral,106,41,49,0.0,65.4,3.663157,USD,False
2026-07-17,2026-07-17T19:33:51Z,Azure Database for PostgreSQL,westeurope,116,47,50,0.0,77.615,3.95512349,USD,False
2026-07-17,2026-07-17T19:33:51Z,Azure Database for PostgreSQL,westus2,109,41,50,0.0,63.619,3.46573685,USD,False
2026-07-17,2026-07-17T19:33:51Z,Azure Kubernetes Service,australiaeast,8,1,1,0.010602,0.16,0.0385475,USD,False
2026-07-17,2026-07-17T19:33:51Z,Azure Kubernetes Service,brazilsouth,8,1,1,0.014624,0.16,0.045583,USD,False
2026-07-17,2026-07-17T19:33:51Z,Azure Kubernetes Service,eastus,9,2,2,0.007312,0.6,0.09581467,USD,False
2026-07-17,2026-07-17T19:33:51Z,Azure Kubernetes Service,eastus2,8,1,1,0.007312,0.16,0.0327915,USD,False
2026-07-17,2026-07-17T19:33:51Z,Azure Kubernetes Service,japaneast,8,1,1,0.010602,0.16,0.0385475,USD,False
2026-07-17,2026-07-17T19:33:51Z,Azure Kubernetes Service,northeurope,8,1,1,0.008774,0.16,0.0353495,USD,False
2026-07-17,2026-07-17T19:33:51Z,Azure Kubernetes Service,southeastasia,8,1,1,0.009506,0.16,0.036629,USD,False
2026-07-17,2026-07-17T19:33:51Z,Azure Kubernetes Service,swedencentral,8,1,1,0.009506,0.16,0.036629,USD,False
2026-07-17,2026-07-17T19:33:51Z,Azure Kubernetes Service,westeurope,8,1,1,0.010456,0.16,0.03829175,USD,False
2026-07-17,2026-07-17T19:33:51Z,Azure Kubernetes Service,westus2,8,1,1,0.007312,0.16,0.0327915,USD,False
2026-07-17,2026-07-17T19:33:51Z,Functions,australiaeast,9,2,3,0.0,0.182,0.02167433,USD,False
2026-07-17,2026-07-17T19:33:51Z,Functions,brazilsouth,9,2,3,0.0,0.183,0.02179656,USD,False
2026-07-17,2026-07-17T19:33:51Z,Functions,eastus,9,2,3,0.0,0.173,0.02059489,USD,False
2026-07-17,2026-07-17T19:33:51Z,Functions,eastus2,9,2,3,0.0,0.16,0.01905044,USD,False
2026-07-17,2026-07-17T19:33:51Z,Functions,japaneast,9,2,3,0.0,0.196,0.02333933,USD,False
2026-07-17,2026-07-17T19:33:51Z,Functions,northeurope,9,2,3,0.0,0.167,0.01988378,USD,False
2026-07-17,2026-07-17T19:33:51Z,Functions,southeastasia,9,2,3,0.0,0.178,0.02119656,USD,False
2026-07-17,2026-07-17T19:33:51Z,Functions,swedencentral,9,2,3,0.0,0.169,0.02012822,USD,False
2026-07-17,2026-07-17T19:33:51Z,Functions,westeurope,9,2,3,0.0,0.169,0.02012822,USD,False
2026-07-17,2026-07-17T19:33:51Z,Functions,westus2,9,2,3,0.0,0.16,0.01905044,USD,False
2026-07-17,2026-07-17T19:33:51Z,Load Balancer,australiaeast,0,0,0,,,,USD,False
2026-07-17,2026-07-17T19:33:51Z,Load Balancer,brazilsouth,0,0,0,,,,USD,False
2026-07-17,2026-07-17T19:33:51Z,Load Balancer,eastus,0,0,0,,,,USD,False
2026-07-17,2026-07-17T19:33:51Z,Load Balancer,eastus2,0,0,0,,,,USD,False
2026-07-17,2026-07-17T19:33:51Z,Load Balancer,japaneast,0,0,0,,,,USD,False
2026-07-17,2026-07-17T19:33:51Z,Load Balancer,northeurope,0,0,0,,,,USD,False
2026-07-17,2026-07-17T19:33:51Z,Load Balancer,southeastasia,0,0,0,,,,USD,False
2026-07-17,2026-07-17T19:33:51Z,Load Balancer,swedencentral,0,0,0,,,,USD,False
2026-07-17,2026-07-17T19:33:51Z,Load Balancer,westeurope,0,0,0,,,,USD,False
2026-07-17,2026-07-17T19:33:51Z,Load Balancer,westus2,0,0,0,,,,USD,False
2026-07-17,2026-07-17T19:33:51Z,SQL Database,australiaeast,154,37,77,0.0,571.408,22.78711522,USD,False
2026-07-17,2026-07-17T19:33:51Z,SQL Database,brazilsouth,109,35,71,0.0,627.26,31.3701431,USD,False
2026-07-17,2026-07-17T19:33:51Z,SQL Database,eastus,113,30,37,0.0,24.36,2.87434587,USD,False
2026-07-17,2026-07-17T19:33:51Z,SQL Database,eastus2,108,29,36,0.0,24.36,2.98343595,USD,False
2026-07-17,2026-07-17T19:33:51Z,SQL Database,japaneast,150,37,75,0.0,584.208,23.84588713,USD,False
2026-07-17,2026-07-17T19:33:51Z,SQL Database,northeurope,113,30,37,0.0,29.22,3.43563935,USD,False
2026-07-17,2026-07-17T19:33:51Z,SQL Database,southeastasia,111,29,37,0.0,31.66,3.77798125,USD,False
2026-07-17,2026-07-17T19:33:51Z,SQL Database,swedencentral,106,30,74,0.0,516.128,26.50978892,USD,False
2026-07-17,2026-07-17T19:33:51Z,SQL Database,westeurope,113,30,37,0.0,31.66,3.72220855,USD,False
2026-07-17,2026-07-17T19:33:51Z,SQL Database,westus2,111,29,37,0.0,24.36,2.91339714,USD,False
2026-07-17,2026-07-17T19:33:51Z,Storage,australiaeast,200,23,68,0.0,3342.34,23.89177272,USD,True
2026-07-17,2026-07-17T19:33:51Z,Storage,brazilsouth,200,27,62,0.0,4669.71,74.65290366,USD,True
2026-07-17,2026-07-17T19:33:51Z,Storage,eastus,200,28,70,0.0,3686.4,51.35685995,USD,False
2026-07-17,2026-07-17T19:33:51Z,Storage,eastus2,200,25,72,0.0,3686.4,24.146832,USD,False
2026-07-17,2026-07-17T19:33:51Z,Storage,japaneast,200,26,71,0.0,3109.035,41.43337182,USD,False
2026-07-17,2026-07-17T19:33:51Z,Storage,northeurope,200,26,69,0.0,3604.11,53.98662846,USD,False
2026-07-17,2026-07-17T19:33:51Z,Storage,southeastasia,200,28,79,0.0,3686.4,33.44616051,USD,False
2026-07-17,2026-07-17T19:33:51Z,Storage,swedencentral,200,26,76,0.0,3686.4,31.87963216,USD,True
2026-07-17,2026-07-17T19:33:51Z,Storage,westeurope,200,25,73,0.0,1982.17,32.12951834,USD,False
2026-07-17,2026-07-17T19:33:51Z,Storage,westus2,200,26,73,0.0,3686.4,34.08984903,USD,False
2026-07-17,2026-07-17T19:33:51Z,Virtual Machines,australiaeast,200,135,193,0.014026,41.918,2.83286248,USD,True
2026-07-17,2026-07-17T19:33:51Z,Virtual Machines,brazilsouth,200,139,196,0.00303,133.07446,4.96300965,USD,True
2026-07-17,2026-07-17T19:33:51Z,Virtual Machines,eastus,200,143,198,0.0,117.7788,3.82724009,USD,True
2026-07-17,2026-07-17T19:33:51Z,Virtual Machines,eastus2,200,147,200,0.00846,116.052,4.11606928,USD,True
2026-07-17,2026-07-17T19:33:51Z,Virtual Machines,japaneast,200,129,198,0.00864,179.244241,4.59030583,USD,True
2026-07-17,2026-07-17T19:33:51Z,Virtual Machines,northeurope,200,149,200,0.00204,71.50672,2.78813447,USD,True
2026-07-17,2026-07-17T19:33:51Z,Virtual Machines,southeastasia,200,141,198,0.021067,213.0211,6.19528376,USD,True
2026-07-17,2026-07-17T19:33:51Z,Virtual Machines,swedencentral,200,127,198,0.011,196.6272,4.39852564,USD,True
2026-07-17,2026-07-17T19:33:51Z,Virtual Machines,westeurope,200,135,199,0.00216,147.07536,6.45596616,USD,True
2026-07-17,2026-07-17T19:33:51Z,Virtual Machines,westus2,200,151,196,0.004,451.616,7.56518789,USD,True
2026-07-18,2026-07-18T19:32:30Z,Application Gateway,australiaeast,22,8,5,0.008,0.522,0.15022182,USD,False
2026-07-18,2026-07-18T19:32:30Z,Application Gateway,brazilsouth,18,7,5,0.008,0.72,0.20858,USD,False
2026-07-18,2026-07-18T19:32:30Z,Application Gateway,eastus,22,8,5,0.008,0.448,0.12017727,USD,False
2026-07-18,2026-07-18T19:32:30Z,Application Gateway,eastus2,22,8,5,0.008,0.448,0.12017727,USD,False
2026-07-18,2026-07-18T19:32:30Z,Application Gateway,japaneast,18,7,5,0.008,0.522,0.16874278,USD,False
2026-07-18,2026-07-18T19:32:30Z,Application Gateway,northeurope,22,8,5,0.008,0.50176,0.13672182,USD,False
2026-07-18,2026-07-18T19:32:30Z,Application Gateway,southeastasia,22,8,5,0.008,0.50176,0.14207636,USD,False
2026-07-18,2026-07-18T19:32:30Z,Application Gateway,swedencentral,18,7,5,0.0076,0.50176,0.16225667,USD,False
2026-07-18,2026-07-18T19:32:30Z,Application Gateway,westeurope,22,8,5,0.008,0.50176,0.14206727,USD,False
2026-07-18,2026-07-18T19:32:30Z,Application Gateway,westus2,18,7,5,0.008,0.448,0.13827222,USD,False
2026-07-18,2026-07-18T19:32:30Z,Azure App Service,australiaeast,124,20,67,0.016,80.0,3.33422719,USD,False
2026-07-18,2026-07-18T19:32:30Z,Azure App Service,brazilsouth,102,18,56,0.0158,80.0,2.96177998,USD,False
2026-07-18,2026-07-18T19:32:30Z,Azure App Service,eastus,113,16,62,0.017,80.0,3.05313451,USD,False
2026-07-18,2026-07-18T19:32:30Z,Azure App Service,eastus2,117,17,63,0.0,80.0,3.02458982,USD,False
2026-07-18,2026-07-18T19:32:30Z,Azure App Service,japaneast,128,21,68,0.0,80.0,3.31481827,USD,False
2026-07-18,2026-07-18T19:32:30Z,Azure App Service,northeurope,113,16,62,0.018,80.0,3.45700196,USD,False
2026-07-18,2026-07-18T19:32:30Z,Azure App Service,southeastasia,113,16,62,0.018,80.0,3.50719758,USD,False
2026-07-18,2026-07-18T19:32:30Z,Azure App Service,swedencentral,111,17,60,0.0,80.0,3.06190559,USD,False
2026-07-18,2026-07-18T19:32:30Z,Azure App Service,westeurope,117,17,63,0.0,80.0,3.48324291,USD,False
2026-07-18,2026-07-18T19:32:30Z,Azure App Service,westus2,117,17,63,0.0,80.0,3.01730191,USD,False
2026-07-18,2026-07-18T19:32:30Z,Azure Cosmos DB,australiaeast,106,14,81,0.0,32.553,2.54770911,USD,False
2026-07-18,2026-07-18T19:32:30Z,Azure Cosmos DB,brazilsouth,103,14,78,0.0,44.9,3.58415748,USD,False
2026-07-18,2026-07-18T19:32:30Z,Azure Cosmos DB,eastus,99,14,76,0.0,22.45,2.07406196,USD,False
2026-07-18,2026-07-18T19:32:30Z,Azure Cosmos DB,eastus2,99,14,76,0.0,22.45,2.07625388,USD,False
2026-07-18,2026-07-18T19:32:30Z,Azure Cosmos DB,japaneast,106,14,81,0.0,32.553,2.5569471,USD,False
2026-07-18,2026-07-18T19:32:30Z,Azure Cosmos DB,northeurope,106,14,81,0.0,26.94,2.21805191,USD,False
2026-07-18,2026-07-18T19:32:30Z,Azure Cosmos DB,southeastasia,106,14,81,0.0,29.185,2.30645925,USD,False
2026-07-18,2026-07-18T19:32:30Z,Azure Cosmos DB,swedencentral,97,14,73,0.0,29.185,2.587158,USD,False
2026-07-18,2026-07-18T19:32:30Z,Azure Cosmos DB,westeurope,106,14,81,0.0,29.185,2.39201482,USD,False
2026-07-18,2026-07-18T19:32:30Z,Azure Cosmos DB,westus2,99,14,76,0.0,22.45,2.04923503,USD,False
2026-07-18,2026-07-18T19:32:30Z,Azure Database for PostgreSQL,australiaeast,110,41,51,0.0,76.343,4.2150551,USD,False
2026-07-18,2026-07-18T19:32:30Z,Azure Database for PostgreSQL,brazilsouth,114,43,51,0.0,133.345,6.61975691,USD,False
2026-07-18,2026-07-18T19:32:30Z,Azure Database for PostgreSQL,eastus,113,43,51,0.0,63.619,3.34446829,USD,False
2026-07-18,2026-07-18T19:32:30Z,Azure Database for PostgreSQL,eastus2,114,44,51,0.0,63.619,3.31846857,USD,False
2026-07-18,2026-07-18T19:32:30Z,Azure Database for PostgreSQL,japaneast,113,43,51,0.0,76.343,4.10567701,USD,False
2026-07-18,2026-07-18T19:32:30Z,Azure Database for PostgreSQL,northeurope,115,45,51,0.0,71.253,3.6713461,USD,False
2026-07-18,2026-07-18T19:32:30Z,Azure Database for PostgreSQL,southeastasia,113,43,51,0.0,76.343,4.10288261,USD,False
2026-07-18,2026-07-18T19:32:30Z,Azure Database for PostgreSQL,swedencentral,107,41,50,0.0,65.4,3.62892189,USD,False
2026-07-18,2026-07-18T19:32:30Z,Azure Database for PostgreSQL,westeurope,117,47,51,0.0,77.615,3.92131902,USD,False
2026-07-18,2026-07-18T19:32:30Z,Azure Database for PostgreSQL,westus2,110,41,51,0.0,63.619,3.43423015,USD,False
2026-07-18,2026-07-18T19:32:30Z,Azure Kubernetes Service,australiaeast,8,1,1,0.010602,0.16,0.0385475,USD,False
2026-07-18,2026-07-18T19:32:30Z,Azure Kubernetes Service,brazilsouth,8,1,1,0.014624,0.16,0.045583,USD,False
2026-07-18,2026-07-18T19:32:30Z,Azure Kubernetes Service,eastus,9,2,2,0.007312,0.6,0.09581467,USD,False
2026-07-18,2026-07-18T19:32:30Z,Azure Kubernetes Service,eastus2,8,1,1,0.007312,0.16,0.0327915,USD,False
2026-07-18,2026-07-18T19:32:30Z,Azure Kubernetes Service,japaneast,8,1,1,0.010602,0.16,0.0385475,USD,False
2026-07-18,2026-07-18T19:32:30Z,Azure Kubernetes Service,northeurope,8,1,1,0.008774,0.16,0.0353495,USD,False
2026-07-18,2026-07-18T19:32:30Z,Azure Kubernetes Service,southeastasia,8,1,1,0.009506,0.16,0.036629,USD,False
2026-07-18,2026-07-18T19:32:30Z,Azure Kubernetes Service,swedencentral,8,1,1,0.009506,0.16,0.036629,USD,False
2026-07-18,2026-07-18T19:32:30Z,Azure Kubernetes Service,westeurope,8,1,1,0.010456,0.16,0.03829175,USD,False
2026-07-18,2026-07-18T19:32:30Z,Azure Kubernetes Service,westus2,8,1,1,0.007312,0.16,0.0327915,USD,False
2026-07-18,2026-07-18T19:32:30Z,Functions,australiaeast,9,2,3,0.0,0.182,0.02167433,USD,False
2026-07-18,2026-07-18T19:32:30Z,Functions,brazilsouth,9,2,3,0.0,0.183,0.02179656,USD,False
2026-07-18,2026-07-18T19:32:30Z,Functions,eastus,9,2,3,0.0,0.173,0.02059489,USD,False
2026-07-18,2026-07-18T19:32:30Z,Functions,eastus2,9,2,3,0.0,0.16,0.01905044,USD,False
2026-07-18,2026-07-18T19:32:30Z,Functions,japaneast,9,2,3,0.0,0.196,0.02333933,USD,False
2026-07-18,2026-07-18T19:32:30Z,Functions,northeurope,9,2,3,0.0,0.167,0.01988378,USD,False
2026-07-18,2026-07-18T19:32:30Z,Functions,southeastasia,9,2,3,0.0,0.178,0.02119656,USD,False
2026-07-18,2026-07-18T19:32:30Z,Functions,swedencentral,9,2,3,0.0,0.169,0.02012822,USD,False
2026-07-18,2026-07-18T19:32:30Z,Functions,westeurope,9,2,3,0.0,0.169,0.02012822,USD,False
2026-07-18,2026-07-18T19:32:30Z,Functions,westus2,9,2,3,0.0,0.16,0.01905044,USD,False
2026-07-18,2026-07-18T19:32:30Z,Load Balancer,australiaeast,0,0,0,,,,USD,False
2026-07-18,2026-07-18T19:32:30Z,Load Balancer,brazilsouth,0,0,0,,,,USD,False
2026-07-18,2026-07-18T19:32:30Z,Load Balancer,eastus,0,0,0,,,,USD,False
2026-07-18,2026-07-18T19:32:30Z,Load Balancer,eastus2,0,0,0,,,,USD,False
2026-07-18,2026-07-18T19:32:30Z,Load Balancer,japaneast,0,0,0,,,,USD,False
2026-07-18,2026-07-18T19:32:30Z,Load Balancer,northeurope,0,0,0,,,,USD,False
2026-07-18,2026-07-18T19:32:30Z,Load Balancer,southeastasia,0,0,0,,,,USD,False
2026-07-18,2026-07-18T19:32:30Z,Load Balancer,swedencentral,0,0,0,,,,USD,False
2026-07-18,2026-07-18T19:32:30Z,Load Balancer,westeurope,0,0,0,,,,USD,False
2026-07-18,2026-07-18T19:32:30Z,Load Balancer,westus2,0,0,0,,,,USD,False
2026-07-18,2026-07-18T19:32:30Z,SQL Database,australiaeast,154,37,77,0.0,571.408,22.78711522,USD,False
2026-07-18,2026-07-18T19:32:30Z,SQL Database,brazilsouth,109,35,71,0.0,627.26,31.3701431,USD,False
2026-07-18,2026-07-18T19:32:30Z,SQL Database,eastus,113,30,37,0.0,24.36,2.87434587,USD,False
2026-07-18,2026-07-18T19:32:30Z,SQL Database,eastus2,108,29,36,0.0,24.36,2.98343595,USD,False
2026-07-18,2026-07-18T19:32:30Z,SQL Database,japaneast,150,37,75,0.0,584.208,23.84588713,USD,False
2026-07-18,2026-07-18T19:32:30Z,SQL Database,northeurope,113,30,37,0.0,29.22,3.43563935,USD,False
2026-07-18,2026-07-18T19:32:30Z,SQL Database,southeastasia,111,29,37,0.0,31.66,3.77798125,USD,False
2026-07-18,2026-07-18T19:32:30Z,SQL Database,swedencentral,106,30,74,0.0,516.128,26.50978892,USD,False
2026-07-18,2026-07-18T19:32:30Z,SQL Database,westeurope,113,30,37,0.0,31.66,3.72220855,USD,False
2026-07-18,2026-07-18T19:32:30Z,SQL Database,westus2,111,29,37,0.0,24.36,2.91339714,USD,False
2026-07-18,2026-07-18T19:32:30Z,Storage,australiaeast,200,23,68,0.0,3342.34,23.89177272,USD,True
2026-07-18,2026-07-18T19:32:30Z,Storage,brazilsouth,200,27,62,0.0,4669.71,74.65290366,USD,True
2026-07-18,2026-07-18T19:32:30Z,Storage,eastus,200,28,70,0.0,3686.4,51.35685995,USD,False
2026-07-18,2026-07-18T19:32:30Z,Storage,eastus2,200,25,72,0.0,3686.4,24.146832,USD,False
2026-07-18,2026-07-18T19:32:30Z,Storage,japaneast,200,26,71,0.0,3109.035,41.43337182,USD,False
2026-07-18,2026-07-18T19:32:30Z,Storage,northeurope,200,26,69,0.0,3604.11,53.98662846,USD,False
2026-07-18,2026-07-18T19:32:30Z,Storage,southeastasia,200,28,79,0.0,3686.4,33.44616051,USD,False
2026-07-18,2026-07-18T19:32:30Z,Storage,swedencentral,200,26,76,0.0,3686.4,31.87963216,USD,True
2026-07-18,2026-07-18T19:32:30Z,Storage,westeurope,200,25,73,0.0,1982.17,32.12951834,USD,False
2026-07-18,2026-07-18T19:32:30Z,Storage,westus2,200,26,73,0.0,3686.4,34.08984903,USD,False
2026-07-18,2026-07-18T19:32:30Z,Virtual Machines,australiaeast,200,135,193,0.014026,41.918,2.83286248,USD,True
2026-07-18,2026-07-18T19:32:30Z,Virtual Machines,brazilsouth,200,139,196,0.00303,133.07446,4.96300965,USD,True
2026-07-18,2026-07-18T19:32:30Z,Virtual Machines,eastus,200,143,198,0.0,117.7788,3.82724009,USD,True
2026-07-18,2026-07-18T19:32:30Z,Virtual Machines,eastus2,200,147,200,0.00846,116.052,4.11606928,USD,True
2026-07-18,2026-07-18T19:32:30Z,Virtual Machines,japaneast,200,129,198,0.00864,179.244241,4.59030583,USD,True
2026-07-18,2026-07-18T19:32:30Z,Virtual Machines,northeurope,200,149,200,0.00204,71.50672,2.78813447,USD,True
2026-07-18,2026-07-18T19:32:30Z,Virtual Machines,southeastasia,200,141,198,0.021067,213.0211,6.19528376,USD,True
2026-07-18,2026-07-18T19:32:30Z,Virtual Machines,swedencentral,200,127,198,0.011,196.6272,4.39852564,USD,True
2026-07-18,2026-07-18T19:32:30Z,Virtual Machines,westeurope,200,135,199,0.00216,147.07536,6.45596616,USD,True
2026-07-18,2026-07-18T19:32:30Z,Virtual Machines,westus2,200,151,196,0.004,451.616,7.56518789,USD,True
2026-07-19,2026-07-19T19:33:00Z,Application Gateway,australiaeast,22,8,5,0.008,0.522,0.15022182,USD,False
2026-07-19,2026-07-19T19:33:00Z,Application Gateway,brazilsouth,18,7,5,0.008,0.72,0.20858,USD,False
2026-07-19,2026-07-19T19:33:00Z,Application Gateway,eastus,22,8,5,0.008,0.448,0.12017727,USD,False
2026-07-19,2026-07-19T19:33:00Z,Application Gateway,eastus2,22,8,5,0.008,0.448,0.12017727,USD,False
2026-07-19,2026-07-19T19:33:00Z,Application Gateway,japaneast,18,7,5,0.008,0.522,0.16874278,USD,False
2026-07-19,2026-07-19T19:33:00Z,Application Gateway,northeurope,22,8,5,0.008,0.50176,0.13672182,USD,False
2026-07-19,2026-07-19T19:33:00Z,Application Gateway,southeastasia,22,8,5,0.008,0.50176,0.14207636,USD,False
2026-07-19,2026-07-19T19:33:00Z,Application Gateway,swedencentral,18,7,5,0.0076,0.50176,0.16225667,USD,False
2026-07-19,2026-07-19T19:33:00Z,Application Gateway,westeurope,22,8,5,0.008,0.50176,0.14206727,USD,False
2026-07-19,2026-07-19T19:33:00Z,Application Gateway,westus2,18,7,5,0.008,0.448,0.13827222,USD,False
2026-07-19,2026-07-19T19:33:00Z,Azure App Service,australiaeast,124,20,67,0.016,80.0,3.33422719,USD,False
2026-07-19,2026-07-19T19:33:00Z,Azure App Service,brazilsouth,102,18,56,0.0158,80.0,2.96177998,USD,False
2026-07-19,2026-07-19T19:33:00Z,Azure App Service,eastus,113,16,62,0.017,80.0,3.05313451,USD,False
2026-07-19,2026-07-19T19:33:00Z,Azure App Service,eastus2,117,17,63,0.0,80.0,3.02458982,USD,False
2026-07-19,2026-07-19T19:33:00Z,Azure App Service,japaneast,128,21,68,0.0,80.0,3.31481827,USD,False
2026-07-19,2026-07-19T19:33:00Z,Azure App Service,northeurope,113,16,62,0.018,80.0,3.45700196,USD,False
2026-07-19,2026-07-19T19:33:00Z,Azure App Service,southeastasia,113,16,62,0.018,80.0,3.50719758,USD,False
2026-07-19,2026-07-19T19:33:00Z,Azure App Service,swedencentral,111,17,60,0.0,80.0,3.06190559,USD,False
2026-07-19,2026-07-19T19:33:00Z,Azure App Service,westeurope,117,17,63,0.0,80.0,3.48324291,USD,False
2026-07-19,2026-07-19T19:33:00Z,Azure App Service,westus2,117,17,63,0.0,80.0,3.01730191,USD,False
2026-07-19,2026-07-19T19:33:00Z,Azure Cosmos DB,australiaeast,106,14,81,0.0,32.553,2.54770911,USD,False
2026-07-19,2026-07-19T19:33:00Z,Azure Cosmos DB,brazilsouth,103,14,78,0.0,44.9,3.58415748,USD,False
2026-07-19,2026-07-19T19:33:00Z,Azure Cosmos DB,eastus,99,14,76,0.0,22.45,2.07406196,USD,False
2026-07-19,2026-07-19T19:33:00Z,Azure Cosmos DB,eastus2,99,14,76,0.0,22.45,2.07625388,USD,False
2026-07-19,2026-07-19T19:33:00Z,Azure Cosmos DB,japaneast,106,14,81,0.0,32.553,2.5569471,USD,False
2026-07-19,2026-07-19T19:33:00Z,Azure Cosmos DB,northeurope,106,14,81,0.0,26.94,2.21805191,USD,False
2026-07-19,2026-07-19T19:33:00Z,Azure Cosmos DB,southeastasia,106,14,81,0.0,29.185,2.30645925,USD,False
2026-07-19,2026-07-19T19:33:00Z,Azure Cosmos DB,swedencentral,97,14,73,0.0,29.185,2.587158,USD,False
2026-07-19,2026-07-19T19:33:00Z,Azure Cosmos DB,westeurope,106,14,81,0.0,29.185,2.39201482,USD,False
2026-07-19,2026-07-19T19:33:00Z,Azure Cosmos DB,westus2,99,14,76,0.0,22.45,2.04923503,USD,False
2026-07-19,2026-07-19T19:33:00Z,Azure Database for PostgreSQL,australiaeast,110,41,51,0.0,76.343,4.2150551,USD,False
2026-07-19,2026-07-19T19:33:00Z,Azure Database for PostgreSQL,brazilsouth,114,43,51,0.0,133.345,6.61975691,USD,False
2026-07-19,2026-07-19T19:33:00Z,Azure Database for PostgreSQL,eastus,113,43,51,0.0,63.619,3.34446829,USD,False
2026-07-19,2026-07-19T19:33:00Z,Azure Database for PostgreSQL,eastus2,114,44,51,0.0,63.619,3.31846857,USD,False
2026-07-19,2026-07-19T19:33:00Z,Azure Database for PostgreSQL,japaneast,113,43,51,0.0,76.343,4.10567701,USD,False
2026-07-19,2026-07-19T19:33:00Z,Azure Database for PostgreSQL,northeurope,115,45,51,0.0,71.253,3.6713461,USD,False
2026-07-19,2026-07-19T19:33:00Z,Azure Database for PostgreSQL,southeastasia,113,43,51,0.0,76.343,4.10288261,USD,False
2026-07-19,2026-07-19T19:33:00Z,Azure Database for PostgreSQL,swedencentral,107,41,50,0.0,65.4,3.62892189,USD,False
2026-07-19,2026-07-19T19:33:00Z,Azure Database for PostgreSQL,westeurope,117,47,51,0.0,77.615,3.92131902,USD,False
2026-07-19,2026-07-19T19:33:00Z,Azure Database for PostgreSQL,westus2,110,41,51,0.0,63.619,3.43423015,USD,False
2026-07-19,2026-07-19T19:33:00Z,Azure Kubernetes Service,australiaeast,8,1,1,0.010602,0.16,0.0385475,USD,False
2026-07-19,2026-07-19T19:33:00Z,Azure Kubernetes Service,brazilsouth,8,1,1,0.014624,0.16,0.045583,USD,False
2026-07-19,2026-07-19T19:33:00Z,Azure Kubernetes Service,eastus,9,2,2,0.007312,0.6,0.09581467,USD,False
2026-07-19,2026-07-19T19:33:00Z,Azure Kubernetes Service,eastus2,8,1,1,0.007312,0.16,0.0327915,USD,False
2026-07-19,2026-07-19T19:33:00Z,Azure Kubernetes Service,japaneast,8,1,1,0.010602,0.16,0.0385475,USD,False
2026-07-19,2026-07-19T19:33:00Z,Azure Kubernetes Service,northeurope,8,1,1,0.008774,0.16,0.0353495,USD,False
2026-07-19,2026-07-19T19:33:00Z,Azure Kubernetes Service,southeastasia,8,1,1,0.009506,0.16,0.036629,USD,False
2026-07-19,2026-07-19T19:33:00Z,Azure Kubernetes Service,swedencentral,8,1,1,0.009506,0.16,0.036629,USD,False
2026-07-19,2026-07-19T19:33:00Z,Azure Kubernetes Service,westeurope,8,1,1,0.010456,0.16,0.03829175,USD,False
2026-07-19,2026-07-19T19:33:00Z,Azure Kubernetes Service,westus2,8,1,1,0.007312,0.16,0.0327915,USD,False
2026-07-19,2026-07-19T19:33:00Z,Functions,australiaeast,9,2,3,0.0,0.182,0.02167433,USD,False
2026-07-19,2026-07-19T19:33:00Z,Functions,brazilsouth,9,2,3,0.0,0.183,0.02179656,USD,False
2026-07-19,2026-07-19T19:33:00Z,Functions,eastus,9,2,3,0.0,0.173,0.02059489,USD,False
2026-07-19,2026-07-19T19:33:00Z,Functions,eastus2,9,2,3,0.0,0.16,0.01905044,USD,False
2026-07-19,2026-07-19T19:33:00Z,Functions,japaneast,9,2,3,0.0,0.196,0.02333933,USD,False
2026-07-19,2026-07-19T19:33:00Z,Functions,northeurope,9,2,3,0.0,0.167,0.01988378,USD,False
2026-07-19,2026-07-19T19:33:00Z,Functions,southeastasia,9,2,3,0.0,0.178,0.02119656,USD,False
2026-07-19,2026-07-19T19:33:00Z,Functions,swedencentral,9,2,3,0.0,0.169,0.02012822,USD,False
2026-07-19,2026-07-19T19:33:00Z,Functions,westeurope,9,2,3,0.0,0.169,0.02012822,USD,False
2026-07-19,2026-07-19T19:33:00Z,Functions,westus2,9,2,3,0.0,0.16,0.01905044,USD,False
2026-07-19,2026-07-19T19:33:00Z,Load Balancer,australiaeast,0,0,0,,,,USD,False
2026-07-19,2026-07-19T19:33:00Z,Load Balancer,brazilsouth,0,0,0,,,,USD,False
2026-07-19,2026-07-19T19:33:00Z,Load Balancer,eastus,0,0,0,,,,USD,False
2026-07-19,2026-07-19T19:33:00Z,Load Balancer,eastus2,0,0,0,,,,USD,False
2026-07-19,2026-07-19T19:33:00Z,Load Balancer,japaneast,0,0,0,,,,USD,False
2026-07-19,2026-07-19T19:33:00Z,Load Balancer,northeurope,0,0,0,,,,USD,False
2026-07-19,2026-07-19T19:33:00Z,Load Balancer,southeastasia,0,0,0,,,,USD,False
2026-07-19,2026-07-19T19:33:00Z,Load Balancer,swedencentral,0,0,0,,,,USD,False
2026-07-19,2026-07-19T19:33:00Z,Load Balancer,westeurope,0,0,0,,,,USD,False
2026-07-19,2026-07-19T19:33:00Z,Load Balancer,westus2,0,0,0,,,,USD,False
2026-07-19,2026-07-19T19:33:00Z,SQL Database,australiaeast,154,37,77,0.0,571.408,22.78711522,USD,False
2026-07-19,2026-07-19T19:33:00Z,SQL Database,brazilsouth,109,35,71,0.0,627.26,31.3701431,USD,False
2026-07-19,2026-07-19T19:33:00Z,SQL Database,eastus,113,30,37,0.0,24.36,2.87434587,USD,False
2026-07-19,2026-07-19T19:33:00Z,SQL Database,eastus2,108,29,36,0.0,24.36,2.98343595,USD,False
2026-07-19,2026-07-19T19:33:00Z,SQL Database,japaneast,150,37,75,0.0,584.208,23.84588713,USD,False
2026-07-19,2026-07-19T19:33:00Z,SQL Database,northeurope,113,30,37,0.0,29.22,3.43563935,USD,False
2026-07-19,2026-07-19T19:33:00Z,SQL Database,southeastasia,111,29,37,0.0,31.66,3.77798125,USD,False
2026-07-19,2026-07-19T19:33:00Z,SQL Database,swedencentral,106,30,74,0.0,516.128,26.50978892,USD,False
2026-07-19,2026-07-19T19:33:00Z,SQL Database,westeurope,113,30,37,0.0,31.66,3.72220855,USD,False
2026-07-19,2026-07-19T19:33:00Z,SQL Database,westus2,111,29,37,0.0,24.36,2.91339714,USD,False
2026-07-19,2026-07-19T19:33:00Z,Storage,australiaeast,200,23,68,0.0,3342.34,23.89177272,USD,True
2026-07-19,2026-07-19T19:33:00Z,Storage,brazilsouth,200,27,62,0.0,4669.71,74.65290366,USD,True
2026-07-19,2026-07-19T19:33:00Z,Storage,eastus,200,28,70,0.0,3686.4,51.35685995,USD,False
2026-07-19,2026-07-19T19:33:00Z,Storage,eastus2,200,25,72,0.0,3686.4,24.146832,USD,False
2026-07-19,2026-07-19T19:33:00Z,Storage,japaneast,200,26,71,0.0,3109.035,41.43337182,USD,False
2026-07-19,2026-07-19T19:33:00Z,Storage,northeurope,200,26,69,0.0,3604.11,53.98662846,USD,False
2026-07-19,2026-07-19T19:33:00Z,Storage,southeastasia,200,28,79,0.0,3686.4,33.44616051,USD,False
2026-07-19,2026-07-19T19:33:00Z,Storage,swedencentral,200,26,76,0.0,3686.4,31.87963216,USD,True
2026-07-19,2026-07-19T19:33:00Z,Storage,westeurope,200,25,73,0.0,1982.17,32.12951834,USD,False
2026-07-19,2026-07-19T19:33:00Z,Storage,westus2,200,26,73,0.0,3686.4,34.08984903,USD,False
2026-07-19,2026-07-19T19:33:00Z,Virtual Machines,australiaeast,200,135,193,0.014026,41.918,2.83286248,USD,True
2026-07-19,2026-07-19T19:33:00Z,Virtual Machines,brazilsouth,200,139,196,0.00303,133.07446,4.96300965,USD,True
2026-07-19,2026-07-19T19:33:00Z,Virtual Machines,eastus,200,143,198,0.0,117.7788,3.82724009,USD,True
2026-07-19,2026-07-19T19:33:00Z,Virtual Machines,eastus2,200,147,200,0.00846,116.052,4.11606928,USD,True
2026-07-19,2026-07-19T19:33:00Z,Virtual Machines,japaneast,200,129,198,0.00864,179.244241,4.59030583,USD,True
2026-07-19,2026-07-19T19:33:00Z,Virtual Machines,northeurope,200,149,200,0.00204,71.50672,2.78813447,USD,True
2026-07-19,2026-07-19T19:33:00Z,Virtual Machines,southeastasia,200,141,198,0.021067,213.0211,6.19528376,USD,True
2026-07-19,2026-07-19T19:33:00Z,Virtual Machines,swedencentral,200,127,198,0.011,196.6272,4.39852564,USD,True
2026-07-19,2026-07-19T19:33:00Z,Virtual Machines,westeurope,200,135,199,0.00216,147.07536,6.45596616,USD,True
2026-07-19,2026-07-19T19:33:00Z,Virtual Machines,westus2,200,151,196,0.004,451.616,7.56518789,USD,True
2026-07-20,2026-07-20T19:57:11Z,Application Gateway,australiaeast,22,8,5,0.008,0.522,0.15022182,USD,False
2026-07-20,2026-07-20T19:57:11Z,Application Gateway,brazilsouth,18,7,5,0.008,0.72,0.20858,USD,False
2026-07-20,2026-07-20T19:57:11Z,Application Gateway,eastus,22,8,5,0.008,0.448,0.12017727,USD,False
2026-07-20,2026-07-20T19:57:11Z,Application Gateway,eastus2,22,8,5,0.008,0.448,0.12017727,USD,False
2026-07-20,2026-07-20T19:57:11Z,Application Gateway,japaneast,18,7,5,0.008,0.522,0.16874278,USD,False
2026-07-20,2026-07-20T19:57:11Z,Application Gateway,northeurope,22,8,5,0.008,0.50176,0.13672182,USD,False
2026-07-20,2026-07-20T19:57:11Z,Application Gateway,southeastasia,22,8,5,0.008,0.50176,0.14207636,USD,False
2026-07-20,2026-07-20T19:57:11Z,Application Gateway,swedencentral,18,7,5,0.0076,0.50176,0.16225667,USD,False
2026-07-20,2026-07-20T19:57:11Z,Application Gateway,westeurope,22,8,5,0.008,0.50176,0.14206727,USD,False
2026-07-20,2026-07-20T19:57:11Z,Application Gateway,westus2,18,7,5,0.008,0.448,0.13827222,USD,False
2026-07-20,2026-07-20T19:57:11Z,Azure App Service,australiaeast,124,20,67,0.016,80.0,3.33422719,USD,False
2026-07-20,2026-07-20T19:57:11Z,Azure App Service,brazilsouth,102,18,56,0.0158,80.0,2.96177998,USD,False
2026-07-20,2026-07-20T19:57:11Z,Azure App Service,eastus,113,16,62,0.017,80.0,3.05313451,USD,False
2026-07-20,2026-07-20T19:57:11Z,Azure App Service,eastus2,117,17,63,0.0,80.0,3.02458982,USD,False
2026-07-20,2026-07-20T19:57:11Z,Azure App Service,japaneast,128,21,68,0.0,80.0,3.31481827,USD,False
2026-07-20,2026-07-20T19:57:11Z,Azure App Service,northeurope,113,16,62,0.018,80.0,3.45700196,USD,False
2026-07-20,2026-07-20T19:57:11Z,Azure App Service,southeastasia,113,16,62,0.018,80.0,3.50719758,USD,False
2026-07-20,2026-07-20T19:57:11Z,Azure App Service,swedencentral,111,17,60,0.0,80.0,3.06190559,USD,False
2026-07-20,2026-07-20T19:57:11Z,Azure App Service,westeurope,117,17,63,0.0,80.0,3.48324291,USD,False
2026-07-20,2026-07-20T19:57:11Z,Azure App Service,westus2,117,17,63,0.0,80.0,3.01730191,USD,False
2026-07-20,2026-07-20T19:57:11Z,Azure Cosmos DB,australiaeast,106,14,81,0.0,32.553,2.54770911,USD,False
2026-07-20,2026-07-20T19:57:11Z,Azure Cosmos DB,brazilsouth,103,14,78,0.0,44.9,3.58415748,USD,False
2026-07-20,2026-07-20T19:57:11Z,Azure Cosmos DB,eastus,99,14,76,0.0,22.45,2.07406196,USD,False
2026-07-20,2026-07-20T19:57:11Z,Azure Cosmos DB,eastus2,99,14,76,0.0,22.45,2.07625388,USD,False
2026-07-20,2026-07-20T19:57:11Z,Azure Cosmos DB,japaneast,106,14,81,0.0,32.553,2.5569471,USD,False
2026-07-20,2026-07-20T19:57:11Z,Azure Cosmos DB,northeurope,106,14,81,0.0,26.94,2.21805191,USD,False
2026-07-20,2026-07-20T19:57:11Z,Azure Cosmos DB,southeastasia,106,14,81,0.0,29.185,2.30645925,USD,False
2026-07-20,2026-07-20T19:57:11Z,Azure Cosmos DB,swedencentral,97,14,73,0.0,29.185,2.587158,USD,False
2026-07-20,2026-07-20T19:57:11Z,Azure Cosmos DB,westeurope,106,14,81,0.0,29.185,2.39201482,USD,False
2026-07-20,2026-07-20T19:57:11Z,Azure Cosmos DB,westus2,99,14,76,0.0,22.45,2.04923503,USD,False
2026-07-20,2026-07-20T19:57:11Z,Azure Database for PostgreSQL,australiaeast,110,41,51,0.0,76.343,4.2150551,USD,False
2026-07-20,2026-07-20T19:57:11Z,Azure Database for PostgreSQL,brazilsouth,114,43,51,0.0,133.345,6.61975691,USD,False
2026-07-20,2026-07-20T19:57:11Z,Azure Database for PostgreSQL,eastus,113,43,51,0.0,63.619,3.34446829,USD,False
2026-07-20,2026-07-20T19:57:11Z,Azure Database for PostgreSQL,eastus2,114,44,51,0.0,63.619,3.31846857,USD,False
2026-07-20,2026-07-20T19:57:11Z,Azure Database for PostgreSQL,japaneast,113,43,51,0.0,76.343,4.10567701,USD,False
2026-07-20,2026-07-20T19:57:11Z,Azure Database for PostgreSQL,northeurope,115,45,51,0.0,71.253,3.6713461,USD,False
2026-07-20,2026-07-20T19:57:11Z,Azure Database for PostgreSQL,southeastasia,113,43,51,0.0,76.343,4.10288261,USD,False
2026-07-20,2026-07-20T19:57:11Z,Azure Database for PostgreSQL,swedencentral,107,41,50,0.0,65.4,3.62892189,USD,False
2026-07-20,2026-07-20T19:57:11Z,Azure Database for PostgreSQL,westeurope,117,47,51,0.0,77.615,3.92131902,USD,False
2026-07-20,2026-07-20T19:57:11Z,Azure Database for PostgreSQL,westus2,110,41,51,0.0,63.619,3.43423015,USD,False
2026-07-20,2026-07-20T19:57:11Z,Azure Kubernetes Service,australiaeast,8,1,1,0.010602,0.16,0.0385475,USD,False
2026-07-20,2026-07-20T19:57:11Z,Azure Kubernetes Service,brazilsouth,8,1,1,0.014624,0.16,0.045583,USD,False
2026-07-20,2026-07-20T19:57:11Z,Azure Kubernetes Service,eastus,9,2,2,0.007312,0.6,0.09581467,USD,False
2026-07-20,2026-07-20T19:57:11Z,Azure Kubernetes Service,eastus2,8,1,1,0.007312,0.16,0.0327915,USD,False
2026-07-20,2026-07-20T19:57:11Z,Azure Kubernetes Service,japaneast,8,1,1,0.010602,0.16,0.0385475,USD,False
2026-07-20,2026-07-20T19:57:11Z,Azure Kubernetes Service,northeurope,8,1,1,0.008774,0.16,0.0353495,USD,False
2026-07-20,2026-07-20T19:57:11Z,Azure Kubernetes Service,southeastasia,8,1,1,0.009506,0.16,0.036629,USD,False
2026-07-20,2026-07-20T19:57:11Z,Azure Kubernetes Service,swedencentral,8,1,1,0.009506,0.16,0.036629,USD,False
2026-07-20,2026-07-20T19:57:11Z,Azure Kubernetes Service,westeurope,8,1,1,0.010456,0.16,0.03829175,USD,False
2026-07-20,2026-07-20T19:57:11Z,Azure Kubernetes Service,westus2,8,1,1,0.007312,0.16,0.0327915,USD,False
2026-07-20,2026-07-20T19:57:11Z,Functions,australiaeast,9,2,3,0.0,0.182,0.02167433,USD,False
2026-07-20,2026-07-20T19:57:11Z,Functions,brazilsouth,9,2,3,0.0,0.183,0.02179656,USD,False
2026-07-20,2026-07-20T19:57:11Z,Functions,eastus,9,2,3,0.0,0.173,0.02059489,USD,False
2026-07-20,2026-07-20T19:57:11Z,Functions,eastus2,9,2,3,0.0,0.16,0.01905044,USD,False
2026-07-20,2026-07-20T19:57:11Z,Functions,japaneast,9,2,3,0.0,0.196,0.02333933,USD,False
2026-07-20,2026-07-20T19:57:11Z,Functions,northeurope,9,2,3,0.0,0.167,0.01988378,USD,False
2026-07-20,2026-07-20T19:57:11Z,Functions,southeastasia,9,2,3,0.0,0.178,0.02119656,USD,False
2026-07-20,2026-07-20T19:57:11Z,Functions,swedencentral,9,2,3,0.0,0.169,0.02012822,USD,False
2026-07-20,2026-07-20T19:57:11Z,Functions,westeurope,9,2,3,0.0,0.169,0.02012822,USD,False
2026-07-20,2026-07-20T19:57:11Z,Functions,westus2,9,2,3,0.0,0.16,0.01905044,USD,False
2026-07-20,2026-07-20T19:57:11Z,Load Balancer,australiaeast,0,0,0,,,,USD,False
2026-07-20,2026-07-20T19:57:11Z,Load Balancer,brazilsouth,0,0,0,,,,USD,False
2026-07-20,2026-07-20T19:57:11Z,Load Balancer,eastus,0,0,0,,,,USD,False
2026-07-20,2026-07-20T19:57:11Z,Load Balancer,eastus2,0,0,0,,,,USD,False
2026-07-20,2026-07-20T19:57:11Z,Load Balancer,japaneast,0,0,0,,,,USD,False
2026-07-20,2026-07-20T19:57:11Z,Load Balancer,northeurope,0,0,0,,,,USD,False
2026-07-20,2026-07-20T19:57:11Z,Load Balancer,southeastasia,0,0,0,,,,USD,False
2026-07-20,2026-07-20T19:57:11Z,Load Balancer,swedencentral,0,0,0,,,,USD,False
2026-07-20,2026-07-20T19:57:11Z,Load Balancer,westeurope,0,0,0,,,,USD,False
2026-07-20,2026-07-20T19:57:11Z,Load Balancer,westus2,0,0,0,,,,USD,False
2026-07-20,2026-07-20T19:57:11Z,SQL Database,australiaeast,154,37,77,0.0,571.408,22.78711522,USD,False
2026-07-20,2026-07-20T19:57:11Z,SQL Database,brazilsouth,109,35,71,0.0,627.26,31.3701431,USD,False
2026-07-20,2026-07-20T19:57:11Z,SQL Database,eastus,113,30,37,0.0,24.36,2.87434587,USD,False
2026-07-20,2026-07-20T19:57:11Z,SQL Database,eastus2,108,29,36,0.0,24.36,2.98343595,USD,False
2026-07-20,2026-07-20T19:57:11Z,SQL Database,japaneast,150,37,75,0.0,584.208,23.84588713,USD,False
2026-07-20,2026-07-20T19:57:11Z,SQL Database,northeurope,113,30,37,0.0,29.22,3.43563935,USD,False
2026-07-20,2026-07-20T19:57:11Z,SQL Database,southeastasia,111,29,37,0.0,31.66,3.77798125,USD,False
2026-07-20,2026-07-20T19:57:11Z,SQL Database,swedencentral,106,30,74,0.0,516.128,26.50978892,USD,False
2026-07-20,2026-07-20T19:57:11Z,SQL Database,westeurope,113,30,37,0.0,31.66,3.72220855,USD,False
2026-07-20,2026-07-20T19:57:11Z,SQL Database,westus2,111,29,37,0.0,24.36,2.91339714,USD,False
2026-07-20,2026-07-20T19:57:11Z,Storage,australiaeast,200,23,68,0.0,3342.34,23.89177272,USD,True
2026-07-20,2026-07-20T19:57:11Z,Storage,brazilsouth,200,27,62,0.0,4669.71,74.65290366,USD,True
2026-07-20,2026-07-20T19:57:11Z,Storage,eastus,200,28,70,0.0,3686.4,51.35685995,USD,False
2026-07-20,2026-07-20T19:57:11Z,Storage,eastus2,200,25,72,0.0,3686.4,24.146832,USD,False
2026-07-20,2026-07-20T19:57:11Z,Storage,japaneast,200,26,71,0.0,3109.035,41.43337182,USD,False
2026-07-20,2026-07-20T19:57:11Z,Storage,northeurope,200,26,69,0.0,3604.11,53.98662846,USD,False
2026-07-20,2026-07-20T19:57:11Z,Storage,southeastasia,200,28,79,0.0,3686.4,33.44616051,USD,False
2026-07-20,2026-07-20T19:57:11Z,Storage,swedencentral,200,26,76,0.0,3686.4,31.87963216,USD,True
2026-07-20,2026-07-20T19:57:11Z,Storage,westeurope,200,25,73,0.0,1982.17,32.12951834,USD,False
2026-07-20,2026-07-20T19:57:11Z,Storage,westus2,200,26,73,0.0,3686.4,34.08984903,USD,False
2026-07-20,2026-07-20T19:57:11Z,Virtual Machines,australiaeast,200,135,193,0.014026,41.918,2.83286248,USD,True
2026-07-20,2026-07-20T19:57:11Z,Virtual Machines,brazilsouth,200,139,196,0.00303,133.07446,4.96300965,USD,True
2026-07-20,2026-07-20T19:57:11Z,Virtual Machines,eastus,200,143,198,0.0,117.7788,3.82724009,USD,True
2026-07-20,2026-07-20T19:57:11Z,Virtual Machines,eastus2,200,147,200,0.00846,116.052,4.11606928,USD,True
2026-07-20,2026-07-20T19:57:11Z,Virtual Machines,japaneast,200,129,198,0.00864,179.244241,4.59030583,USD,True
2026-07-20,2026-07-20T19:57:11Z,Virtual Machines,northeurope,200,149,200,0.00204,71.50672,2.78813447,USD,True
2026-07-20,2026-07-20T19:57:11Z,Virtual Machines,southeastasia,200,141,198,0.021067,213.0211,6.19528376,USD,True
2026-07-20,2026-07-20T19:57:11Z,Virtual Machines,swedencentral,200,127,198,0.011,196.6272,4.39852564,USD,True
2026-07-20,2026-07-20T19:57:11Z,Virtual Machines,westeurope,200,135,199,0.00216,147.07536,6.45596616,USD,True
2026-07-20,2026-07-20T19:57:11Z,Virtual Machines,westus2,200,151,196,0.004,451.616,7.56518789,USD,True
2026-07-21,2026-07-21T19:52:19Z,Application Gateway,australiaeast,22,8,5,0.008,0.522,0.15022182,USD,False
2026-07-21,2026-07-21T19:52:19Z,Application Gateway,brazilsouth,18,7,5,0.008,0.72,0.20858,USD,False
2026-07-21,2026-07-21T19:52:19Z,Application Gateway,eastus,22,8,5,0.008,0.448,0.12017727,USD,False
2026-07-21,2026-07-21T19:52:19Z,Application Gateway,eastus2,22,8,5,0.008,0.448,0.12017727,USD,False
2026-07-21,2026-07-21T19:52:19Z,Application Gateway,japaneast,18,7,5,0.008,0.522,0.16874278,USD,False
2026-07-21,2026-07-21T19:52:19Z,Application Gateway,northeurope,22,8,5,0.008,0.50176,0.13672182,USD,False
2026-07-21,2026-07-21T19:52:19Z,Application Gateway,southeastasia,22,8,5,0.008,0.50176,0.14207636,USD,False
2026-07-21,2026-07-21T19:52:19Z,Application Gateway,swedencentral,18,7,5,0.0076,0.50176,0.16225667,USD,False
2026-07-21,2026-07-21T19:52:19Z,Application Gateway,westeurope,22,8,5,0.008,0.50176,0.14206727,USD,False
2026-07-21,2026-07-21T19:52:19Z,Application Gateway,westus2,18,7,5,0.008,0.448,0.13827222,USD,False
2026-07-21,2026-07-21T19:52:19Z,Azure App Service,australiaeast,124,20,67,0.016,80.0,3.33422719,USD,False
2026-07-21,2026-07-21T19:52:19Z,Azure App Service,brazilsouth,102,18,56,0.0158,80.0,2.96177998,USD,False
2026-07-21,2026-07-21T19:52:19Z,Azure App Service,eastus,113,16,62,0.017,80.0,3.05313451,USD,False
2026-07-21,2026-07-21T19:52:19Z,Azure App Service,eastus2,117,17,63,0.0,80.0,3.02458982,USD,False
2026-07-21,2026-07-21T19:52:19Z,Azure App Service,japaneast,128,21,68,0.0,80.0,3.31481827,USD,False
2026-07-21,2026-07-21T19:52:19Z,Azure App Service,northeurope,113,16,62,0.018,80.0,3.45700196,USD,False
2026-07-21,2026-07-21T19:52:19Z,Azure App Service,southeastasia,113,16,62,0.018,80.0,3.50719758,USD,False
2026-07-21,2026-07-21T19:52:19Z,Azure App Service,swedencentral,111,17,60,0.0,80.0,3.06190559,USD,False
2026-07-21,2026-07-21T19:52:19Z,Azure App Service,westeurope,117,17,63,0.0,80.0,3.48324291,USD,False
2026-07-21,2026-07-21T19:52:19Z,Azure App Service,westus2,117,17,63,0.0,80.0,3.01730191,USD,False
2026-07-21,2026-07-21T19:52:19Z,Azure Cosmos DB,australiaeast,106,14,81,0.0,32.553,2.54770911,USD,False
2026-07-21,2026-07-21T19:52:19Z,Azure Cosmos DB,brazilsouth,103,14,78,0.0,44.9,3.58415748,USD,False
2026-07-21,2026-07-21T19:52:19Z,Azure Cosmos DB,eastus,99,14,76,0.0,22.45,2.07406196,USD,False
2026-07-21,2026-07-21T19:52:19Z,Azure Cosmos DB,eastus2,99,14,76,0.0,22.45,2.07625388,USD,False
2026-07-21,2026-07-21T19:52:19Z,Azure Cosmos DB,japaneast,106,14,81,0.0,32.553,2.5569471,USD,False
2026-07-21,2026-07-21T19:52:19Z,Azure Cosmos DB,northeurope,106,14,81,0.0,26.94,2.21805191,USD,False
2026-07-21,2026-07-21T19:52:19Z,Azure Cosmos DB,southeastasia,106,14,81,0.0,29.185,2.30645925,USD,False
2026-07-21,2026-07-21T19:52:19Z,Azure Cosmos DB,swedencentral,97,14,73,0.0,29.185,2.587158,USD,False
2026-07-21,2026-07-21T19:52:19Z,Azure Cosmos DB,westeurope,106,14,81,0.0,29.185,2.39201482,USD,False
2026-07-21,2026-07-21T19:52:19Z,Azure Cosmos DB,westus2,99,14,76,0.0,22.45,2.04923503,USD,False
2026-07-21,2026-07-21T19:52:19Z,Azure Database for PostgreSQL,australiaeast,110,41,51,0.0,76.343,4.2150551,USD,False
2026-07-21,2026-07-21T19:52:19Z,Azure Database for PostgreSQL,brazilsouth,114,43,51,0.0,133.345,6.61975691,USD,False
2026-07-21,2026-07-21T19:52:19Z,Azure Database for PostgreSQL,eastus,113,43,51,0.0,63.619,3.34446829,USD,False
2026-07-21,2026-07-21T19:52:19Z,Azure Database for PostgreSQL,eastus2,114,44,51,0.0,63.619,3.31846857,USD,False
2026-07-21,2026-07-21T19:52:19Z,Azure Database for PostgreSQL,japaneast,113,43,51,0.0,76.343,4.10567701,USD,False
2026-07-21,2026-07-21T19:52:19Z,Azure Database for PostgreSQL,northeurope,115,45,51,0.0,71.253,3.6713461,USD,False
2026-07-21,2026-07-21T19:52:19Z,Azure Database for PostgreSQL,southeastasia,113,43,51,0.0,76.343,4.10288261,USD,False
2026-07-21,2026-07-21T19:52:19Z,Azure Database for PostgreSQL,swedencentral,107,41,50,0.0,65.4,3.62892189,USD,False
2026-07-21,2026-07-21T19:52:19Z,Azure Database for PostgreSQL,westeurope,117,47,51,0.0,77.615,3.92131902,USD,False
2026-07-21,2026-07-21T19:52:19Z,Azure Database for PostgreSQL,westus2,110,41,51,0.0,63.619,3.43423015,USD,False
2026-07-21,2026-07-21T19:52:19Z,Azure Kubernetes Service,australiaeast,8,1,1,0.010602,0.16,0.0385475,USD,False
2026-07-21,2026-07-21T19:52:19Z,Azure Kubernetes Service,brazilsouth,8,1,1,0.014624,0.16,0.045583,USD,False
2026-07-21,2026-07-21T19:52:19Z,Azure Kubernetes Service,eastus,9,2,2,0.007312,0.6,0.09581467,USD,False
2026-07-21,2026-07-21T19:52:19Z,Azure Kubernetes Service,eastus2,8,1,1,0.007312,0.16,0.0327915,USD,False
2026-07-21,2026-07-21T19:52:19Z,Azure Kubernetes Service,japaneast,8,1,1,0.010602,0.16,0.0385475,USD,False
2026-07-21,2026-07-21T19:52:19Z,Azure Kubernetes Service,northeurope,8,1,1,0.008774,0.16,0.0353495,USD,False
2026-07-21,2026-07-21T19:52:19Z,Azure Kubernetes Service,southeastasia,8,1,1,0.009506,0.16,0.036629,USD,False
2026-07-21,2026-07-21T19:52:19Z,Azure Kubernetes Service,swedencentral,8,1,1,0.009506,0.16,0.036629,USD,False
2026-07-21,2026-07-21T19:52:19Z,Azure Kubernetes Service,westeurope,8,1,1,0.010456,0.16,0.03829175,USD,False
2026-07-21,2026-07-21T19:52:19Z,Azure Kubernetes Service,westus2,8,1,1,0.007312,0.16,0.0327915,USD,False
2026-07-21,2026-07-21T19:52:19Z,Functions,australiaeast,9,2,3,0.0,0.182,0.02167433,USD,False
2026-07-21,2026-07-21T19:52:19Z,Functions,brazilsouth,9,2,3,0.0,0.183,0.02179656,USD,False
2026-07-21,2026-07-21T19:52:19Z,Functions,eastus,9,2,3,0.0,0.173,0.02059489,USD,False
2026-07-21,2026-07-21T19:52:19Z,Functions,eastus2,9,2,3,0.0,0.16,0.01905044,USD,False
2026-07-21,2026-07-21T19:52:19Z,Functions,japaneast,9,2,3,0.0,0.196,0.02333933,USD,False
2026-07-21,2026-07-21T19:52:19Z,Functions,northeurope,9,2,3,0.0,0.167,0.01988378,USD,False
2026-07-21,2026-07-21T19:52:19Z,Functions,southeastasia,9,2,3,0.0,0.178,0.02119656,USD,False
2026-07-21,2026-07-21T19:52:19Z,Functions,swedencentral,9,2,3,0.0,0.169,0.02012822,USD,False
2026-07-21,2026-07-21T19:52:19Z,Functions,westeurope,9,2,3,0.0,0.169,0.02012822,USD,False
2026-07-21,2026-07-21T19:52:19Z,Functions,westus2,9,2,3,0.0,0.16,0.01905044,USD,False
2026-07-21,2026-07-21T19:52:19Z,Load Balancer,australiaeast,0,0,0,,,,USD,False
2026-07-21,2026-07-21T19:52:19Z,Load Balancer,brazilsouth,0,0,0,,,,USD,False
2026-07-21,2026-07-21T19:52:19Z,Load Balancer,eastus,0,0,0,,,,USD,False
2026-07-21,2026-07-21T19:52:19Z,Load Balancer,eastus2,0,0,0,,,,USD,False
2026-07-21,2026-07-21T19:52:19Z,Load Balancer,japaneast,0,0,0,,,,USD,False
2026-07-21,2026-07-21T19:52:19Z,Load Balancer,northeurope,0,0,0,,,,USD,False
2026-07-21,2026-07-21T19:52:19Z,Load Balancer,southeastasia,0,0,0,,,,USD,False
2026-07-21,2026-07-21T19:52:19Z,Load Balancer,swedencentral,0,0,0,,,,USD,False
2026-07-21,2026-07-21T19:52:19Z,Load Balancer,westeurope,0,0,0,,,,USD,False
2026-07-21,2026-07-21T19:52:19Z,Load Balancer,westus2,0,0,0,,,,USD,False
2026-07-21,2026-07-21T19:52:19Z,SQL Database,australiaeast,154,37,77,0.0,571.408,22.78711522,USD,False
2026-07-21,2026-07-21T19:52:19Z,SQL Database,brazilsouth,109,35,71,0.0,627.26,31.3701431,USD,False
2026-07-21,2026-07-21T19:52:19Z,SQL Database,eastus,113,30,37,0.0,24.36,2.87434587,USD,False
2026-07-21,2026-07-21T19:52:19Z,SQL Database,eastus2,108,29,36,0.0,24.36,2.98343595,USD,False
2026-07-21,2026-07-21T19:52:19Z,SQL Database,japaneast,150,37,75,0.0,584.208,23.84588713,USD,False
2026-07-21,2026-07-21T19:52:19Z,SQL Database,northeurope,113,30,37,0.0,29.22,3.43563935,USD,False
2026-07-21,2026-07-21T19:52:19Z,SQL Database,southeastasia,111,29,37,0.0,31.66,3.77798125,USD,False
2026-07-21,2026-07-21T19:52:19Z,SQL Database,swedencentral,106,30,74,0.0,516.128,26.50978892,USD,False
2026-07-21,2026-07-21T19:52:19Z,SQL Database,westeurope,113,30,37,0.0,31.66,3.72220855,USD,False
2026-07-21,2026-07-21T19:52:19Z,SQL Database,westus2,111,29,37,0.0,24.36,2.91339714,USD,False
2026-07-21,2026-07-21T19:52:19Z,Storage,australiaeast,200,23,68,0.0,3342.34,23.89177272,USD,True
2026-07-21,2026-07-21T19:52:19Z,Storage,brazilsouth,200,27,62,0.0,4669.71,74.65290366,USD,True
2026-07-21,2026-07-21T19:52:19Z,Storage,eastus,200,28,70,0.0,3686.4,51.35685995,USD,False
2026-07-21,2026-07-21T19:52:19Z,Storage,eastus2,200,25,72,0.0,3686.4,24.146832,USD,False
2026-07-21,2026-07-21T19:52:19Z,Storage,japaneast,200,26,71,0.0,3109.035,41.43337182,USD,False
2026-07-21,2026-07-21T19:52:19Z,Storage,northeurope,200,26,69,0.0,3604.11,53.98662846,USD,False
2026-07-21,2026-07-21T19:52:19Z,Storage,southeastasia,200,28,79,0.0,3686.4,33.44616051,USD,False
2026-07-21,2026-07-21T19:52:19Z,Storage,swedencentral,200,26,76,0.0,3686.4,31.87963216,USD,True
2026-07-21,2026-07-21T19:52:19Z,Storage,westeurope,200,25,73,0.0,1982.17,32.12951834,USD,False
2026-07-21,2026-07-21T19:52:19Z,Storage,westus2,200,26,73,0.0,3686.4,34.08984903,USD,False
2026-07-21,2026-07-21T19:52:19Z,Virtual Machines,australiaeast,200,135,193,0.014026,41.918,2.83286248,USD,True
2026-07-21,2026-07-21T19:52:19Z,Virtual Machines,brazilsouth,200,139,196,0.00303,133.07446,4.96300965,USD,True
2026-07-21,2026-07-21T19:52:19Z,Virtual Machines,eastus,200,143,198,0.0,117.7788,3.82724009,USD,True
2026-07-21,2026-07-21T19:52:19Z,Virtual Machines,eastus2,200,147,200,0.00846,116.052,4.11606928,USD,True
2026-07-21,2026-07-21T19:52:19Z,Virtual Machines,japaneast,200,129,198,0.00864,179.244241,4.59030583,USD,True
2026-07-21,2026-07-21T19:52:19Z,Virtual Machines,northeurope,200,149,200,0.00204,71.50672,2.78813447,USD,True
2026-07-21,2026-07-21T19:52:19Z,Virtual Machines,southeastasia,200,141,198,0.021067,213.0211,6.19528376,USD,True
2026-07-21,2026-07-21T19:52:19Z,Virtual Machines,swedencentral,200,127,198,0.011,196.6272,4.39852564,USD,True
2026-07-21,2026-07-21T19:52:19Z,Virtual Machines,westeurope,200,135,199,0.00216,147.07536,6.45596616,USD,True
2026-07-21,2026-07-21T19:52:19Z,Virtual Machines,westus2,200,151,196,0.004,451.616,7.56518789,USD,True
2026-07-22,2026-07-22T19:45:03Z,Application Gateway,australiaeast,22,8,5,0.008,0.522,0.15022182,USD,False
2026-07-22,2026-07-22T19:45:03Z,Application Gateway,brazilsouth,18,7,5,0.008,0.72,0.20858,USD,False
2026-07-22,2026-07-22T19:45:03Z,Application Gateway,eastus,22,8,5,0.008,0.448,0.12017727,USD,False
2026-07-22,2026-07-22T19:45:03Z,Application Gateway,eastus2,22,8,5,0.008,0.448,0.12017727,USD,False
2026-07-22,2026-07-22T19:45:03Z,Application Gateway,japaneast,18,7,5,0.008,0.522,0.16874278,USD,False
2026-07-22,2026-07-22T19:45:03Z,Application Gateway,northeurope,22,8,5,0.008,0.50176,0.13672182,USD,False
2026-07-22,2026-07-22T19:45:03Z,Application Gateway,southeastasia,22,8,5,0.008,0.50176,0.14207636,USD,False
2026-07-22,2026-07-22T19:45:03Z,Application Gateway,swedencentral,18,7,5,0.0076,0.50176,0.16225667,USD,False
2026-07-22,2026-07-22T19:45:03Z,Application Gateway,westeurope,22,8,5,0.008,0.50176,0.14206727,USD,False
2026-07-22,2026-07-22T19:45:03Z,Application Gateway,westus2,18,7,5,0.008,0.448,0.13827222,USD,False
2026-07-22,2026-07-22T19:45:03Z,Azure App Service,australiaeast,124,20,67,0.016,80.0,3.33422719,USD,False
2026-07-22,2026-07-22T19:45:03Z,Azure App Service,brazilsouth,102,18,56,0.0158,80.0,2.96177998,USD,False
2026-07-22,2026-07-22T19:45:03Z,Azure App Service,eastus,113,16,62,0.017,80.0,3.05313451,USD,False
2026-07-22,2026-07-22T19:45:03Z,Azure App Service,eastus2,117,17,63,0.0,80.0,3.02458982,USD,False
2026-07-22,2026-07-22T19:45:03Z,Azure App Service,japaneast,128,21,68,0.0,80.0,3.31481827,USD,False
2026-07-22,2026-07-22T19:45:03Z,Azure App Service,northeurope,113,16,62,0.018,80.0,3.45700196,USD,False
2026-07-22,2026-07-22T19:45:03Z,Azure App Service,southeastasia,113,16,62,0.018,80.0,3.50719758,USD,False
2026-07-22,2026-07-22T19:45:03Z,Azure App Service,swedencentral,111,17,60,0.0,80.0,3.06190559,USD,False
2026-07-22,2026-07-22T19:45:03Z,Azure App Service,westeurope,117,17,63,0.0,80.0,3.48324291,USD,False
2026-07-22,2026-07-22T19:45:03Z,Azure App Service,westus2,117,17,63,0.0,80.0,3.01730191,USD,False
2026-07-22,2026-07-22T19:45:03Z,Azure Cosmos DB,australiaeast,106,14,81,0.0,32.553,2.54770911,USD,False
2026-07-22,2026-07-22T19:45:03Z,Azure Cosmos DB,brazilsouth,103,14,78,0.0,44.9,3.58415748,USD,False
2026-07-22,2026-07-22T19:45:03Z,Azure Cosmos DB,eastus,99,14,76,0.0,22.45,2.07406196,USD,False
2026-07-22,2026-07-22T19:45:03Z,Azure Cosmos DB,eastus2,99,14,76,0.0,22.45,2.07625388,USD,False
2026-07-22,2026-07-22T19:45:03Z,Azure Cosmos DB,japaneast,106,14,81,0.0,32.553,2.5569471,USD,False
2026-07-22,2026-07-22T19:45:03Z,Azure Cosmos DB,northeurope,106,14,81,0.0,26.94,2.21805191,USD,False
2026-07-22,2026-07-22T19:45:03Z,Azure Cosmos DB,southeastasia,106,14,81,0.0,29.185,2.30645925,USD,False
2026-07-22,2026-07-22T19:45:03Z,Azure Cosmos DB,swedencentral,97,14,73,0.0,29.185,2.587158,USD,False
2026-07-22,2026-07-22T19:45:03Z,Azure Cosmos DB,westeurope,106,14,81,0.0,29.185,2.39201482,USD,False
2026-07-22,2026-07-22T19:45:03Z,Azure Cosmos DB,westus2,99,14,76,0.0,22.45,2.04923503,USD,False
2026-07-22,2026-07-22T19:45:03Z,Azure Database for PostgreSQL,australiaeast,110,41,51,0.0,76.343,4.2150551,USD,False
2026-07-22,2026-07-22T19:45:03Z,Azure Database for PostgreSQL,brazilsouth,114,43,51,0.0,133.345,6.61975691,USD,False
2026-07-22,2026-07-22T19:45:03Z,Azure Database for PostgreSQL,eastus,113,43,51,0.0,63.619,3.34446829,USD,False
2026-07-22,2026-07-22T19:45:03Z,Azure Database for PostgreSQL,eastus2,114,44,51,0.0,63.619,3.31846857,USD,False
2026-07-22,2026-07-22T19:45:03Z,Azure Database for PostgreSQL,japaneast,113,43,51,0.0,76.343,4.10567701,USD,False
2026-07-22,2026-07-22T19:45:03Z,Azure Database for PostgreSQL,northeurope,115,45,51,0.0,71.253,3.6713461,USD,False
2026-07-22,2026-07-22T19:45:03Z,Azure Database for PostgreSQL,southeastasia,113,43,51,0.0,76.343,4.10288261,USD,False
2026-07-22,2026-07-22T19:45:03Z,Azure Database for PostgreSQL,swedencentral,107,41,50,0.0,65.4,3.62892189,USD,False
2026-07-22,2026-07-22T19:45:03Z,Azure Database for PostgreSQL,westeurope,117,47,51,0.0,77.615,3.92131902,USD,False
2026-07-22,2026-07-22T19:45:03Z,Azure Database for PostgreSQL,westus2,110,41,51,0.0,63.619,3.43423015,USD,False
2026-07-22,2026-07-22T19:45:03Z,Azure Kubernetes Service,australiaeast,8,1,1,0.010602,0.16,0.0385475,USD,False
2026-07-22,2026-07-22T19:45:03Z,Azure Kubernetes Service,brazilsouth,8,1,1,0.014624,0.16,0.045583,USD,False
2026-07-22,2026-07-22T19:45:03Z,Azure Kubernetes Service,eastus,9,2,2,0.007312,0.6,0.09581467,USD,False
2026-07-22,2026-07-22T19:45:03Z,Azure Kubernetes Service,eastus2,8,1,1,0.007312,0.16,0.0327915,USD,False
2026-07-22,2026-07-22T19:45:03Z,Azure Kubernetes Service,japaneast,8,1,1,0.010602,0.16,0.0385475,USD,False
2026-07-22,2026-07-22T19:45:03Z,Azure Kubernetes Service,northeurope,8,1,1,0.008774,0.16,0.0353495,USD,False
2026-07-22,2026-07-22T19:45:03Z,Azure Kubernetes Service,southeastasia,8,1,1,0.009506,0.16,0.036629,USD,False
2026-07-22,2026-07-22T19:45:03Z,Azure Kubernetes Service,swedencentral,8,1,1,0.009506,0.16,0.036629,USD,False
2026-07-22,2026-07-22T19:45:03Z,Azure Kubernetes Service,westeurope,8,1,1,0.010456,0.16,0.03829175,USD,False
2026-07-22,2026-07-22T19:45:03Z,Azure Kubernetes Service,westus2,8,1,1,0.007312,0.16,0.0327915,USD,False
2026-07-22,2026-07-22T19:45:03Z,Functions,australiaeast,9,2,3,0.0,0.182,0.02167433,USD,False
2026-07-22,2026-07-22T19:45:03Z,Functions,brazilsouth,9,2,3,0.0,0.183,0.02179656,USD,False
2026-07-22,2026-07-22T19:45:03Z,Functions,eastus,9,2,3,0.0,0.173,0.02059489,USD,False
2026-07-22,2026-07-22T19:45:03Z,Functions,eastus2,9,2,3,0.0,0.16,0.01905044,USD,False
2026-07-22,2026-07-22T19:45:03Z,Functions,japaneast,9,2,3,0.0,0.196,0.02333933,USD,False
2026-07-22,2026-07-22T19:45:03Z,Functions,northeurope,9,2,3,0.0,0.167,0.01988378,USD,False
2026-07-22,2026-07-22T19:45:03Z,Functions,southeastasia,9,2,3,0.0,0.178,0.02119656,USD,False
2026-07-22,2026-07-22T19:45:03Z,Functions,swedencentral,9,2,3,0.0,0.169,0.02012822,USD,False
2026-07-22,2026-07-22T19:45:03Z,Functions,westeurope,9,2,3,0.0,0.169,0.02012822,USD,False
2026-07-22,2026-07-22T19:45:03Z,Functions,westus2,9,2,3,0.0,0.16,0.01905044,USD,False
2026-07-22,2026-07-22T19:45:03Z,Load Balancer,australiaeast,0,0,0,,,,USD,False
2026-07-22,2026-07-22T19:45:03Z,Load Balancer,brazilsouth,0,0,0,,,,USD,False
2026-07-22,2026-07-22T19:45:03Z,Load Balancer,eastus,0,0,0,,,,USD,False
2026-07-22,2026-07-22T19:45:03Z,Load Balancer,eastus2,0,0,0,,,,USD,False
2026-07-22,2026-07-22T19:45:03Z,Load Balancer,japaneast,0,0,0,,,,USD,False
2026-07-22,2026-07-22T19:45:03Z,Load Balancer,northeurope,0,0,0,,,,USD,False
2026-07-22,2026-07-22T19:45:03Z,Load Balancer,southeastasia,0,0,0,,,,USD,False
2026-07-22,2026-07-22T19:45:03Z,Load Balancer,swedencentral,0,0,0,,,,USD,False
2026-07-22,2026-07-22T19:45:03Z,Load Balancer,westeurope,0,0,0,,,,USD,False
2026-07-22,2026-07-22T19:45:03Z,Load Balancer,westus2,0,0,0,,,,USD,False
2026-07-22,2026-07-22T19:45:03Z,SQL Database,australiaeast,154,37,77,0.0,571.408,22.78711522,USD,False
2026-07-22,2026-07-22T19:45:03Z,SQL Database,brazilsouth,109,35,71,0.0,627.26,31.3701431,USD,False
2026-07-22,2026-07-22T19:45:03Z,SQL Database,eastus,113,30,37,0.0,24.36,2.87434587,USD,False
2026-07-22,2026-07-22T19:45:03Z,SQL Database,eastus2,108,29,36,0.0,24.36,2.98343595,USD,False
2026-07-22,2026-07-22T19:45:03Z,SQL Database,japaneast,150,37,75,0.0,584.208,23.84588713,USD,False
2026-07-22,2026-07-22T19:45:03Z,SQL Database,northeurope,113,30,37,0.0,29.22,3.43563935,USD,False
2026-07-22,2026-07-22T19:45:03Z,SQL Database,southeastasia,111,29,37,0.0,31.66,3.77798125,USD,False
2026-07-22,2026-07-22T19:45:03Z,SQL Database,swedencentral,106,30,74,0.0,516.128,26.50978892,USD,False
2026-07-22,2026-07-22T19:45:03Z,SQL Database,westeurope,113,30,37,0.0,31.66,3.72220855,USD,False
2026-07-22,2026-07-22T19:45:03Z,SQL Database,westus2,111,29,37,0.0,24.36,2.91339714,USD,False
2026-07-22,2026-07-22T19:45:03Z,Storage,australiaeast,200,23,68,0.0,3342.34,23.89177272,USD,True
2026-07-22,2026-07-22T19:45:03Z,Storage,brazilsouth,200,27,62,0.0,4669.71,74.65290366,USD,True
2026-07-22,2026-07-22T19:45:03Z,Storage,eastus,200,28,70,0.0,3686.4,51.35685995,USD,False
2026-07-22,2026-07-22T19:45:03Z,Storage,eastus2,200,25,72,0.0,3686.4,24.146832,USD,False
2026-07-22,2026-07-22T19:45:03Z,Storage,japaneast,200,26,71,0.0,3109.035,41.43337182,USD,False
2026-07-22,2026-07-22T19:45:03Z,Storage,northeurope,200,26,69,0.0,3604.11,53.98662846,USD,False
2026-07-22,2026-07-22T19:45:03Z,Storage,southeastasia,200,28,79,0.0,3686.4,33.44616051,USD,False
2026-07-22,2026-07-22T19:45:03Z,Storage,swedencentral,200,26,76,0.0,3686.4,31.87963216,USD,True
2026-07-22,2026-07-22T19:45:03Z,Storage,westeurope,200,25,73,0.0,1982.17,32.12951834,USD,False
2026-07-22,2026-07-22T19:45:03Z,Storage,westus2,200,26,73,0.0,3686.4,34.08984903,USD,False
2026-07-22,2026-07-22T19:45:03Z,Virtual Machines,australiaeast,200,135,193,0.014026,41.918,2.83286248,USD,True
2026-07-22,2026-07-22T19:45:03Z,Virtual Machines,brazilsouth,200,139,196,0.00303,133.07446,4.96300965,USD,True
2026-07-22,2026-07-22T19:45:03Z,Virtual Machines,eastus,200,143,198,0.0,117.7788,3.82724009,USD,True
2026-07-22,2026-07-22T19:45:03Z,Virtual Machines,eastus2,200,147,200,0.00846,116.052,4.11606928,USD,True
2026-07-22,2026-07-22T19:45:03Z,Virtual Machines,japaneast,200,129,198,0.00864,179.244241,4.59030583,USD,True
2026-07-22,2026-07-22T19:45:03Z,Virtual Machines,northeurope,200,149,200,0.00204,71.50672,2.78813447,USD,True
2026-07-22,2026-07-22T19:45:03Z,Virtual Machines,southeastasia,200,141,198,0.021067,213.0211,6.19528376,USD,True
2026-07-22,2026-07-22T19:45:03Z,Virtual Machines,swedencentral,200,127,198,0.011,196.6272,4.39852564,USD,True
2026-07-22,2026-07-22T19:45:03Z,Virtual Machines,westeurope,200,135,199,0.00216,147.07536,6.45596616,USD,True
2026-07-22,2026-07-22T19:45:03Z,Virtual Machines,westus2,200,151,196,0.004,451.616,7.56518789,USD,True
2026-07-23,2026-07-23T19:46:40Z,Application Gateway,australiaeast,22,8,5,0.008,0.522,0.15022182,USD,False
2026-07-23,2026-07-23T19:46:40Z,Application Gateway,brazilsouth,18,7,5,0.008,0.72,0.20858,USD,False
2026-07-23,2026-07-23T19:46:40Z,Application Gateway,eastus,22,8,5,0.008,0.448,0.12017727,USD,False
2026-07-23,2026-07-23T19:46:40Z,Application Gateway,eastus2,22,8,5,0.008,0.448,0.12017727,USD,False
2026-07-23,2026-07-23T19:46:40Z,Application Gateway,japaneast,18,7,5,0.008,0.522,0.16874278,USD,False
2026-07-23,2026-07-23T19:46:40Z,Application Gateway,northeurope,22,8,5,0.008,0.50176,0.13672182,USD,False
2026-07-23,2026-07-23T19:46:40Z,Application Gateway,southeastasia,22,8,5,0.008,0.50176,0.14207636,USD,False
2026-07-23,2026-07-23T19:46:40Z,Application Gateway,swedencentral,18,7,5,0.0076,0.50176,0.16225667,USD,False
2026-07-23,2026-07-23T19:46:40Z,Application Gateway,westeurope,22,8,5,0.008,0.50176,0.14206727,USD,False
2026-07-23,2026-07-23T19:46:40Z,Application Gateway,westus2,18,7,5,0.008,0.448,0.13827222,USD,False
2026-07-23,2026-07-23T19:46:40Z,Azure App Service,australiaeast,124,20,67,0.016,80.0,3.33422719,USD,False
2026-07-23,2026-07-23T19:46:40Z,Azure App Service,brazilsouth,102,18,56,0.0158,80.0,2.96177998,USD,False
2026-07-23,2026-07-23T19:46:40Z,Azure App Service,eastus,113,16,62,0.017,80.0,3.05313451,USD,False
2026-07-23,2026-07-23T19:46:40Z,Azure App Service,eastus2,117,17,63,0.0,80.0,3.02458982,USD,False
2026-07-23,2026-07-23T19:46:40Z,Azure App Service,japaneast,128,21,68,0.0,80.0,3.31481827,USD,False
2026-07-23,2026-07-23T19:46:40Z,Azure App Service,northeurope,113,16,62,0.018,80.0,3.45700196,USD,False
2026-07-23,2026-07-23T19:46:40Z,Azure App Service,southeastasia,113,16,62,0.018,80.0,3.50719758,USD,False
2026-07-23,2026-07-23T19:46:40Z,Azure App Service,swedencentral,111,17,60,0.0,80.0,3.06190559,USD,False
2026-07-23,2026-07-23T19:46:40Z,Azure App Service,westeurope,117,17,63,0.0,80.0,3.48324291,USD,False
2026-07-23,2026-07-23T19:46:40Z,Azure App Service,westus2,117,17,63,0.0,80.0,3.01730191,USD,False
2026-07-23,2026-07-23T19:46:40Z,Azure Cosmos DB,australiaeast,106,14,81,0.0,32.553,2.54770911,USD,False
2026-07-23,2026-07-23T19:46:40Z,Azure Cosmos DB,brazilsouth,103,14,78,0.0,44.9,3.58415748,USD,False
2026-07-23,2026-07-23T19:46:40Z,Azure Cosmos DB,eastus,99,14,76,0.0,22.45,2.07406196,USD,False
2026-07-23,2026-07-23T19:46:40Z,Azure Cosmos DB,eastus2,99,14,76,0.0,22.45,2.07625388,USD,False
2026-07-23,2026-07-23T19:46:40Z,Azure Cosmos DB,japaneast,106,14,81,0.0,32.553,2.5569471,USD,False
2026-07-23,2026-07-23T19:46:40Z,Azure Cosmos DB,northeurope,106,14,81,0.0,26.94,2.21805191,USD,False
2026-07-23,2026-07-23T19:46:40Z,Azure Cosmos DB,southeastasia,106,14,81,0.0,29.185,2.30645925,USD,False
2026-07-23,2026-07-23T19:46:40Z,Azure Cosmos DB,swedencentral,97,14,73,0.0,29.185,2.587158,USD,False
2026-07-23,2026-07-23T19:46:40Z,Azure Cosmos DB,westeurope,106,14,81,0.0,29.185,2.39201482,USD,False
2026-07-23,2026-07-23T19:46:40Z,Azure Cosmos DB,westus2,99,14,76,0.0,22.45,2.04923503,USD,False
2026-07-23,2026-07-23T19:46:40Z,Azure Database for PostgreSQL,australiaeast,110,41,51,0.0,76.343,4.2150551,USD,False
2026-07-23,2026-07-23T19:46:40Z,Azure Database for PostgreSQL,brazilsouth,114,43,51,0.0,133.345,6.61975691,USD,False
2026-07-23,2026-07-23T19:46:40Z,Azure Database for PostgreSQL,eastus,113,43,51,0.0,63.619,3.34446829,USD,False
2026-07-23,2026-07-23T19:46:40Z,Azure Database for PostgreSQL,eastus2,114,44,51,0.0,63.619,3.31846857,USD,False
2026-07-23,2026-07-23T19:46:40Z,Azure Database for PostgreSQL,japaneast,113,43,51,0.0,76.343,4.10567701,USD,False
2026-07-23,2026-07-23T19:46:40Z,Azure Database for PostgreSQL,northeurope,115,45,51,0.0,71.253,3.6713461,USD,False
2026-07-23,2026-07-23T19:46:40Z,Azure Database for PostgreSQL,southeastasia,113,43,51,0.0,76.343,4.10288261,USD,False
2026-07-23,2026-07-23T19:46:40Z,Azure Database for PostgreSQL,swedencentral,107,41,50,0.0,65.4,3.62892189,USD,False
2026-07-23,2026-07-23T19:46:40Z,Azure Database for PostgreSQL,westeurope,117,47,51,0.0,77.615,3.92131902,USD,False
2026-07-23,2026-07-23T19:46:40Z,Azure Database for PostgreSQL,westus2,110,41,51,0.0,63.619,3.43423015,USD,False
2026-07-23,2026-07-23T19:46:40Z,Azure Kubernetes Service,australiaeast,8,1,1,0.010602,0.16,0.0385475,USD,False
2026-07-23,2026-07-23T19:46:40Z,Azure Kubernetes Service,brazilsouth,8,1,1,0.014624,0.16,0.045583,USD,False
2026-07-23,2026-07-23T19:46:40Z,Azure Kubernetes Service,eastus,9,2,2,0.007312,0.6,0.09581467,USD,False
2026-07-23,2026-07-23T19:46:40Z,Azure Kubernetes Service,eastus2,8,1,1,0.007312,0.16,0.0327915,USD,False
2026-07-23,2026-07-23T19:46:40Z,Azure Kubernetes Service,japaneast,8,1,1,0.010602,0.16,0.0385475,USD,False
2026-07-23,2026-07-23T19:46:40Z,Azure Kubernetes Service,northeurope,8,1,1,0.008774,0.16,0.0353495,USD,False
2026-07-23,2026-07-23T19:46:40Z,Azure Kubernetes Service,southeastasia,8,1,1,0.009506,0.16,0.036629,USD,False
2026-07-23,2026-07-23T19:46:40Z,Azure Kubernetes Service,swedencentral,8,1,1,0.009506,0.16,0.036629,USD,False
2026-07-23,2026-07-23T19:46:40Z,Azure Kubernetes Service,westeurope,8,1,1,0.010456,0.16,0.03829175,USD,False
2026-07-23,2026-07-23T19:46:40Z,Azure Kubernetes Service,westus2,8,1,1,0.007312,0.16,0.0327915,USD,False
2026-07-23,2026-07-23T19:46:40Z,Functions,australiaeast,9,2,3,0.0,0.182,0.02167433,USD,False
2026-07-23,2026-07-23T19:46:40Z,Functions,brazilsouth,9,2,3,0.0,0.183,0.02179656,USD,False
2026-07-23,2026-07-23T19:46:40Z,Functions,eastus,9,2,3,0.0,0.173,0.02059489,USD,False
2026-07-23,2026-07-23T19:46:40Z,Functions,eastus2,9,2,3,0.0,0.16,0.01905044,USD,False
2026-07-23,2026-07-23T19:46:40Z,Functions,japaneast,9,2,3,0.0,0.196,0.02333933,USD,False
2026-07-23,2026-07-23T19:46:40Z,Functions,northeurope,9,2,3,0.0,0.167,0.01988378,USD,False
2026-07-23,2026-07-23T19:46:40Z,Functions,southeastasia,9,2,3,0.0,0.178,0.02119656,USD,False
2026-07-23,2026-07-23T19:46:40Z,Functions,swedencentral,9,2,3,0.0,0.169,0.02012822,USD,False
2026-07-23,2026-07-23T19:46:40Z,Functions,westeurope,9,2,3,0.0,0.169,0.02012822,USD,False
2026-07-23,2026-07-23T19:46:40Z,Functions,westus2,9,2,3,0.0,0.16,0.01905044,USD,False
2026-07-23,2026-07-23T19:46:40Z,Load Balancer,australiaeast,0,0,0,,,,USD,False
2026-07-23,2026-07-23T19:46:40Z,Load Balancer,brazilsouth,0,0,0,,,,USD,False
2026-07-23,2026-07-23T19:46:40Z,Load Balancer,eastus,0,0,0,,,,USD,False
2026-07-23,2026-07-23T19:46:40Z,Load Balancer,eastus2,0,0,0,,,,USD,False
2026-07-23,2026-07-23T19:46:40Z,Load Balancer,japaneast,0,0,0,,,,USD,False
2026-07-23,2026-07-23T19:46:40Z,Load Balancer,northeurope,0,0,0,,,,USD,False
2026-07-23,2026-07-23T19:46:40Z,Load Balancer,southeastasia,0,0,0,,,,USD,False
2026-07-23,2026-07-23T19:46:40Z,Load Balancer,swedencentral,0,0,0,,,,USD,False
2026-07-23,2026-07-23T19:46:40Z,Load Balancer,westeurope,0,0,0,,,,USD,False
2026-07-23,2026-07-23T19:46:40Z,Load Balancer,westus2,0,0,0,,,,USD,False
2026-07-23,2026-07-23T19:46:40Z,SQL Database,australiaeast,154,37,77,0.0,571.408,22.78711522,USD,False
2026-07-23,2026-07-23T19:46:40Z,SQL Database,brazilsouth,109,35,71,0.0,627.26,31.3701431,USD,False
2026-07-23,2026-07-23T19:46:40Z,SQL Database,eastus,113,30,37,0.0,24.36,2.87434587,USD,False
2026-07-23,2026-07-23T19:46:40Z,SQL Database,eastus2,108,29,36,0.0,24.36,2.98343595,USD,False
2026-07-23,2026-07-23T19:46:40Z,SQL Database,japaneast,150,37,75,0.0,584.208,23.84588713,USD,False
2026-07-23,2026-07-23T19:46:40Z,SQL Database,northeurope,113,30,37,0.0,29.22,3.43563935,USD,False
2026-07-23,2026-07-23T19:46:40Z,SQL Database,southeastasia,111,29,37,0.0,31.66,3.77798125,USD,False
2026-07-23,2026-07-23T19:46:40Z,SQL Database,swedencentral,106,30,74,0.0,516.128,26.50978892,USD,False
2026-07-23,2026-07-23T19:46:40Z,SQL Database,westeurope,113,30,37,0.0,31.66,3.72220855,USD,False
2026-07-23,2026-07-23T19:46:40Z,SQL Database,westus2,111,29,37,0.0,24.36,2.91339714,USD,False
2026-07-23,2026-07-23T19:46:40Z,Storage,australiaeast,200,23,68,0.0,3342.34,23.89177272,USD,True
2026-07-23,2026-07-23T19:46:40Z,Storage,brazilsouth,200,27,62,0.0,4669.71,74.65290366,USD,True
2026-07-23,2026-07-23T19:46:40Z,Storage,eastus,200,28,70,0.0,3686.4,51.35685995,USD,False
2026-07-23,2026-07-23T19:46:40Z,Storage,eastus2,200,25,72,0.0,3686.4,24.146832,USD,False
2026-07-23,2026-07-23T19:46:40Z,Storage,japaneast,200,26,71,0.0,3109.035,41.43337182,USD,False
2026-07-23,2026-07-23T19:46:40Z,Storage,northeurope,200,26,69,0.0,3604.11,53.98662846,USD,False
2026-07-23,2026-07-23T19:46:40Z,Storage,southeastasia,200,28,79,0.0,3686.4,33.44616051,USD,False
2026-07-23,2026-07-23T19:46:40Z,Storage,swedencentral,200,26,76,0.0,3686.4,31.87963216,USD,True
2026-07-23,2026-07-23T19:46:40Z,Storage,westeurope,200,25,73,0.0,1982.17,32.12951834,USD,False
2026-07-23,2026-07-23T19:46:40Z,Storage,westus2,200,26,73,0.0,3686.4,34.08984903,USD,False
2026-07-23,2026-07-23T19:46:40Z,Virtual Machines,australiaeast,200,135,193,0.014026,41.918,2.83286248,USD,True
2026-07-23,2026-07-23T19:46:40Z,Virtual Machines,brazilsouth,200,139,196,0.00303,133.07446,4.96300965,USD,True
2026-07-23,2026-07-23T19:46:40Z,Virtual Machines,eastus,200,143,198,0.0,117.7788,3.82724009,USD,True
2026-07-23,2026-07-23T19:46:40Z,Virtual Machines,eastus2,200,147,200,0.00846,116.052,4.11606928,USD,True
2026-07-23,2026-07-23T19:46:40Z,Virtual Machines,japaneast,200,129,198,0.00864,179.244241,4.59030583,USD,True
2026-07-23,2026-07-23T19:46:40Z,Virtual Machines,northeurope,200,149,200,0.00204,71.50672,2.78813447,USD,True
2026-07-23,2026-07-23T19:46:40Z,Virtual Machines,southeastasia,200,141,198,0.021067,213.0211,6.19528376,USD,True
2026-07-23,2026-07-23T19:46:40Z,Virtual Machines,swedencentral,200,127,198,0.011,196.6272,4.39852564,USD,True
2026-07-23,2026-07-23T19:46:40Z,Virtual Machines,westeurope,200,135,199,0.00216,147.07536,6.45596616,USD,True
2026-07-23,2026-07-23T19:46:40Z,Virtual Machines,westus2,200,151,196,0.004,451.616,7.56518789,USD,True
2026-07-24,2026-07-24T19:47:33Z,Application Gateway,australiaeast,22,8,5,0.008,0.522,0.15022182,USD,False
2026-07-24,2026-07-24T19:47:33Z,Application Gateway,brazilsouth,18,7,5,0.008,0.72,0.20858,USD,False
2026-07-24,2026-07-24T19:47:33Z,Application Gateway,eastus,22,8,5,0.008,0.448,0.12017727,USD,False
2026-07-24,2026-07-24T19:47:33Z,Application Gateway,eastus2,22,8,5,0.008,0.448,0.12017727,USD,False
2026-07-24,2026-07-24T19:47:33Z,Application Gateway,japaneast,18,7,5,0.008,0.522,0.16874278,USD,False
2026-07-24,2026-07-24T19:47:33Z,Application Gateway,northeurope,22,8,5,0.008,0.50176,0.13672182,USD,False
2026-07-24,2026-07-24T19:47:33Z,Application Gateway,southeastasia,22,8,5,0.008,0.50176,0.14207636,USD,False
2026-07-24,2026-07-24T19:47:33Z,Application Gateway,swedencentral,18,7,5,0.0076,0.50176,0.16225667,USD,False
2026-07-24,2026-07-24T19:47:33Z,Application Gateway,westeurope,22,8,5,0.008,0.50176,0.14206727,USD,False
2026-07-24,2026-07-24T19:47:33Z,Application Gateway,westus2,18,7,5,0.008,0.448,0.13827222,USD,False
2026-07-24,2026-07-24T19:47:33Z,Azure App Service,australiaeast,124,20,67,0.016,80.0,3.33422719,USD,False
2026-07-24,2026-07-24T19:47:33Z,Azure App Service,brazilsouth,102,18,56,0.0158,80.0,2.96177998,USD,False
2026-07-24,2026-07-24T19:47:33Z,Azure App Service,eastus,113,16,62,0.017,80.0,3.05313451,USD,False
2026-07-24,2026-07-24T19:47:33Z,Azure App Service,eastus2,117,17,63,0.0,80.0,3.02458982,USD,False
2026-07-24,2026-07-24T19:47:33Z,Azure App Service,japaneast,128,21,68,0.0,80.0,3.31481827,USD,False
2026-07-24,2026-07-24T19:47:33Z,Azure App Service,northeurope,113,16,62,0.018,80.0,3.45700196,USD,False
2026-07-24,2026-07-24T19:47:33Z,Azure App Service,southeastasia,113,16,62,0.018,80.0,3.50719758,USD,False
2026-07-24,2026-07-24T19:47:33Z,Azure App Service,swedencentral,111,17,60,0.0,80.0,3.06190559,USD,False
2026-07-24,2026-07-24T19:47:33Z,Azure App Service,westeurope,117,17,63,0.0,80.0,3.48324291,USD,False
2026-07-24,2026-07-24T19:47:33Z,Azure App Service,westus2,117,17,63,0.0,80.0,3.01730191,USD,False
2026-07-24,2026-07-24T19:47:33Z,Azure Cosmos DB,australiaeast,106,14,81,0.0,32.553,2.54770911,USD,False
2026-07-24,2026-07-24T19:47:33Z,Azure Cosmos DB,brazilsouth,103,14,78,0.0,44.9,3.58415748,USD,False
2026-07-24,2026-07-24T19:47:33Z,Azure Cosmos DB,eastus,99,14,76,0.0,22.45,2.07406196,USD,False
2026-07-24,2026-07-24T19:47:33Z,Azure Cosmos DB,eastus2,99,14,76,0.0,22.45,2.07625388,USD,False
2026-07-24,2026-07-24T19:47:33Z,Azure Cosmos DB,japaneast,106,14,81,0.0,32.553,2.5569471,USD,False
2026-07-24,2026-07-24T19:47:33Z,Azure Cosmos DB,northeurope,106,14,81,0.0,26.94,2.21805191,USD,False
2026-07-24,2026-07-24T19:47:33Z,Azure Cosmos DB,southeastasia,106,14,81,0.0,29.185,2.30645925,USD,False
2026-07-24,2026-07-24T19:47:33Z,Azure Cosmos DB,swedencentral,97,14,73,0.0,29.185,2.587158,USD,False
2026-07-24,2026-07-24T19:47:33Z,Azure Cosmos DB,westeurope,106,14,81,0.0,29.185,2.39201482,USD,False
2026-07-24,2026-07-24T19:47:33Z,Azure Cosmos DB,westus2,99,14,76,0.0,22.45,2.04923503,USD,False
2026-07-24,2026-07-24T19:47:33Z,Azure Database for PostgreSQL,australiaeast,110,41,51,0.0,76.343,4.2150551,USD,False
2026-07-24,2026-07-24T19:47:33Z,Azure Database for PostgreSQL,brazilsouth,114,43,51,0.0,133.345,6.61975691,USD,False
2026-07-24,2026-07-24T19:47:33Z,Azure Database for PostgreSQL,eastus,113,43,51,0.0,63.619,3.34446829,USD,False
2026-07-24,2026-07-24T19:47:33Z,Azure Database for PostgreSQL,eastus2,114,44,51,0.0,63.619,3.31846857,USD,False
2026-07-24,2026-07-24T19:47:33Z,Azure Database for PostgreSQL,japaneast,113,43,51,0.0,76.343,4.10567701,USD,False
2026-07-24,2026-07-24T19:47:33Z,Azure Database for PostgreSQL,northeurope,115,45,51,0.0,71.253,3.6713461,USD,False
2026-07-24,2026-07-24T19:47:33Z,Azure Database for PostgreSQL,southeastasia,113,43,51,0.0,76.343,4.10288261,USD,False
2026-07-24,2026-07-24T19:47:33Z,Azure Database for PostgreSQL,swedencentral,107,41,50,0.0,65.4,3.62892189,USD,False
2026-07-24,2026-07-24T19:47:33Z,Azure Database for PostgreSQL,westeurope,117,47,51,0.0,77.615,3.92131902,USD,False
2026-07-24,2026-07-24T19:47:33Z,Azure Database for PostgreSQL,westus2,110,41,51,0.0,63.619,3.43423015,USD,False
2026-07-24,2026-07-24T19:47:33Z,Azure Kubernetes Service,australiaeast,8,1,1,0.010602,0.16,0.0385475,USD,False
2026-07-24,2026-07-24T19:47:33Z,Azure Kubernetes Service,brazilsouth,8,1,1,0.014624,0.16,0.045583,USD,False
2026-07-24,2026-07-24T19:47:33Z,Azure Kubernetes Service,eastus,9,2,2,0.007312,0.6,0.09581467,USD,False
2026-07-24,2026-07-24T19:47:33Z,Azure Kubernetes Service,eastus2,8,1,1,0.007312,0.16,0.0327915,USD,False
2026-07-24,2026-07-24T19:47:33Z,Azure Kubernetes Service,japaneast,8,1,1,0.010602,0.16,0.0385475,USD,False
2026-07-24,2026-07-24T19:47:33Z,Azure Kubernetes Service,northeurope,8,1,1,0.008774,0.16,0.0353495,USD,False
2026-07-24,2026-07-24T19:47:33Z,Azure Kubernetes Service,southeastasia,8,1,1,0.009506,0.16,0.036629,USD,False
2026-07-24,2026-07-24T19:47:33Z,Azure Kubernetes Service,swedencentral,8,1,1,0.009506,0.16,0.036629,USD,False
2026-07-24,2026-07-24T19:47:33Z,Azure Kubernetes Service,westeurope,8,1,1,0.010456,0.16,0.03829175,USD,False
2026-07-24,2026-07-24T19:47:33Z,Azure Kubernetes Service,westus2,8,1,1,0.007312,0.16,0.0327915,USD,False
2026-07-24,2026-07-24T19:47:33Z,Functions,australiaeast,9,2,3,0.0,0.182,0.02167433,USD,False
2026-07-24,2026-07-24T19:47:33Z,Functions,brazilsouth,9,2,3,0.0,0.183,0.02179656,USD,False
2026-07-24,2026-07-24T19:47:33Z,Functions,eastus,9,2,3,0.0,0.173,0.02059489,USD,False
2026-07-24,2026-07-24T19:47:33Z,Functions,eastus2,9,2,3,0.0,0.16,0.01905044,USD,False
2026-07-24,2026-07-24T19:47:33Z,Functions,japaneast,9,2,3,0.0,0.196,0.02333933,USD,False
2026-07-24,2026-07-24T19:47:33Z,Functions,northeurope,9,2,3,0.0,0.167,0.01988378,USD,False
2026-07-24,2026-07-24T19:47:33Z,Functions,southeastasia,9,2,3,0.0,0.178,0.02119656,USD,False
2026-07-24,2026-07-24T19:47:33Z,Functions,swedencentral,9,2,3,0.0,0.169,0.02012822,USD,False
2026-07-24,2026-07-24T19:47:33Z,Functions,westeurope,9,2,3,0.0,0.169,0.02012822,USD,False
2026-07-24,2026-07-24T19:47:33Z,Functions,westus2,9,2,3,0.0,0.16,0.01905044,USD,False
2026-07-24,2026-07-24T19:47:33Z,Load Balancer,australiaeast,0,0,0,,,,USD,False
2026-07-24,2026-07-24T19:47:33Z,Load Balancer,brazilsouth,0,0,0,,,,USD,False
2026-07-24,2026-07-24T19:47:33Z,Load Balancer,eastus,0,0,0,,,,USD,False
2026-07-24,2026-07-24T19:47:33Z,Load Balancer,eastus2,0,0,0,,,,USD,False
2026-07-24,2026-07-24T19:47:33Z,Load Balancer,japaneast,0,0,0,,,,USD,False
2026-07-24,2026-07-24T19:47:33Z,Load Balancer,northeurope,0,0,0,,,,USD,False
2026-07-24,2026-07-24T19:47:33Z,Load Balancer,southeastasia,0,0,0,,,,USD,False
2026-07-24,2026-07-24T19:47:33Z,Load Balancer,swedencentral,0,0,0,,,,USD,False
2026-07-24,2026-07-24T19:47:33Z,Load Balancer,westeurope,0,0,0,,,,USD,False
2026-07-24,2026-07-24T19:47:33Z,Load Balancer,westus2,0,0,0,,,,USD,False
2026-07-24,2026-07-24T19:47:33Z,SQL Database,australiaeast,154,37,77,0.0,571.408,22.78711522,USD,False
2026-07-24,2026-07-24T19:47:33Z,SQL Database,brazilsouth,109,35,71,0.0,627.26,31.3701431,USD,False
2026-07-24,2026-07-24T19:47:33Z,SQL Database,eastus,113,30,37,0.0,24.36,2.87434587,USD,False
2026-07-24,2026-07-24T19:47:33Z,SQL Database,eastus2,108,29,36,0.0,24.36,2.98343595,USD,False
2026-07-24,2026-07-24T19:47:33Z,SQL Database,japaneast,150,37,75,0.0,584.208,23.84588713,USD,False
2026-07-24,2026-07-24T19:47:33Z,SQL Database,northeurope,113,30,37,0.0,29.22,3.43563935,USD,False
2026-07-24,2026-07-24T19:47:33Z,SQL Database,southeastasia,111,29,37,0.0,31.66,3.77798125,USD,False
2026-07-24,2026-07-24T19:47:33Z,SQL Database,swedencentral,106,30,74,0.0,516.128,26.50978892,USD,False
2026-07-24,2026-07-24T19:47:33Z,SQL Database,westeurope,113,30,37,0.0,31.66,3.72220855,USD,False
2026-07-24,2026-07-24T19:47:33Z,SQL Database,westus2,111,29,37,0.0,24.36,2.91339714,USD,False
2026-07-24,2026-07-24T19:47:33Z,Storage,australiaeast,200,23,68,0.0,3342.34,23.89177272,USD,True
2026-07-24,2026-07-24T19:47:33Z,Storage,brazilsouth,200,27,62,0.0,4669.71,74.65290366,USD,True
2026-07-24,2026-07-24T19:47:33Z,Storage,eastus,200,28,70,0.0,3686.4,51.35685995,USD,False
2026-07-24,2026-07-24T19:47:33Z,Storage,eastus2,200,25,72,0.0,3686.4,24.146832,USD,False
2026-07-24,2026-07-24T19:47:33Z,Storage,japaneast,200,26,71,0.0,3109.035,41.43337182,USD,False
2026-07-24,2026-07-24T19:47:33Z,Storage,northeurope,200,26,69,0.0,3604.11,53.98662846,USD,False
2026-07-24,2026-07-24T19:47:33Z,Storage,southeastasia,200,28,79,0.0,3686.4,33.44616051,USD,False
2026-07-24,2026-07-24T19:47:33Z,Storage,swedencentral,200,26,76,0.0,3686.4,31.87963216,USD,True
2026-07-24,2026-07-24T19:47:33Z,Storage,westeurope,200,25,73,0.0,1982.17,32.12951834,USD,False
2026-07-24,2026-07-24T19:47:33Z,Storage,westus2,200,26,73,0.0,3686.4,34.08984903,USD,False
2026-07-24,2026-07-24T19:47:33Z,Virtual Machines,australiaeast,200,135,193,0.014026,41.918,2.83286248,USD,True
2026-07-24,2026-07-24T19:47:33Z,Virtual Machines,brazilsouth,200,139,196,0.00303,133.07446,4.96300965,USD,True
2026-07-24,2026-07-24T19:47:33Z,Virtual Machines,eastus,200,143,198,0.0,117.7788,3.82724009,USD,True
2026-07-24,2026-07-24T19:47:33Z,Virtual Machines,eastus2,200,147,200,0.00846,116.052,4.11606928,USD,True
2026-07-24,2026-07-24T19:47:33Z,Virtual Machines,japaneast,200,129,198,0.00864,179.244241,4.59030583,USD,True
2026-07-24,2026-07-24T19:47:33Z,Virtual Machines,northeurope,200,149,200,0.00204,71.50672,2.78813447,USD,True
2026-07-24,2026-07-24T19:47:33Z,Virtual Machines,southeastasia,200,141,198,0.021067,213.0211,6.19528376,USD,True
2026-07-24,2026-07-24T19:47:33Z,Virtual Machines,swedencentral,200,127,198,0.011,196.6272,4.39852564,USD,True
2026-07-24,2026-07-24T19:47:33Z,Virtual Machines,westeurope,200,135,199,0.00216,147.07536,6.45596616,USD,True
2026-07-24,2026-07-24T19:47:33Z,Virtual Machines,westus2,200,151,196,0.004,451.616,7.56518789,USD,True
2026-07-25,2026-07-25T19:35:12Z,Application Gateway,australiaeast,22,8,5,0.008,0.522,0.15022182,USD,False
2026-07-25,2026-07-25T19:35:12Z,Application Gateway,brazilsouth,18,7,5,0.008,0.72,0.20858,USD,False
2026-07-25,2026-07-25T19:35:12Z,Application Gateway,eastus,22,8,5,0.008,0.448,0.12017727,USD,False
2026-07-25,2026-07-25T19:35:12Z,Application Gateway,eastus2,22,8,5,0.008,0.448,0.12017727,USD,False
2026-07-25,2026-07-25T19:35:12Z,Application Gateway,japaneast,18,7,5,0.008,0.522,0.16874278,USD,False
2026-07-25,2026-07-25T19:35:12Z,Application Gateway,northeurope,22,8,5,0.008,0.50176,0.13672182,USD,False
2026-07-25,2026-07-25T19:35:12Z,Application Gateway,southeastasia,22,8,5,0.008,0.50176,0.14207636,USD,False
2026-07-25,2026-07-25T19:35:12Z,Application Gateway,swedencentral,18,7,5,0.0076,0.50176,0.16225667,USD,False
2026-07-25,2026-07-25T19:35:12Z,Application Gateway,westeurope,22,8,5,0.008,0.50176,0.14206727,USD,False
2026-07-25,2026-07-25T19:35:12Z,Application Gateway,westus2,18,7,5,0.008,0.448,0.13827222,USD,False
2026-07-25,2026-07-25T19:35:12Z,Azure App Service,australiaeast,124,20,67,0.016,80.0,3.33422719,USD,False
2026-07-25,2026-07-25T19:35:12Z,Azure App Service,brazilsouth,102,18,56,0.0158,80.0,2.96177998,USD,False
2026-07-25,2026-07-25T19:35:12Z,Azure App Service,eastus,113,16,62,0.017,80.0,3.05313451,USD,False
2026-07-25,2026-07-25T19:35:12Z,Azure App Service,eastus2,117,17,63,0.0,80.0,3.02458982,USD,False
2026-07-25,2026-07-25T19:35:12Z,Azure App Service,japaneast,128,21,68,0.0,80.0,3.31481827,USD,False
2026-07-25,2026-07-25T19:35:12Z,Azure App Service,northeurope,113,16,62,0.018,80.0,3.45700196,USD,False
2026-07-25,2026-07-25T19:35:12Z,Azure App Service,southeastasia,113,16,62,0.018,80.0,3.50719758,USD,False
2026-07-25,2026-07-25T19:35:12Z,Azure App Service,swedencentral,111,17,60,0.0,80.0,3.06190559,USD,False
2026-07-25,2026-07-25T19:35:12Z,Azure App Service,westeurope,117,17,63,0.0,80.0,3.48324291,USD,False
2026-07-25,2026-07-25T19:35:12Z,Azure App Service,westus2,117,17,63,0.0,80.0,3.01730191,USD,False
2026-07-25,2026-07-25T19:35:12Z,Azure Cosmos DB,australiaeast,106,14,81,0.0,32.553,2.54770911,USD,False
2026-07-25,2026-07-25T19:35:12Z,Azure Cosmos DB,brazilsouth,103,14,78,0.0,44.9,3.58415748,USD,False
2026-07-25,2026-07-25T19:35:12Z,Azure Cosmos DB,eastus,99,14,76,0.0,22.45,2.07406196,USD,False
2026-07-25,2026-07-25T19:35:12Z,Azure Cosmos DB,eastus2,99,14,76,0.0,22.45,2.07625388,USD,False
2026-07-25,2026-07-25T19:35:12Z,Azure Cosmos DB,japaneast,106,14,81,0.0,32.553,2.5569471,USD,False
2026-07-25,2026-07-25T19:35:12Z,Azure Cosmos DB,northeurope,106,14,81,0.0,26.94,2.21805191,USD,False
2026-07-25,2026-07-25T19:35:12Z,Azure Cosmos DB,southeastasia,106,14,81,0.0,29.185,2.30645925,USD,False
2026-07-25,2026-07-25T19:35:12Z,Azure Cosmos DB,swedencentral,97,14,73,0.0,29.185,2.587158,USD,False
2026-07-25,2026-07-25T19:35:12Z,Azure Cosmos DB,westeurope,106,14,81,0.0,29.185,2.39201482,USD,False
2026-07-25,2026-07-25T19:35:12Z,Azure Cosmos DB,westus2,99,14,76,0.0,22.45,2.04923503,USD,False
2026-07-25,2026-07-25T19:35:12Z,Azure Database for PostgreSQL,australiaeast,110,41,51,0.0,76.343,4.2150551,USD,False
2026-07-25,2026-07-25T19:35:12Z,Azure Database for PostgreSQL,brazilsouth,114,43,51,0.0,133.345,6.61975691,USD,False
2026-07-25,2026-07-25T19:35:12Z,Azure Database for PostgreSQL,eastus,113,43,51,0.0,63.619,3.34446829,USD,False
2026-07-25,2026-07-25T19:35:12Z,Azure Database for PostgreSQL,eastus2,114,44,51,0.0,63.619,3.31846857,USD,False
2026-07-25,2026-07-25T19:35:12Z,Azure Database for PostgreSQL,japaneast,113,43,51,0.0,76.343,4.10567701,USD,False
2026-07-25,2026-07-25T19:35:12Z,Azure Database for PostgreSQL,northeurope,115,45,51,0.0,71.253,3.6713461,USD,False
2026-07-25,2026-07-25T19:35:12Z,Azure Database for PostgreSQL,southeastasia,113,43,51,0.0,76.343,4.10288261,USD,False
2026-07-25,2026-07-25T19:35:12Z,Azure Database for PostgreSQL,swedencentral,107,41,50,0.0,65.4,3.62892189,USD,False
2026-07-25,2026-07-25T19:35:12Z,Azure Database for PostgreSQL,westeurope,117,47,51,0.0,77.615,3.92131902,USD,False
2026-07-25,2026-07-25T19:35:12Z,Azure Database for PostgreSQL,westus2,110,41,51,0.0,63.619,3.43423015,USD,False
2026-07-25,2026-07-25T19:35:12Z,Azure Kubernetes Service,australiaeast,8,1,1,0.010602,0.16,0.0385475,USD,False
2026-07-25,2026-07-25T19:35:12Z,Azure Kubernetes Service,brazilsouth,8,1,1,0.014624,0.16,0.045583,USD,False
2026-07-25,2026-07-25T19:35:12Z,Azure Kubernetes Service,eastus,9,2,2,0.007312,0.6,0.09581467,USD,False
2026-07-25,2026-07-25T19:35:12Z,Azure Kubernetes Service,eastus2,8,1,1,0.007312,0.16,0.0327915,USD,False
2026-07-25,2026-07-25T19:35:12Z,Azure Kubernetes Service,japaneast,8,1,1,0.010602,0.16,0.0385475,USD,False
2026-07-25,2026-07-25T19:35:12Z,Azure Kubernetes Service,northeurope,8,1,1,0.008774,0.16,0.0353495,USD,False
2026-07-25,2026-07-25T19:35:12Z,Azure Kubernetes Service,southeastasia,8,1,1,0.009506,0.16,0.036629,USD,False
2026-07-25,2026-07-25T19:35:12Z,Azure Kubernetes Service,swedencentral,8,1,1,0.009506,0.16,0.036629,USD,False
2026-07-25,2026-07-25T19:35:12Z,Azure Kubernetes Service,westeurope,8,1,1,0.010456,0.16,0.03829175,USD,False
2026-07-25,2026-07-25T19:35:12Z,Azure Kubernetes Service,westus2,8,1,1,0.007312,0.16,0.0327915,USD,False
2026-07-25,2026-07-25T19:35:12Z,Functions,australiaeast,9,2,3,0.0,0.182,0.02167433,USD,False
2026-07-25,2026-07-25T19:35:12Z,Functions,brazilsouth,9,2,3,0.0,0.183,0.02179656,USD,False
2026-07-25,2026-07-25T19:35:12Z,Functions,eastus,9,2,3,0.0,0.173,0.02059489,USD,False
2026-07-25,2026-07-25T19:35:12Z,Functions,eastus2,9,2,3,0.0,0.16,0.01905044,USD,False
2026-07-25,2026-07-25T19:35:12Z,Functions,japaneast,9,2,3,0.0,0.196,0.02333933,USD,False
2026-07-25,2026-07-25T19:35:12Z,Functions,northeurope,9,2,3,0.0,0.167,0.01988378,USD,False
2026-07-25,2026-07-25T19:35:12Z,Functions,southeastasia,9,2,3,0.0,0.178,0.02119656,USD,False
2026-07-25,2026-07-25T19:35:12Z,Functions,swedencentral,9,2,3,0.0,0.169,0.02012822,USD,False
2026-07-25,2026-07-25T19:35:12Z,Functions,westeurope,9,2,3,0.0,0.169,0.02012822,USD,False
2026-07-25,2026-07-25T19:35:12Z,Functions,westus2,9,2,3,0.0,0.16,0.01905044,USD,False
2026-07-25,2026-07-25T19:35:12Z,Load Balancer,australiaeast,0,0,0,,,,USD,False
2026-07-25,2026-07-25T19:35:12Z,Load Balancer,brazilsouth,0,0,0,,,,USD,False
2026-07-25,2026-07-25T19:35:12Z,Load Balancer,eastus,0,0,0,,,,USD,False
2026-07-25,2026-07-25T19:35:12Z,Load Balancer,eastus2,0,0,0,,,,USD,False
2026-07-25,2026-07-25T19:35:12Z,Load Balancer,japaneast,0,0,0,,,,USD,False
2026-07-25,2026-07-25T19:35:12Z,Load Balancer,northeurope,0,0,0,,,,USD,False
2026-07-25,2026-07-25T19:35:12Z,Load Balancer,southeastasia,0,0,0,,,,USD,False
2026-07-25,2026-07-25T19:35:12Z,Load Balancer,swedencentral,0,0,0,,,,USD,False
2026-07-25,2026-07-25T19:35:12Z,Load Balancer,westeurope,0,0,0,,,,USD,False
2026-07-25,2026-07-25T19:35:12Z,Load Balancer,westus2,0,0,0,,,,USD,False
2026-07-25,2026-07-25T19:35:12Z,SQL Database,australiaeast,154,37,77,0.0,571.408,22.78711522,USD,False
2026-07-25,2026-07-25T19:35:12Z,SQL Database,brazilsouth,109,35,71,0.0,627.26,31.3701431,USD,False
2026-07-25,2026-07-25T19:35:12Z,SQL Database,eastus,113,30,37,0.0,24.36,2.87434587,USD,False
2026-07-25,2026-07-25T19:35:12Z,SQL Database,eastus2,108,29,36,0.0,24.36,2.98343595,USD,False
2026-07-25,2026-07-25T19:35:12Z,SQL Database,japaneast,150,37,75,0.0,584.208,23.84588713,USD,False
2026-07-25,2026-07-25T19:35:12Z,SQL Database,northeurope,113,30,37,0.0,29.22,3.43563935,USD,False
2026-07-25,2026-07-25T19:35:12Z,SQL Database,southeastasia,111,29,37,0.0,31.66,3.77798125,USD,False
2026-07-25,2026-07-25T19:35:12Z,SQL Database,swedencentral,106,30,74,0.0,516.128,26.50978892,USD,False
2026-07-25,2026-07-25T19:35:12Z,SQL Database,westeurope,113,30,37,0.0,31.66,3.72220855,USD,False
2026-07-25,2026-07-25T19:35:12Z,SQL Database,westus2,111,29,37,0.0,24.36,2.91339714,USD,False
2026-07-25,2026-07-25T19:35:12Z,Storage,australiaeast,200,23,68,0.0,3342.34,23.89177272,USD,True
2026-07-25,2026-07-25T19:35:12Z,Storage,brazilsouth,200,27,62,0.0,4669.71,74.65290366,USD,True
2026-07-25,2026-07-25T19:35:12Z,Storage,eastus,200,28,70,0.0,3686.4,51.35685995,USD,False
2026-07-25,2026-07-25T19:35:12Z,Storage,eastus2,200,25,72,0.0,3686.4,24.146832,USD,False
2026-07-25,2026-07-25T19:35:12Z,Storage,japaneast,200,26,71,0.0,3109.035,41.43337182,USD,False
2026-07-25,2026-07-25T19:35:12Z,Storage,northeurope,200,26,69,0.0,3604.11,53.98662846,USD,False
2026-07-25,2026-07-25T19:35:12Z,Storage,southeastasia,200,28,79,0.0,3686.4,33.44616051,USD,False
2026-07-25,2026-07-25T19:35:12Z,Storage,swedencentral,200,26,76,0.0,3686.4,31.87963216,USD,True
2026-07-25,2026-07-25T19:35:12Z,Storage,westeurope,200,25,73,0.0,1982.17,32.12951834,USD,False
2026-07-25,2026-07-25T19:35:12Z,Storage,westus2,200,26,73,0.0,3686.4,34.08984903,USD,False
2026-07-25,2026-07-25T19:35:12Z,Virtual Machines,australiaeast,200,135,193,0.014026,41.918,2.83286248,USD,True
2026-07-25,2026-07-25T19:35:12Z,Virtual Machines,brazilsouth,200,139,196,0.00303,133.07446,4.96300965,USD,True
2026-07-25,2026-07-25T19:35:12Z,Virtual Machines,eastus,200,143,198,0.0,117.7788,3.82724009,USD,True
2026-07-25,2026-07-25T19:35:12Z,Virtual Machines,eastus2,200,147,200,0.00846,116.052,4.11606928,USD,True
2026-07-25,2026-07-25T19:35:12Z,Virtual Machines,japaneast,200,129,198,0.00864,179.244241,4.59030583,USD,True
2026-07-25,2026-07-25T19:35:12Z,Virtual Machines,northeurope,200,149,200,0.00204,71.50672,2.78813447,USD,True
2026-07-25,2026-07-25T19:35:12Z,Virtual Machines,southeastasia,200,141,198,0.021067,213.0211,6.19528376,USD,True
2026-07-25,2026-07-25T19:35:12Z,Virtual Machines,swedencentral,200,127,198,0.011,196.6272,4.39852564,USD,True
2026-07-25,2026-07-25T19:35:12Z,Virtual Machines,westeurope,200,135,199,0.00216,147.07536,6.45596616,USD,True
2026-07-25,2026-07-25T19:35:12Z,Virtual Machines,westus2,200,151,196,0.004,451.616,7.56518789,USD,True
2026-07-26,2026-07-26T19:35:35Z,Application Gateway,australiaeast,22,8,5,0.008,0.522,0.15022182,USD,False
2026-07-26,2026-07-26T19:35:35Z,Application Gateway,brazilsouth,18,7,5,0.008,0.72,0.20858,USD,False
2026-07-26,2026-07-26T19:35:35Z,Application Gateway,eastus,22,8,5,0.008,0.448,0.12017727,USD,False
2026-07-26,2026-07-26T19:35:35Z,Application Gateway,eastus2,22,8,5,0.008,0.448,0.12017727,USD,False
2026-07-26,2026-07-26T19:35:35Z,Application Gateway,japaneast,18,7,5,0.008,0.522,0.16874278,USD,False
2026-07-26,2026-07-26T19:35:35Z,Application Gateway,northeurope,22,8,5,0.008,0.50176,0.13672182,USD,False
2026-07-26,2026-07-26T19:35:35Z,Application Gateway,southeastasia,22,8,5,0.008,0.50176,0.14207636,USD,False
2026-07-26,2026-07-26T19:35:35Z,Application Gateway,swedencentral,18,7,5,0.0076,0.50176,0.16225667,USD,False
2026-07-26,2026-07-26T19:35:35Z,Application Gateway,westeurope,22,8,5,0.008,0.50176,0.14206727,USD,False
2026-07-26,2026-07-26T19:35:35Z,Application Gateway,westus2,18,7,5,0.008,0.448,0.13827222,USD,False
2026-07-26,2026-07-26T19:35:35Z,Azure App Service,australiaeast,124,20,67,0.016,80.0,3.33422719,USD,False
2026-07-26,2026-07-26T19:35:35Z,Azure App Service,brazilsouth,102,18,56,0.0158,80.0,2.96177998,USD,False
2026-07-26,2026-07-26T19:35:35Z,Azure App Service,eastus,113,16,62,0.017,80.0,3.05313451,USD,False
2026-07-26,2026-07-26T19:35:35Z,Azure App Service,eastus2,117,17,63,0.0,80.0,3.02458982,USD,False
2026-07-26,2026-07-26T19:35:35Z,Azure App Service,japaneast,128,21,68,0.0,80.0,3.31481827,USD,False
2026-07-26,2026-07-26T19:35:35Z,Azure App Service,northeurope,113,16,62,0.018,80.0,3.45700196,USD,False
2026-07-26,2026-07-26T19:35:35Z,Azure App Service,southeastasia,113,16,62,0.018,80.0,3.50719758,USD,False
2026-07-26,2026-07-26T19:35:35Z,Azure App Service,swedencentral,111,17,60,0.0,80.0,3.06190559,USD,False
2026-07-26,2026-07-26T19:35:35Z,Azure App Service,westeurope,117,17,63,0.0,80.0,3.48324291,USD,False
2026-07-26,2026-07-26T19:35:35Z,Azure App Service,westus2,117,17,63,0.0,80.0,3.01730191,USD,False
2026-07-26,2026-07-26T19:35:35Z,Azure Cosmos DB,australiaeast,106,14,81,0.0,32.553,2.54770911,USD,False
2026-07-26,2026-07-26T19:35:35Z,Azure Cosmos DB,brazilsouth,103,14,78,0.0,44.9,3.58415748,USD,False
2026-07-26,2026-07-26T19:35:35Z,Azure Cosmos DB,eastus,99,14,76,0.0,22.45,2.07406196,USD,False
2026-07-26,2026-07-26T19:35:35Z,Azure Cosmos DB,eastus2,99,14,76,0.0,22.45,2.07625388,USD,False
2026-07-26,2026-07-26T19:35:35Z,Azure Cosmos DB,japaneast,106,14,81,0.0,32.553,2.5569471,USD,False
2026-07-26,2026-07-26T19:35:35Z,Azure Cosmos DB,northeurope,106,14,81,0.0,26.94,2.21805191,USD,False
2026-07-26,2026-07-26T19:35:35Z,Azure Cosmos DB,southeastasia,106,14,81,0.0,29.185,2.30645925,USD,False
2026-07-26,2026-07-26T19:35:35Z,Azure Cosmos DB,swedencentral,97,14,73,0.0,29.185,2.587158,USD,False
2026-07-26,2026-07-26T19:35:35Z,Azure Cosmos DB,westeurope,106,14,81,0.0,29.185,2.39201482,USD,False
2026-07-26,2026-07-26T19:35:35Z,Azure Cosmos DB,westus2,99,14,76,0.0,22.45,2.04923503,USD,False
2026-07-26,2026-07-26T19:35:35Z,Azure Database for PostgreSQL,australiaeast,110,41,51,0.0,76.343,4.2150551,USD,False
2026-07-26,2026-07-26T19:35:35Z,Azure Database for PostgreSQL,brazilsouth,114,43,51,0.0,133.345,6.61975691,USD,False
2026-07-26,2026-07-26T19:35:35Z,Azure Database for PostgreSQL,eastus,113,43,51,0.0,63.619,3.34446829,USD,False
2026-07-26,2026-07-26T19:35:35Z,Azure Database for PostgreSQL,eastus2,114,44,51,0.0,63.619,3.31846857,USD,False
2026-07-26,2026-07-26T19:35:35Z,Azure Database for PostgreSQL,japaneast,113,43,51,0.0,76.343,4.10567701,USD,False
2026-07-26,2026-07-26T19:35:35Z,Azure Database for PostgreSQL,northeurope,115,45,51,0.0,71.253,3.6713461,USD,False
2026-07-26,2026-07-26T19:35:35Z,Azure Database for PostgreSQL,southeastasia,113,43,51,0.0,76.343,4.10288261,USD,False
2026-07-26,2026-07-26T19:35:35Z,Azure Database for PostgreSQL,swedencentral,107,41,50,0.0,65.4,3.62892189,USD,False
2026-07-26,2026-07-26T19:35:35Z,Azure Database for PostgreSQL,westeurope,117,47,51,0.0,77.615,3.92131902,USD,False
2026-07-26,2026-07-26T19:35:35Z,Azure Database for PostgreSQL,westus2,110,41,51,0.0,63.619,3.43423015,USD,False
2026-07-26,2026-07-26T19:35:35Z,Azure Kubernetes Service,australiaeast,8,1,1,0.010602,0.16,0.0385475,USD,False
2026-07-26,2026-07-26T19:35:35Z,Azure Kubernetes Service,brazilsouth,8,1,1,0.014624,0.16,0.045583,USD,False
2026-07-26,2026-07-26T19:35:35Z,Azure Kubernetes Service,eastus,9,2,2,0.007312,0.6,0.09581467,USD,False
2026-07-26,2026-07-26T19:35:35Z,Azure Kubernetes Service,eastus2,8,1,1,0.007312,0.16,0.0327915,USD,False
2026-07-26,2026-07-26T19:35:35Z,Azure Kubernetes Service,japaneast,8,1,1,0.010602,0.16,0.0385475,USD,False
2026-07-26,2026-07-26T19:35:35Z,Azure Kubernetes Service,northeurope,8,1,1,0.008774,0.16,0.0353495,USD,False
2026-07-26,2026-07-26T19:35:35Z,Azure Kubernetes Service,southeastasia,8,1,1,0.009506,0.16,0.036629,USD,False
2026-07-26,2026-07-26T19:35:35Z,Azure Kubernetes Service,swedencentral,8,1,1,0.009506,0.16,0.036629,USD,False
2026-07-26,2026-07-26T19:35:35Z,Azure Kubernetes Service,westeurope,8,1,1,0.010456,0.16,0.03829175,USD,False
2026-07-26,2026-07-26T19:35:35Z,Azure Kubernetes Service,westus2,8,1,1,0.007312,0.16,0.0327915,USD,False
2026-07-26,2026-07-26T19:35:35Z,Functions,australiaeast,9,2,3,0.0,0.182,0.02167433,USD,False
2026-07-26,2026-07-26T19:35:35Z,Functions,brazilsouth,9,2,3,0.0,0.183,0.02179656,USD,False
2026-07-26,2026-07-26T19:35:35Z,Functions,eastus,9,2,3,0.0,0.173,0.02059489,USD,False
2026-07-26,2026-07-26T19:35:35Z,Functions,eastus2,9,2,3,0.0,0.16,0.01905044,USD,False
2026-07-26,2026-07-26T19:35:35Z,Functions,japaneast,9,2,3,0.0,0.196,0.02333933,USD,False
2026-07-26,2026-07-26T19:35:35Z,Functions,northeurope,9,2,3,0.0,0.167,0.01988378,USD,False
2026-07-26,2026-07-26T19:35:35Z,Functions,southeastasia,9,2,3,0.0,0.178,0.02119656,USD,False
2026-07-26,2026-07-26T19:35:35Z,Functions,swedencentral,9,2,3,0.0,0.169,0.02012822,USD,False
2026-07-26,2026-07-26T19:35:35Z,Functions,westeurope,9,2,3,0.0,0.169,0.02012822,USD,False
2026-07-26,2026-07-26T19:35:35Z,Functions,westus2,9,2,3,0.0,0.16,0.01905044,USD,False
2026-07-26,2026-07-26T19:35:35Z,Load Balancer,australiaeast,0,0,0,,,,USD,False
2026-07-26,2026-07-26T19:35:35Z,Load Balancer,brazilsouth,0,0,0,,,,USD,False
2026-07-26,2026-07-26T19:35:35Z,Load Balancer,eastus,0,0,0,,,,USD,False
2026-07-26,2026-07-26T19:35:35Z,Load Balancer,eastus2,0,0,0,,,,USD,False
2026-07-26,2026-07-26T19:35:35Z,Load Balancer,japaneast,0,0,0,,,,USD,False
2026-07-26,2026-07-26T19:35:35Z,Load Balancer,northeurope,0,0,0,,,,USD,False
2026-07-26,2026-07-26T19:35:35Z,Load Balancer,southeastasia,0,0,0,,,,USD,False
2026-07-26,2026-07-26T19:35:35Z,Load Balancer,swedencentral,0,0,0,,,,USD,False
2026-07-26,2026-07-26T19:35:35Z,Load Balancer,westeurope,0,0,0,,,,USD,False
2026-07-26,2026-07-26T19:35:35Z,Load Balancer,westus2,0,0,0,,,,USD,False
2026-07-26,2026-07-26T19:35:35Z,SQL Database,australiaeast,154,37,77,0.0,571.408,22.78711522,USD,False
2026-07-26,2026-07-26T19:35:35Z,SQL Database,brazilsouth,109,35,71,0.0,627.26,31.3701431,USD,False
2026-07-26,2026-07-26T19:35:35Z,SQL Database,eastus,113,30,37,0.0,24.36,2.87434587,USD,False
2026-07-26,2026-07-26T19:35:35Z,SQL Database,eastus2,108,29,36,0.0,24.36,2.98343595,USD,False
2026-07-26,2026-07-26T19:35:35Z,SQL Database,japaneast,150,37,75,0.0,584.208,23.84588713,USD,False
2026-07-26,2026-07-26T19:35:35Z,SQL Database,northeurope,113,30,37,0.0,29.22,3.43563935,USD,False
2026-07-26,2026-07-26T19:35:35Z,SQL Database,southeastasia,111,29,37,0.0,31.66,3.77798125,USD,False
2026-07-26,2026-07-26T19:35:35Z,SQL Database,swedencentral,106,30,74,0.0,516.128,26.50978892,USD,False
2026-07-26,2026-07-26T19:35:35Z,SQL Database,westeurope,113,30,37,0.0,31.66,3.72220855,USD,False
2026-07-26,2026-07-26T19:35:35Z,SQL Database,westus2,111,29,37,0.0,24.36,2.91339714,USD,False
2026-07-26,2026-07-26T19:35:35Z,Storage,australiaeast,200,23,68,0.0,3342.34,23.89177272,USD,True
2026-07-26,2026-07-26T19:35:35Z,Storage,brazilsouth,200,27,62,0.0,4669.71,74.65290366,USD,True
2026-07-26,2026-07-26T19:35:35Z,Storage,eastus,200,28,70,0.0,3686.4,51.35685995,USD,False
2026-07-26,2026-07-26T19:35:35Z,Storage,eastus2,200,25,72,0.0,3686.4,24.146832,USD,False
2026-07-26,2026-07-26T19:35:35Z,Storage,japaneast,200,26,71,0.0,3109.035,41.43337182,USD,False
2026-07-26,2026-07-26T19:35:35Z,Storage,northeurope,200,26,69,0.0,3604.11,53.98662846,USD,False
2026-07-26,2026-07-26T19:35:35Z,Storage,southeastasia,200,28,79,0.0,3686.4,33.44616051,USD,False
2026-07-26,2026-07-26T19:35:35Z,Storage,swedencentral,200,26,76,0.0,3686.4,31.87963216,USD,True
2026-07-26,2026-07-26T19:35:35Z,Storage,westeurope,200,25,73,0.0,1982.17,32.12951834,USD,False
2026-07-26,2026-07-26T19:35:35Z,Storage,westus2,200,26,73,0.0,3686.4,34.08984903,USD,False
2026-07-26,2026-07-26T19:35:35Z,Virtual Machines,australiaeast,200,135,193,0.014026,41.918,2.83286248,USD,True
2026-07-26,2026-07-26T19:35:35Z,Virtual Machines,brazilsouth,200,139,196,0.00303,133.07446,4.96300965,USD,True
2026-07-26,2026-07-26T19:35:35Z,Virtual Machines,eastus,200,143,198,0.0,117.7788,3.82724009,USD,True
2026-07-26,2026-07-26T19:35:35Z,Virtual Machines,eastus2,200,147,200,0.00846,116.052,4.11606928,USD,True
2026-07-26,2026-07-26T19:35:35Z,Virtual Machines,japaneast,200,129,198,0.00864,179.244241,4.59030583,USD,True
2026-07-26,2026-07-26T19:35:35Z,Virtual Machines,northeurope,200,149,200,0.00204,71.50672,2.78813447,USD,True
2026-07-26,2026-07-26T19:35:35Z,Virtual Machines,southeastasia,200,141,198,0.021067,213.0211,6.19528376,USD,True
2026-07-26,2026-07-26T19:35:35Z,Virtual Machines,swedencentral,200,127,198,0.011,196.6272,4.39852564,USD,True
2026-07-26,2026-07-26T19:35:35Z,Virtual Machines,westeurope,200,135,199,0.00216,147.07536,6.45596616,USD,True
2026-07-26,2026-07-26T19:35:35Z,Virtual Machines,westus2,200,151,196,0.004,451.616,7.56518789,USD,True
2026-07-27,2026-07-27T19:56:26Z,Application Gateway,australiaeast,22,8,5,0.008,0.522,0.15022182,USD,False
2026-07-27,2026-07-27T19:56:26Z,Application Gateway,brazilsouth,18,7,5,0.008,0.72,0.20858,USD,False
2026-07-27,2026-07-27T19:56:26Z,Application Gateway,eastus,22,8,5,0.008,0.448,0.12017727,USD,False
2026-07-27,2026-07-27T19:56:26Z,Application Gateway,eastus2,22,8,5,0.008,0.448,0.12017727,USD,False
2026-07-27,2026-07-27T19:56:26Z,Application Gateway,japaneast,18,7,5,0.008,0.522,0.16874278,USD,False
2026-07-27,2026-07-27T19:56:26Z,Application Gateway,northeurope,22,8,5,0.008,0.50176,0.13672182,USD,False
2026-07-27,2026-07-27T19:56:26Z,Application Gateway,southeastasia,22,8,5,0.008,0.50176,0.14207636,USD,False
2026-07-27,2026-07-27T19:56:26Z,Application Gateway,swedencentral,18,7,5,0.0076,0.50176,0.16225667,USD,False
2026-07-27,2026-07-27T19:56:26Z,Application Gateway,westeurope,22,8,5,0.008,0.50176,0.14206727,USD,False
2026-07-27,2026-07-27T19:56:26Z,Application Gateway,westus2,18,7,5,0.008,0.448,0.13827222,USD,False
2026-07-27,2026-07-27T19:56:26Z,Azure App Service,australiaeast,124,20,67,0.016,80.0,3.33422719,USD,False
2026-07-27,2026-07-27T19:56:26Z,Azure App Service,brazilsouth,102,18,56,0.0158,80.0,2.96177998,USD,False
2026-07-27,2026-07-27T19:56:26Z,Azure App Service,eastus,113,16,62,0.017,80.0,3.05313451,USD,False
2026-07-27,2026-07-27T19:56:26Z,Azure App Service,eastus2,117,17,63,0.0,80.0,3.02458982,USD,False
2026-07-27,2026-07-27T19:56:26Z,Azure App Service,japaneast,128,21,68,0.0,80.0,3.31481827,USD,False
2026-07-27,2026-07-27T19:56:26Z,Azure App Service,northeurope,113,16,62,0.018,80.0,3.45700196,USD,False
2026-07-27,2026-07-27T19:56:26Z,Azure App Service,southeastasia,113,16,62,0.018,80.0,3.50719758,USD,False
2026-07-27,2026-07-27T19:56:26Z,Azure App Service,swedencentral,111,17,60,0.0,80.0,3.06190559,USD,False
2026-07-27,2026-07-27T19:56:26Z,Azure App Service,westeurope,117,17,63,0.0,80.0,3.48324291,USD,False
2026-07-27,2026-07-27T19:56:26Z,Azure App Service,westus2,117,17,63,0.0,80.0,3.01730191,USD,False
2026-07-27,2026-07-27T19:56:26Z,Azure Cosmos DB,australiaeast,106,14,81,0.0,32.553,2.54770911,USD,False
2026-07-27,2026-07-27T19:56:26Z,Azure Cosmos DB,brazilsouth,103,14,78,0.0,44.9,3.58415748,USD,False
2026-07-27,2026-07-27T19:56:26Z,Azure Cosmos DB,eastus,99,14,76,0.0,22.45,2.07406196,USD,False
2026-07-27,2026-07-27T19:56:26Z,Azure Cosmos DB,eastus2,99,14,76,0.0,22.45,2.07625388,USD,False
2026-07-27,2026-07-27T19:56:26Z,Azure Cosmos DB,japaneast,106,14,81,0.0,32.553,2.5569471,USD,False
2026-07-27,2026-07-27T19:56:26Z,Azure Cosmos DB,northeurope,106,14,81,0.0,26.94,2.21805191,USD,False
2026-07-27,2026-07-27T19:56:26Z,Azure Cosmos DB,southeastasia,106,14,81,0.0,29.185,2.30645925,USD,False
2026-07-27,2026-07-27T19:56:26Z,Azure Cosmos DB,swedencentral,97,14,73,0.0,29.185,2.587158,USD,False
2026-07-27,2026-07-27T19:56:26Z,Azure Cosmos DB,westeurope,106,14,81,0.0,29.185,2.39201482,USD,False
2026-07-27,2026-07-27T19:56:26Z,Azure Cosmos DB,westus2,99,14,76,0.0,22.45,2.04923503,USD,False
2026-07-27,2026-07-27T19:56:26Z,Azure Database for PostgreSQL,australiaeast,110,41,51,0.0,76.343,4.2150551,USD,False
2026-07-27,2026-07-27T19:56:26Z,Azure Database for PostgreSQL,brazilsouth,114,43,51,0.0,133.345,6.61975691,USD,False
2026-07-27,2026-07-27T19:56:26Z,Azure Database for PostgreSQL,eastus,113,43,51,0.0,63.619,3.34446829,USD,False
2026-07-27,2026-07-27T19:56:26Z,Azure Database for PostgreSQL,eastus2,114,44,51,0.0,63.619,3.31846857,USD,False
2026-07-27,2026-07-27T19:56:26Z,Azure Database for PostgreSQL,japaneast,113,43,51,0.0,76.343,4.10567701,USD,False
2026-07-27,2026-07-27T19:56:26Z,Azure Database for PostgreSQL,northeurope,115,45,51,0.0,71.253,3.6713461,USD,False
2026-07-27,2026-07-27T19:56:26Z,Azure Database for PostgreSQL,southeastasia,113,43,51,0.0,76.343,4.10288261,USD,False
2026-07-27,2026-07-27T19:56:26Z,Azure Database for PostgreSQL,swedencentral,107,41,50,0.0,65.4,3.62892189,USD,False
2026-07-27,2026-07-27T19:56:26Z,Azure Database for PostgreSQL,westeurope,117,47,51,0.0,77.615,3.92131902,USD,False
2026-07-27,2026-07-27T19:56:26Z,Azure Database for PostgreSQL,westus2,110,41,51,0.0,63.619,3.43423015,USD,False
2026-07-27,2026-07-27T19:56:26Z,Azure Kubernetes Service,australiaeast,8,1,1,0.010602,0.16,0.0385475,USD,False
2026-07-27,2026-07-27T19:56:26Z,Azure Kubernetes Service,brazilsouth,8,1,1,0.014624,0.16,0.045583,USD,False
2026-07-27,2026-07-27T19:56:26Z,Azure Kubernetes Service,eastus,9,2,2,0.007312,0.6,0.09581467,USD,False
2026-07-27,2026-07-27T19:56:26Z,Azure Kubernetes Service,eastus2,8,1,1,0.007312,0.16,0.0327915,USD,False
2026-07-27,2026-07-27T19:56:26Z,Azure Kubernetes Service,japaneast,8,1,1,0.010602,0.16,0.0385475,USD,False
2026-07-27,2026-07-27T19:56:26Z,Azure Kubernetes Service,northeurope,8,1,1,0.008774,0.16,0.0353495,USD,False
2026-07-27,2026-07-27T19:56:26Z,Azure Kubernetes Service,southeastasia,8,1,1,0.009506,0.16,0.036629,USD,False
2026-07-27,2026-07-27T19:56:26Z,Azure Kubernetes Service,swedencentral,8,1,1,0.009506,0.16,0.036629,USD,False
2026-07-27,2026-07-27T19:56:26Z,Azure Kubernetes Service,westeurope,8,1,1,0.010456,0.16,0.03829175,USD,False
2026-07-27,2026-07-27T19:56:26Z,Azure Kubernetes Service,westus2,8,1,1,0.007312,0.16,0.0327915,USD,False
2026-07-27,2026-07-27T19:56:26Z,Functions,australiaeast,9,2,3,0.0,0.182,0.02167433,USD,False
2026-07-27,2026-07-27T19:56:26Z,Functions,brazilsouth,9,2,3,0.0,0.183,0.02179656,USD,False
2026-07-27,2026-07-27T19:56:26Z,Functions,eastus,9,2,3,0.0,0.173,0.02059489,USD,False
2026-07-27,2026-07-27T19:56:26Z,Functions,eastus2,9,2,3,0.0,0.16,0.01905044,USD,False
2026-07-27,2026-07-27T19:56:26Z,Functions,japaneast,9,2,3,0.0,0.196,0.02333933,USD,False
2026-07-27,2026-07-27T19:56:26Z,Functions,northeurope,9,2,3,0.0,0.167,0.01988378,USD,False
2026-07-27,2026-07-27T19:56:26Z,Functions,southeastasia,9,2,3,0.0,0.178,0.02119656,USD,False
2026-07-27,2026-07-27T19:56:26Z,Functions,swedencentral,9,2,3,0.0,0.169,0.02012822,USD,False
2026-07-27,2026-07-27T19:56:26Z,Functions,westeurope,9,2,3,0.0,0.169,0.02012822,USD,False
2026-07-27,2026-07-27T19:56:26Z,Functions,westus2,9,2,3,0.0,0.16,0.01905044,USD,False
2026-07-27,2026-07-27T19:56:26Z,Load Balancer,australiaeast,0,0,0,,,,USD,False
2026-07-27,2026-07-27T19:56:26Z,Load Balancer,brazilsouth,0,0,0,,,,USD,False
2026-07-27,2026-07-27T19:56:26Z,Load Balancer,eastus,0,0,0,,,,USD,False
2026-07-27,2026-07-27T19:56:26Z,Load Balancer,eastus2,0,0,0,,,,USD,False
2026-07-27,2026-07-27T19:56:26Z,Load Balancer,japaneast,0,0,0,,,,USD,False
2026-07-27,2026-07-27T19:56:26Z,Load Balancer,northeurope,0,0,0,,,,USD,False
2026-07-27,2026-07-27T19:56:26Z,Load Balancer,southeastasia,0,0,0,,,,USD,False
2026-07-27,2026-07-27T19:56:26Z,Load Balancer,swedencentral,0,0,0,,,,USD,False
2026-07-27,2026-07-27T19:56:26Z,Load Balancer,westeurope,0,0,0,,,,USD,False
2026-07-27,2026-07-27T19:56:26Z,Load Balancer,westus2,0,0,0,,,,USD,False
2026-07-27,2026-07-27T19:56:26Z,SQL Database,australiaeast,154,37,77,0.0,571.408,22.78711522,USD,False
2026-07-27,2026-07-27T19:56:26Z,SQL Database,brazilsouth,109,35,71,0.0,627.26,31.3701431,USD,False
2026-07-27,2026-07-27T19:56:26Z,SQL Database,eastus,113,30,37,0.0,24.36,2.87434587,USD,False
2026-07-27,2026-07-27T19:56:26Z,SQL Database,eastus2,108,29,36,0.0,24.36,2.98343595,USD,False
2026-07-27,2026-07-27T19:56:26Z,SQL Database,japaneast,150,37,75,0.0,584.208,23.84588713,USD,False
2026-07-27,2026-07-27T19:56:26Z,SQL Database,northeurope,113,30,37,0.0,29.22,3.43563935,USD,False
2026-07-27,2026-07-27T19:56:26Z,SQL Database,southeastasia,111,29,37,0.0,31.66,3.77798125,USD,False
2026-07-27,2026-07-27T19:56:26Z,SQL Database,swedencentral,106,30,74,0.0,516.128,26.50978892,USD,False
2026-07-27,2026-07-27T19:56:26Z,SQL Database,westeurope,113,30,37,0.0,31.66,3.72220855,USD,False
2026-07-27,2026-07-27T19:56:26Z,SQL Database,westus2,111,29,37,0.0,24.36,2.91339714,USD,False
2026-07-27,2026-07-27T19:56:26Z,Storage,australiaeast,200,23,68,0.0,3342.34,23.89177272,USD,True
2026-07-27,2026-07-27T19:56:26Z,Storage,brazilsouth,200,27,62,0.0,4669.71,74.65290366,USD,True
2026-07-27,2026-07-27T19:56:26Z,Storage,eastus,200,28,70,0.0,3686.4,51.35685995,USD,False
2026-07-27,2026-07-27T19:56:26Z,Storage,eastus2,200,25,72,0.0,3686.4,24.146832,USD,False
2026-07-27,2026-07-27T19:56:26Z,Storage,japaneast,200,26,71,0.0,3109.035,41.43337182,USD,False
2026-07-27,2026-07-27T19:56:26Z,Storage,northeurope,200,26,69,0.0,3604.11,53.98662846,USD,False
2026-07-27,2026-07-27T19:56:26Z,Storage,southeastasia,200,28,79,0.0,3686.4,33.44616051,USD,False
2026-07-27,2026-07-27T19:56:26Z,Storage,swedencentral,200,26,76,0.0,3686.4,31.87963216,USD,True
2026-07-27,2026-07-27T19:56:26Z,Storage,westeurope,200,25,73,0.0,1982.17,32.12951834,USD,False
2026-07-27,2026-07-27T19:56:26Z,Storage,westus2,200,26,73,0.0,3686.4,34.08984903,USD,False
2026-07-27,2026-07-27T19:56:26Z,Virtual Machines,australiaeast,200,135,193,0.014026,41.918,2.83286248,USD,True
2026-07-27,2026-07-27T19:56:26Z,Virtual Machines,brazilsouth,200,139,196,0.00303,133.07446,4.96300965,USD,True
2026-07-27,2026-07-27T19:56:26Z,Virtual Machines,eastus,200,143,198,0.0,117.7788,3.82724009,USD,True
2026-07-27,2026-07-27T19:56:26Z,Virtual Machines,eastus2,200,147,200,0.00846,116.052,4.11606928,USD,True
2026-07-27,2026-07-27T19:56:26Z,Virtual Machines,japaneast,200,129,198,0.00864,179.244241,4.59030583,USD,True
2026-07-27,2026-07-27T19:56:26Z,Virtual Machines,northeurope,200,149,200,0.00204,71.50672,2.78813447,USD,True
2026-07-27,2026-07-27T19:56:26Z,Virtual Machines,southeastasia,200,141,198,0.021067,213.0211,6.19528376,USD,True
2026-07-27,2026-07-27T19:56:26Z,Virtual Machines,swedencentral,200,127,198,0.011,196.6272,4.39852564,USD,True
2026-07-27,2026-07-27T19:56:26Z,Virtual Machines,westeurope,200,135,199,0.00216,147.07536,6.45596616,USD,True
2026-07-27,2026-07-27T19:56:26Z,Virtual Machines,westus2,200,151,196,0.004,451.616,7.56518789,USD,True
2026-07-28,2026-07-28T19:53:39Z,Application Gateway,australiaeast,22,8,5,0.008,0.522,0.15022182,USD,False
2026-07-28,2026-07-28T19:53:39Z,Application Gateway,brazilsouth,18,7,5,0.008,0.72,0.20858,USD,False
2026-07-28,2026-07-28T19:53:39Z,Application Gateway,eastus,22,8,5,0.008,0.448,0.12017727,USD,False
2026-07-28,2026-07-28T19:53:39Z,Application Gateway,eastus2,22,8,5,0.008,0.448,0.12017727,USD,False
2026-07-28,2026-07-28T19:53:39Z,Application Gateway,japaneast,18,7,5,0.008,0.522,0.16874278,USD,False
2026-07-28,2026-07-28T19:53:39Z,Application Gateway,northeurope,22,8,5,0.008,0.50176,0.13672182,USD,False
2026-07-28,2026-07-28T19:53:39Z,Application Gateway,southeastasia,22,8,5,0.008,0.50176,0.14207636,USD,False
2026-07-28,2026-07-28T19:53:39Z,Application Gateway,swedencentral,18,7,5,0.0076,0.50176,0.16225667,USD,False
2026-07-28,2026-07-28T19:53:39Z,Application Gateway,westeurope,22,8,5,0.008,0.50176,0.14206727,USD,False
2026-07-28,2026-07-28T19:53:39Z,Application Gateway,westus2,18,7,5,0.008,0.448,0.13827222,USD,False
2026-07-28,2026-07-28T19:53:39Z,Azure App Service,australiaeast,124,20,67,0.016,80.0,3.33422719,USD,False
2026-07-28,2026-07-28T19:53:39Z,Azure App Service,brazilsouth,102,18,56,0.0158,80.0,2.96177998,USD,False
2026-07-28,2026-07-28T19:53:39Z,Azure App Service,eastus,113,16,62,0.017,80.0,3.05313451,USD,False
2026-07-28,2026-07-28T19:53:39Z,Azure App Service,eastus2,117,17,63,0.0,80.0,3.02458982,USD,False
2026-07-28,2026-07-28T19:53:39Z,Azure App Service,japaneast,128,21,68,0.0,80.0,3.31481827,USD,False
2026-07-28,2026-07-28T19:53:39Z,Azure App Service,northeurope,113,16,62,0.018,80.0,3.45700196,USD,False
2026-07-28,2026-07-28T19:53:39Z,Azure App Service,southeastasia,113,16,62,0.018,80.0,3.50719758,USD,False
2026-07-28,2026-07-28T19:53:39Z,Azure App Service,swedencentral,111,17,60,0.0,80.0,3.06190559,USD,False
2026-07-28,2026-07-28T19:53:39Z,Azure App Service,westeurope,117,17,63,0.0,80.0,3.48324291,USD,False
2026-07-28,2026-07-28T19:53:39Z,Azure App Service,westus2,117,17,63,0.0,80.0,3.01730191,USD,False
2026-07-28,2026-07-28T19:53:39Z,Azure Cosmos DB,australiaeast,106,14,81,0.0,32.553,2.54770911,USD,False
2026-07-28,2026-07-28T19:53:39Z,Azure Cosmos DB,brazilsouth,103,14,78,0.0,44.9,3.58415748,USD,False
2026-07-28,2026-07-28T19:53:39Z,Azure Cosmos DB,eastus,99,14,76,0.0,22.45,2.07406196,USD,False
2026-07-28,2026-07-28T19:53:39Z,Azure Cosmos DB,eastus2,99,14,76,0.0,22.45,2.07625388,USD,False
2026-07-28,2026-07-28T19:53:39Z,Azure Cosmos DB,japaneast,106,14,81,0.0,32.553,2.5569471,USD,False
2026-07-28,2026-07-28T19:53:39Z,Azure Cosmos DB,northeurope,106,14,81,0.0,26.94,2.21805191,USD,False
2026-07-28,2026-07-28T19:53:39Z,Azure Cosmos DB,southeastasia,106,14,81,0.0,29.185,2.30645925,USD,False
2026-07-28,2026-07-28T19:53:39Z,Azure Cosmos DB,swedencentral,97,14,73,0.0,29.185,2.587158,USD,False
2026-07-28,2026-07-28T19:53:39Z,Azure Cosmos DB,westeurope,106,14,81,0.0,29.185,2.39201482,USD,False
2026-07-28,2026-07-28T19:53:39Z,Azure Cosmos DB,westus2,99,14,76,0.0,22.45,2.04923503,USD,False
2026-07-28,2026-07-28T19:53:39Z,Azure Database for PostgreSQL,australiaeast,110,41,51,0.0,76.343,4.2150551,USD,False
2026-07-28,2026-07-28T19:53:39Z,Azure Database for PostgreSQL,brazilsouth,114,43,51,0.0,133.345,6.61975691,USD,False
2026-07-28,2026-07-28T19:53:39Z,Azure Database for PostgreSQL,eastus,113,43,51,0.0,63.619,3.34446829,USD,False
2026-07-28,2026-07-28T19:53:39Z,Azure Database for PostgreSQL,eastus2,114,44,51,0.0,63.619,3.31846857,USD,False
2026-07-28,2026-07-28T19:53:39Z,Azure Database for PostgreSQL,japaneast,113,43,51,0.0,76.343,4.10567701,USD,False
2026-07-28,2026-07-28T19:53:39Z,Azure Database for PostgreSQL,northeurope,115,45,51,0.0,71.253,3.6713461,USD,False
2026-07-28,2026-07-28T19:53:39Z,Azure Database for PostgreSQL,southeastasia,113,43,51,0.0,76.343,4.10288261,USD,False
2026-07-28,2026-07-28T19:53:39Z,Azure Database for PostgreSQL,swedencentral,107,41,50,0.0,65.4,3.62892189,USD,False
2026-07-28,2026-07-28T19:53:39Z,Azure Database for PostgreSQL,westeurope,117,47,51,0.0,77.615,3.92131902,USD,False
2026-07-28,2026-07-28T19:53:39Z,Azure Database for PostgreSQL,westus2,110,41,51,0.0,63.619,3.43423015,USD,False
2026-07-28,2026-07-28T19:53:39Z,Azure Kubernetes Service,australiaeast,8,1,1,0.010602,0.16,0.0385475,USD,False
2026-07-28,2026-07-28T19:53:39Z,Azure Kubernetes Service,brazilsouth,8,1,1,0.014624,0.16,0.045583,USD,False
2026-07-28,2026-07-28T19:53:39Z,Azure Kubernetes Service,eastus,9,2,2,0.007312,0.6,0.09581467,USD,False
2026-07-28,2026-07-28T19:53:39Z,Azure Kubernetes Service,eastus2,8,1,1,0.007312,0.16,0.0327915,USD,False
2026-07-28,2026-07-28T19:53:39Z,Azure Kubernetes Service,japaneast,8,1,1,0.010602,0.16,0.0385475,USD,False
2026-07-28,2026-07-28T19:53:39Z,Azure Kubernetes Service,northeurope,8,1,1,0.008774,0.16,0.0353495,USD,False
2026-07-28,2026-07-28T19:53:39Z,Azure Kubernetes Service,southeastasia,8,1,1,0.009506,0.16,0.036629,USD,False
2026-07-28,2026-07-28T19:53:39Z,Azure Kubernetes Service,swedencentral,8,1,1,0.009506,0.16,0.036629,USD,False
2026-07-28,2026-07-28T19:53:39Z,Azure Kubernetes Service,westeurope,8,1,1,0.010456,0.16,0.03829175,USD,False
2026-07-28,2026-07-28T19:53:39Z,Azure Kubernetes Service,westus2,8,1,1,0.007312,0.16,0.0327915,USD,False
2026-07-28,2026-07-28T19:53:39Z,Functions,australiaeast,9,2,3,0.0,0.182,0.02167433,USD,False
2026-07-28,2026-07-28T19:53:39Z,Functions,brazilsouth,9,2,3,0.0,0.183,0.02179656,USD,False
2026-07-28,2026-07-28T19:53:39Z,Functions,eastus,9,2,3,0.0,0.173,0.02059489,USD,False
2026-07-28,2026-07-28T19:53:39Z,Functions,eastus2,9,2,3,0.0,0.16,0.01905044,USD,False
2026-07-28,2026-07-28T19:53:39Z,Functions,japaneast,9,2,3,0.0,0.196,0.02333933,USD,False
2026-07-28,2026-07-28T19:53:39Z,Functions,northeurope,9,2,3,0.0,0.167,0.01988378,USD,False
2026-07-28,2026-07-28T19:53:39Z,Functions,southeastasia,9,2,3,0.0,0.178,0.02119656,USD,False
2026-07-28,2026-07-28T19:53:39Z,Functions,swedencentral,9,2,3,0.0,0.169,0.02012822,USD,False
2026-07-28,2026-07-28T19:53:39Z,Functions,westeurope,9,2,3,0.0,0.169,0.02012822,USD,False
2026-07-28,2026-07-28T19:53:39Z,Functions,westus2,9,2,3,0.0,0.16,0.01905044,USD,False
2026-07-28,2026-07-28T19:53:39Z,Load Balancer,australiaeast,0,0,0,,,,USD,False
2026-07-28,2026-07-28T19:53:39Z,Load Balancer,brazilsouth,0,0,0,,,,USD,False
2026-07-28,2026-07-28T19:53:39Z,Load Balancer,eastus,0,0,0,,,,USD,False
2026-07-28,2026-07-28T19:53:39Z,Load Balancer,eastus2,0,0,0,,,,USD,False
2026-07-28,2026-07-28T19:53:39Z,Load Balancer,japaneast,0,0,0,,,,USD,False
2026-07-28,2026-07-28T19:53:39Z,Load Balancer,northeurope,0,0,0,,,,USD,False
2026-07-28,2026-07-28T19:53:39Z,Load Balancer,southeastasia,0,0,0,,,,USD,False
2026-07-28,2026-07-28T19:53:39Z,Load Balancer,swedencentral,0,0,0,,,,USD,False
2026-07-28,2026-07-28T19:53:39Z,Load Balancer,westeurope,0,0,0,,,,USD,False
2026-07-28,2026-07-28T19:53:39Z,Load Balancer,westus2,0,0,0,,,,USD,False
2026-07-28,2026-07-28T19:53:39Z,SQL Database,australiaeast,154,37,77,0.0,571.408,22.78711522,USD,False
2026-07-28,2026-07-28T19:53:39Z,SQL Database,brazilsouth,109,35,71,0.0,627.26,31.3701431,USD,False
2026-07-28,2026-07-28T19:53:39Z,SQL Database,eastus,113,30,37,0.0,24.36,2.87434587,USD,False
2026-07-28,2026-07-28T19:53:39Z,SQL Database,eastus2,108,29,36,0.0,24.36,2.98343595,USD,False
2026-07-28,2026-07-28T19:53:39Z,SQL Database,japaneast,150,37,75,0.0,584.208,23.84588713,USD,False
2026-07-28,2026-07-28T19:53:39Z,SQL Database,northeurope,113,30,37,0.0,29.22,3.43563935,USD,False
2026-07-28,2026-07-28T19:53:39Z,SQL Database,southeastasia,111,29,37,0.0,31.66,3.77798125,USD,False
2026-07-28,2026-07-28T19:53:39Z,SQL Database,swedencentral,106,30,74,0.0,516.128,26.50978892,USD,False
2026-07-28,2026-07-28T19:53:39Z,SQL Database,westeurope,113,30,37,0.0,31.66,3.72220855,USD,False
2026-07-28,2026-07-28T19:53:39Z,SQL Database,westus2,111,29,37,0.0,24.36,2.91339714,USD,False
2026-07-28,2026-07-28T19:53:39Z,Storage,australiaeast,200,23,68,0.0,3342.34,23.89177272,USD,True
2026-07-28,2026-07-28T19:53:39Z,Storage,brazilsouth,200,27,62,0.0,4669.71,74.65290366,USD,True
2026-07-28,2026-07-28T19:53:39Z,Storage,eastus,200,28,70,0.0,3686.4,51.35685995,USD,False
2026-07-28,2026-07-28T19:53:39Z,Storage,eastus2,200,25,72,0.0,3686.4,24.146832,USD,False
2026-07-28,2026-07-28T19:53:39Z,Storage,japaneast,200,26,71,0.0,3109.035,41.43337182,USD,False
2026-07-28,2026-07-28T19:53:39Z,Storage,northeurope,200,26,69,0.0,3604.11,53.98662846,USD,False
2026-07-28,2026-07-28T19:53:39Z,Storage,southeastasia,200,28,79,0.0,3686.4,33.44616051,USD,False
2026-07-28,2026-07-28T19:53:39Z,Storage,swedencentral,200,26,76,0.0,3686.4,31.87963216,USD,True
2026-07-28,2026-07-28T19:53:39Z,Storage,westeurope,200,25,73,0.0,1982.17,32.12951834,USD,False
2026-07-28,2026-07-28T19:53:39Z,Storage,westus2,200,26,73,0.0,3686.4,34.08984903,USD,False
2026-07-28,2026-07-28T19:53:39Z,Virtual Machines,australiaeast,200,135,193,0.014026,41.918,2.83286248,USD,True
2026-07-28,2026-07-28T19:53:39Z,Virtual Machines,brazilsouth,200,139,196,0.00303,133.07446,4.96300965,USD,True
2026-07-28,2026-07-28T19:53:39Z,Virtual Machines,eastus,200,143,198,0.0,117.7788,3.82724009,USD,True
2026-07-28,2026-07-28T19:53:39Z,Virtual Machines,eastus2,200,147,200,0.00846,116.052,4.11606928,USD,True
2026-07-28,2026-07-28T19:53:39Z,Virtual Machines,japaneast,200,129,198,0.00864,179.244241,4.59030583,USD,True
2026-07-28,2026-07-28T19:53:39Z,Virtual Machines,northeurope,200,149,200,0.00204,71.50672,2.78813447,USD,True
2026-07-28,2026-07-28T19:53:39Z,Virtual Machines,southeastasia,200,141,198,0.021067,213.0211,6.19528376,USD,True
2026-07-28,2026-07-28T19:53:39Z,Virtual Machines,swedencentral,200,127,198,0.011,196.6272,4.39852564,USD,True
2026-07-28,2026-07-28T19:53:39Z,Virtual Machines,westeurope,200,135,199,0.00216,147.07536,6.45596616,USD,True
2026-07-28,2026-07-28T19:53:39Z,Virtual Machines,westus2,200,151,196,0.004,451.616,7.56518789,USD,True
2026-07-29,2026-07-29T19:44:36Z,Application Gateway,australiaeast,22,8,5,0.008,0.522,0.15022182,USD,False
2026-07-29,2026-07-29T19:44:36Z,Application Gateway,brazilsouth,18,7,5,0.008,0.72,0.20858,USD,False
2026-07-29,2026-07-29T19:44:36Z,Application Gateway,eastus,22,8,5,0.008,0.448,0.12017727,USD,False
2026-07-29,2026-07-29T19:44:36Z,Application Gateway,eastus2,22,8,5,0.008,0.448,0.12017727,USD,False
2026-07-29,2026-07-29T19:44:36Z,Application Gateway,japaneast,18,7,5,0.008,0.522,0.16874278,USD,False
2026-07-29,2026-07-29T19:44:36Z,Application Gateway,northeurope,22,8,5,0.008,0.50176,0.13672182,USD,False
2026-07-29,2026-07-29T19:44:36Z,Application Gateway,southeastasia,22,8,5,0.008,0.50176,0.14207636,USD,False
2026-07-29,2026-07-29T19:44:36Z,Application Gateway,swedencentral,18,7,5,0.0076,0.50176,0.16225667,USD,False
2026-07-29,2026-07-29T19:44:36Z,Application Gateway,westeurope,22,8,5,0.008,0.50176,0.14206727,USD,False
2026-07-29,2026-07-29T19:44:36Z,Application Gateway,westus2,18,7,5,0.008,0.448,0.13827222,USD,False
2026-07-29,2026-07-29T19:44:36Z,Azure App Service,australiaeast,124,20,67,0.016,80.0,3.33422719,USD,False
2026-07-29,2026-07-29T19:44:36Z,Azure App Service,brazilsouth,102,18,56,0.0158,80.0,2.96177998,USD,False
2026-07-29,2026-07-29T19:44:36Z,Azure App Service,eastus,113,16,62,0.017,80.0,3.05313451,USD,False
2026-07-29,2026-07-29T19:44:36Z,Azure App Service,eastus2,117,17,63,0.0,80.0,3.02458982,USD,False
2026-07-29,2026-07-29T19:44:36Z,Azure App Service,japaneast,128,21,68,0.0,80.0,3.31481827,USD,False
2026-07-29,2026-07-29T19:44:36Z,Azure App Service,northeurope,113,16,62,0.018,80.0,3.45700196,USD,False
2026-07-29,2026-07-29T19:44:36Z,Azure App Service,southeastasia,113,16,62,0.018,80.0,3.50719758,USD,False
2026-07-29,2026-07-29T19:44:36Z,Azure App Service,swedencentral,111,17,60,0.0,80.0,3.06190559,USD,False
2026-07-29,2026-07-29T19:44:36Z,Azure App Service,westeurope,117,17,63,0.0,80.0,3.48324291,USD,False
2026-07-29,2026-07-29T19:44:36Z,Azure App Service,westus2,117,17,63,0.0,80.0,3.01730191,USD,False
2026-07-29,2026-07-29T19:44:36Z,Azure Cosmos DB,australiaeast,106,14,81,0.0,32.553,2.54770911,USD,False
2026-07-29,2026-07-29T19:44:36Z,Azure Cosmos DB,brazilsouth,103,14,78,0.0,44.9,3.58415748,USD,False
2026-07-29,2026-07-29T19:44:36Z,Azure Cosmos DB,eastus,99,14,76,0.0,22.45,2.07406196,USD,False
2026-07-29,2026-07-29T19:44:36Z,Azure Cosmos DB,eastus2,99,14,76,0.0,22.45,2.07625388,USD,False
2026-07-29,2026-07-29T19:44:36Z,Azure Cosmos DB,japaneast,106,14,81,0.0,32.553,2.5569471,USD,False
2026-07-29,2026-07-29T19:44:36Z,Azure Cosmos DB,northeurope,106,14,81,0.0,26.94,2.21805191,USD,False
2026-07-29,2026-07-29T19:44:36Z,Azure Cosmos DB,southeastasia,106,14,81,0.0,29.185,2.30645925,USD,False
2026-07-29,2026-07-29T19:44:36Z,Azure Cosmos DB,swedencentral,97,14,73,0.0,29.185,2.587158,USD,False
2026-07-29,2026-07-29T19:44:36Z,Azure Cosmos DB,westeurope,106,14,81,0.0,29.185,2.39201482,USD,False
2026-07-29,2026-07-29T19:44:36Z,Azure Cosmos DB,westus2,99,14,76,0.0,22.45,2.04923503,USD,False
2026-07-29,2026-07-29T19:44:36Z,Azure Database for PostgreSQL,australiaeast,110,41,51,0.0,76.343,4.2150551,USD,False
2026-07-29,2026-07-29T19:44:36Z,Azure Database for PostgreSQL,brazilsouth,114,43,51,0.0,133.345,6.61975691,USD,False
2026-07-29,2026-07-29T19:44:36Z,Azure Database for PostgreSQL,eastus,113,43,51,0.0,63.619,3.34446829,USD,False
2026-07-29,2026-07-29T19:44:36Z,Azure Database for PostgreSQL,eastus2,114,44,51,0.0,63.619,3.31846857,USD,False
2026-07-29,2026-07-29T19:44:36Z,Azure Database for PostgreSQL,japaneast,113,43,51,0.0,76.343,4.10567701,USD,False
2026-07-29,2026-07-29T19:44:36Z,Azure Database for PostgreSQL,northeurope,115,45,51,0.0,71.253,3.6713461,USD,False
2026-07-29,2026-07-29T19:44:36Z,Azure Database for PostgreSQL,southeastasia,113,43,51,0.0,76.343,4.10288261,USD,False
2026-07-29,2026-07-29T19:44:36Z,Azure Database for PostgreSQL,swedencentral,107,41,50,0.0,65.4,3.62892189,USD,False
2026-07-29,2026-07-29T19:44:36Z,Azure Database for PostgreSQL,westeurope,117,47,51,0.0,77.615,3.92131902,USD,False
2026-07-29,2026-07-29T19:44:36Z,Azure Database for PostgreSQL,westus2,110,41,51,0.0,63.619,3.43423015,USD,False
2026-07-29,2026-07-29T19:44:36Z,Azure Kubernetes Service,australiaeast,8,1,1,0.010602,0.16,0.0385475,USD,False
2026-07-29,2026-07-29T19:44:36Z,Azure Kubernetes Service,brazilsouth,8,1,1,0.014624,0.16,0.045583,USD,False
2026-07-29,2026-07-29T19:44:36Z,Azure Kubernetes Service,eastus,9,2,2,0.007312,0.6,0.09581467,USD,False
2026-07-29,2026-07-29T19:44:36Z,Azure Kubernetes Service,eastus2,8,1,1,0.007312,0.16,0.0327915,USD,False
2026-07-29,2026-07-29T19:44:36Z,Azure Kubernetes Service,japaneast,8,1,1,0.010602,0.16,0.0385475,USD,False
2026-07-29,2026-07-29T19:44:36Z,Azure Kubernetes Service,northeurope,8,1,1,0.008774,0.16,0.0353495,USD,False
2026-07-29,2026-07-29T19:44:36Z,Azure Kubernetes Service,southeastasia,8,1,1,0.009506,0.16,0.036629,USD,False
2026-07-29,2026-07-29T19:44:36Z,Azure Kubernetes Service,swedencentral,8,1,1,0.009506,0.16,0.036629,USD,False
2026-07-29,2026-07-29T19:44:36Z,Azure Kubernetes Service,westeurope,8,1,1,0.010456,0.16,0.03829175,USD,False
2026-07-29,2026-07-29T19:44:36Z,Azure Kubernetes Service,westus2,8,1,1,0.007312,0.16,0.0327915,USD,False
2026-07-29,2026-07-29T19:44:36Z,Functions,australiaeast,9,2,3,0.0,0.182,0.02167433,USD,False
2026-07-29,2026-07-29T19:44:36Z,Functions,brazilsouth,9,2,3,0.0,0.183,0.02179656,USD,False
2026-07-29,2026-07-29T19:44:36Z,Functions,eastus,9,2,3,0.0,0.173,0.02059489,USD,False
2026-07-29,2026-07-29T19:44:36Z,Functions,eastus2,9,2,3,0.0,0.16,0.01905044,USD,False
2026-07-29,2026-07-29T19:44:36Z,Functions,japaneast,9,2,3,0.0,0.196,0.02333933,USD,False
2026-07-29,2026-07-29T19:44:36Z,Functions,northeurope,9,2,3,0.0,0.167,0.01988378,USD,False
2026-07-29,2026-07-29T19:44:36Z,Functions,southeastasia,9,2,3,0.0,0.178,0.02119656,USD,False
2026-07-29,2026-07-29T19:44:36Z,Functions,swedencentral,9,2,3,0.0,0.169,0.02012822,USD,False
2026-07-29,2026-07-29T19:44:36Z,Functions,westeurope,9,2,3,0.0,0.169,0.02012822,USD,False
2026-07-29,2026-07-29T19:44:36Z,Functions,westus2,9,2,3,0.0,0.16,0.01905044,USD,False
2026-07-29,2026-07-29T19:44:36Z,Load Balancer,australiaeast,0,0,0,,,,USD,False
2026-07-29,2026-07-29T19:44:36Z,Load Balancer,brazilsouth,0,0,0,,,,USD,False
2026-07-29,2026-07-29T19:44:36Z,Load Balancer,eastus,0,0,0,,,,USD,False
2026-07-29,2026-07-29T19:44:36Z,Load Balancer,eastus2,0,0,0,,,,USD,False
2026-07-29,2026-07-29T19:44:36Z,Load Balancer,japaneast,0,0,0,,,,USD,False
2026-07-29,2026-07-29T19:44:36Z,Load Balancer,northeurope,0,0,0,,,,USD,False
2026-07-29,2026-07-29T19:44:36Z,Load Balancer,southeastasia,0,0,0,,,,USD,False
2026-07-29,2026-07-29T19:44:36Z,Load Balancer,swedencentral,0,0,0,,,,USD,False
2026-07-29,2026-07-29T19:44:36Z,Load Balancer,westeurope,0,0,0,,,,USD,False
2026-07-29,2026-07-29T19:44:36Z,Load Balancer,westus2,0,0,0,,,,USD,False
2026-07-29,2026-07-29T19:44:36Z,SQL Database,australiaeast,154,37,77,0.0,571.408,22.78711522,USD,False
2026-07-29,2026-07-29T19:44:36Z,SQL Database,brazilsouth,109,35,71,0.0,627.26,31.3701431,USD,False
2026-07-29,2026-07-29T19:44:36Z,SQL Database,eastus,113,30,37,0.0,24.36,2.87434587,USD,False
2026-07-29,2026-07-29T19:44:36Z,SQL Database,eastus2,108,29,36,0.0,24.36,2.98343595,USD,False
2026-07-29,2026-07-29T19:44:36Z,SQL Database,japaneast,150,37,75,0.0,584.208,23.84588713,USD,False
2026-07-29,2026-07-29T19:44:36Z,SQL Database,northeurope,113,30,37,0.0,29.22,3.43563935,USD,False
2026-07-29,2026-07-29T19:44:36Z,SQL Database,southeastasia,111,29,37,0.0,31.66,3.77798125,USD,False
2026-07-29,2026-07-29T19:44:36Z,SQL Database,swedencentral,106,30,74,0.0,516.128,26.50978892,USD,False
2026-07-29,2026-07-29T19:44:36Z,SQL Database,westeurope,113,30,37,0.0,31.66,3.72220855,USD,False
2026-07-29,2026-07-29T19:44:36Z,SQL Database,westus2,111,29,37,0.0,24.36,2.91339714,USD,False
2026-07-29,2026-07-29T19:44:36Z,Storage,australiaeast,200,23,68,0.0,3342.34,23.89177272,USD,True
2026-07-29,2026-07-29T19:44:36Z,Storage,brazilsouth,200,27,62,0.0,4669.71,74.65290366,USD,True
2026-07-29,2026-07-29T19:44:36Z,Storage,eastus,200,28,70,0.0,3686.4,51.35685995,USD,False
2026-07-29,2026-07-29T19:44:36Z,Storage,eastus2,200,25,72,0.0,3686.4,24.146832,USD,False
2026-07-29,2026-07-29T19:44:36Z,Storage,japaneast,200,26,71,0.0,3109.035,41.43337182,USD,False
2026-07-29,2026-07-29T19:44:36Z,Storage,northeurope,200,26,69,0.0,3604.11,53.98662846,USD,False
2026-07-29,2026-07-29T19:44:36Z,Storage,southeastasia,200,28,79,0.0,3686.4,33.44616051,USD,False
2026-07-29,2026-07-29T19:44:36Z,Storage,swedencentral,200,26,76,0.0,3686.4,31.87963216,USD,True
2026-07-29,2026-07-29T19:44:36Z,Storage,westeurope,200,25,73,0.0,1982.17,32.12951834,USD,False
2026-07-29,2026-07-29T19:44:36Z,Storage,westus2,200,26,73,0.0,3686.4,34.08984903,USD,False
2026-07-29,2026-07-29T19:44:36Z,Virtual Machines,australiaeast,200,135,193,0.014026,41.918,2.83286248,USD,True
2026-07-29,2026-07-29T19:44:36Z,Virtual Machines,brazilsouth,200,139,196,0.00303,133.07446,4.96300965,USD,True
2026-07-29,2026-07-29T19:44:36Z,Virtual Machines,eastus,200,143,198,0.0,117.7788,3.82724009,USD,True
2026-07-29,2026-07-29T19:44:36Z,Virtual Machines,eastus2,200,147,200,0.00846,116.052,4.11606928,USD,True
2026-07-29,2026-07-29T19:44:36Z,Virtual Machines,japaneast,200,129,198,0.00864,179.244241,4.59030583,USD,True
2026-07-29,2026-07-29T19:44:36Z,Virtual Machines,northeurope,200,149,200,0.00204,71.50672,2.78813447,USD,True
2026-07-29,2026-07-29T19:44:36Z,Virtual Machines,southeastasia,200,141,198,0.021067,213.0211,6.19528376,USD,True
2026-07-29,2026-07-29T19:44:36Z,Virtual Machines,swedencentral,200,127,198,0.011,196.6272,4.39852564,USD,True
2026-07-29,2026-07-29T19:44:36Z,Virtual Machines,westeurope,200,135,199,0.00216,147.07536,6.45596616,USD,True
2026-07-29,2026-07-29T19:44:36Z,Virtual Machines,westus2,200,151,196,0.004,451.616,7.56518789,USD,True
2026-07-30,2026-07-30T19:53:10Z,Application Gateway,australiaeast,22,8,5,0.008,0.522,0.15022182,USD,False
2026-07-30,2026-07-30T19:53:10Z,Application Gateway,brazilsouth,18,7,5,0.008,0.72,0.20858,USD,False
2026-07-30,2026-07-30T19:53:10Z,Application Gateway,eastus,22,8,5,0.008,0.448,0.12017727,USD,False
2026-07-30,2026-07-30T19:53:10Z,Application Gateway,eastus2,22,8,5,0.008,0.448,0.12017727,USD,False
2026-07-30,2026-07-30T19:53:10Z,Application Gateway,japaneast,18,7,5,0.008,0.522,0.16874278,USD,False
2026-07-30,2026-07-30T19:53:10Z,Application Gateway,northeurope,22,8,5,0.008,0.50176,0.13672182,USD,False
2026-07-30,2026-07-30T19:53:10Z,Application Gateway,southeastasia,22,8,5,0.008,0.50176,0.14207636,USD,False
2026-07-30,2026-07-30T19:53:10Z,Application Gateway,swedencentral,18,7,5,0.0076,0.50176,0.16225667,USD,False
2026-07-30,2026-07-30T19:53:10Z,Application Gateway,westeurope,22,8,5,0.008,0.50176,0.14206727,USD,False
2026-07-30,2026-07-30T19:53:10Z,Application Gateway,westus2,18,7,5,0.008,0.448,0.13827222,USD,False
2026-07-30,2026-07-30T19:53:10Z,Azure App Service,australiaeast,124,20,67,0.016,80.0,3.33422719,USD,False
2026-07-30,2026-07-30T19:53:10Z,Azure App Service,brazilsouth,102,18,56,0.0158,80.0,2.96177998,USD,False
2026-07-30,2026-07-30T19:53:10Z,Azure App Service,eastus,113,16,62,0.017,80.0,3.05313451,USD,False
2026-07-30,2026-07-30T19:53:10Z,Azure App Service,eastus2,117,17,63,0.0,80.0,3.02458982,USD,False
2026-07-30,2026-07-30T19:53:10Z,Azure App Service,japaneast,128,21,68,0.0,80.0,3.31481827,USD,False
2026-07-30,2026-07-30T19:53:10Z,Azure App Service,northeurope,113,16,62,0.018,80.0,3.45700196,USD,False
2026-07-30,2026-07-30T19:53:10Z,Azure App Service,southeastasia,113,16,62,0.018,80.0,3.50719758,USD,False
2026-07-30,2026-07-30T19:53:10Z,Azure App Service,swedencentral,111,17,60,0.0,80.0,3.06190559,USD,False
2026-07-30,2026-07-30T19:53:10Z,Azure App Service,westeurope,117,17,63,0.0,80.0,3.48324291,USD,False
2026-07-30,2026-07-30T19:53:10Z,Azure App Service,westus2,117,17,63,0.0,80.0,3.01730191,USD,False
2026-07-30,2026-07-30T19:53:10Z,Azure Cosmos DB,australiaeast,106,14,81,0.0,32.553,2.54770911,USD,False
2026-07-30,2026-07-30T19:53:10Z,Azure Cosmos DB,brazilsouth,103,14,78,0.0,44.9,3.58415748,USD,False
2026-07-30,2026-07-30T19:53:10Z,Azure Cosmos DB,eastus,99,14,76,0.0,22.45,2.07406196,USD,False
2026-07-30,2026-07-30T19:53:10Z,Azure Cosmos DB,eastus2,99,14,76,0.0,22.45,2.07625388,USD,False
2026-07-30,2026-07-30T19:53:10Z,Azure Cosmos DB,japaneast,106,14,81,0.0,32.553,2.5569471,USD,False
2026-07-30,2026-07-30T19:53:10Z,Azure Cosmos DB,northeurope,106,14,81,0.0,26.94,2.21805191,USD,False
2026-07-30,2026-07-30T19:53:10Z,Azure Cosmos DB,southeastasia,106,14,81,0.0,29.185,2.30645925,USD,False
2026-07-30,2026-07-30T19:53:10Z,Azure Cosmos DB,swedencentral,97,14,73,0.0,29.185,2.587158,USD,False
2026-07-30,2026-07-30T19:53:10Z,Azure Cosmos DB,westeurope,106,14,81,0.0,29.185,2.39201482,USD,False
2026-07-30,2026-07-30T19:53:10Z,Azure Cosmos DB,westus2,99,14,76,0.0,22.45,2.04923503,USD,False
2026-07-30,2026-07-30T19:53:10Z,Azure Database for PostgreSQL,australiaeast,110,41,51,0.0,76.343,4.2150551,USD,False
2026-07-30,2026-07-30T19:53:10Z,Azure Database for PostgreSQL,brazilsouth,114,43,51,0.0,133.345,6.61975691,USD,False
2026-07-30,2026-07-30T19:53:10Z,Azure Database for PostgreSQL,eastus,113,43,51,0.0,63.619,3.34446829,USD,False
2026-07-30,2026-07-30T19:53:10Z,Azure Database for PostgreSQL,eastus2,114,44,51,0.0,63.619,3.31846857,USD,False
2026-07-30,2026-07-30T19:53:10Z,Azure Database for PostgreSQL,japaneast,113,43,51,0.0,76.343,4.10567701,USD,False
2026-07-30,2026-07-30T19:53:10Z,Azure Database for PostgreSQL,northeurope,115,45,51,0.0,71.253,3.6713461,USD,False
2026-07-30,2026-07-30T19:53:10Z,Azure Database for PostgreSQL,southeastasia,113,43,51,0.0,76.343,4.10288261,USD,False
2026-07-30,2026-07-30T19:53:10Z,Azure Database for PostgreSQL,swedencentral,107,41,50,0.0,65.4,3.62892189,USD,False
2026-07-30,2026-07-30T19:53:10Z,Azure Database for PostgreSQL,westeurope,117,47,51,0.0,77.615,3.92131902,USD,False
2026-07-30,2026-07-30T19:53:10Z,Azure Database for PostgreSQL,westus2,110,41,51,0.0,63.619,3.43423015,USD,False
2026-07-30,2026-07-30T19:53:10Z,Azure Kubernetes Service,australiaeast,8,1,1,0.010602,0.16,0.0385475,USD,False
2026-07-30,2026-07-30T19:53:10Z,Azure Kubernetes Service,brazilsouth,8,1,1,0.014624,0.16,0.045583,USD,False
2026-07-30,2026-07-30T19:53:10Z,Azure Kubernetes Service,eastus,9,2,2,0.007312,0.6,0.09581467,USD,False
2026-07-30,2026-07-30T19:53:10Z,Azure Kubernetes Service,eastus2,8,1,1,0.007312,0.16,0.0327915,USD,False
2026-07-30,2026-07-30T19:53:10Z,Azure Kubernetes Service,japaneast,8,1,1,0.010602,0.16,0.0385475,USD,False
2026-07-30,2026-07-30T19:53:10Z,Azure Kubernetes Service,northeurope,8,1,1,0.008774,0.16,0.0353495,USD,False
2026-07-30,2026-07-30T19:53:10Z,Azure Kubernetes Service,southeastasia,8,1,1,0.009506,0.16,0.036629,USD,False
2026-07-30,2026-07-30T19:53:10Z,Azure Kubernetes Service,swedencentral,8,1,1,0.009506,0.16,0.036629,USD,False
2026-07-30,2026-07-30T19:53:10Z,Azure Kubernetes Service,westeurope,8,1,1,0.010456,0.16,0.03829175,USD,False
2026-07-30,2026-07-30T19:53:10Z,Azure Kubernetes Service,westus2,8,1,1,0.007312,0.16,0.0327915,USD,False
2026-07-30,2026-07-30T19:53:10Z,Functions,australiaeast,9,2,3,0.0,0.182,0.02167433,USD,False
2026-07-30,2026-07-30T19:53:10Z,Functions,brazilsouth,9,2,3,0.0,0.183,0.02179656,USD,False
2026-07-30,2026-07-30T19:53:10Z,Functions,eastus,9,2,3,0.0,0.173,0.02059489,USD,False
2026-07-30,2026-07-30T19:53:10Z,Functions,eastus2,9,2,3,0.0,0.16,0.01905044,USD,False
2026-07-30,2026-07-30T19:53:10Z,Functions,japaneast,9,2,3,0.0,0.196,0.02333933,USD,False
2026-07-30,2026-07-30T19:53:10Z,Functions,northeurope,9,2,3,0.0,0.167,0.01988378,USD,False
2026-07-30,2026-07-30T19:53:10Z,Functions,southeastasia,9,2,3,0.0,0.178,0.02119656,USD,False
2026-07-30,2026-07-30T19:53:10Z,Functions,swedencentral,9,2,3,0.0,0.169,0.02012822,USD,False
2026-07-30,2026-07-30T19:53:10Z,Functions,westeurope,9,2,3,0.0,0.169,0.02012822,USD,False
2026-07-30,2026-07-30T19:53:10Z,Functions,westus2,9,2,3,0.0,0.16,0.01905044,USD,False
2026-07-30,2026-07-30T19:53:10Z,Load Balancer,australiaeast,0,0,0,,,,USD,False
2026-07-30,2026-07-30T19:53:10Z,Load Balancer,brazilsouth,0,0,0,,,,USD,False
2026-07-30,2026-07-30T19:53:10Z,Load Balancer,eastus,0,0,0,,,,USD,False
2026-07-30,2026-07-30T19:53:10Z,Load Balancer,eastus2,0,0,0,,,,USD,False
2026-07-30,2026-07-30T19:53:10Z,Load Balancer,japaneast,0,0,0,,,,USD,False
2026-07-30,2026-07-30T19:53:10Z,Load Balancer,northeurope,0,0,0,,,,USD,False
2026-07-30,2026-07-30T19:53:10Z,Load Balancer,southeastasia,0,0,0,,,,USD,False
2026-07-30,2026-07-30T19:53:10Z,Load Balancer,swedencentral,0,0,0,,,,USD,False
2026-07-30,2026-07-30T19:53:10Z,Load Balancer,westeurope,0,0,0,,,,USD,False
2026-07-30,2026-07-30T19:53:10Z,Load Balancer,westus2,0,0,0,,,,USD,False
2026-07-30,2026-07-30T19:53:10Z,SQL Database,australiaeast,154,37,77,0.0,571.408,22.78711522,USD,False
2026-07-30,2026-07-30T19:53:10Z,SQL Database,brazilsouth,109,35,71,0.0,627.26,31.3701431,USD,False
2026-07-30,2026-07-30T19:53:10Z,SQL Database,eastus,113,30,37,0.0,24.36,2.87434587,USD,False
2026-07-30,2026-07-30T19:53:10Z,SQL Database,eastus2,108,29,36,0.0,24.36,2.98343595,USD,False
2026-07-30,2026-07-30T19:53:10Z,SQL Database,japaneast,150,37,75,0.0,584.208,23.84588713,USD,False
2026-07-30,2026-07-30T19:53:10Z,SQL Database,northeurope,113,30,37,0.0,29.22,3.43563935,USD,False
2026-07-30,2026-07-30T19:53:10Z,SQL Database,southeastasia,111,29,37,0.0,31.66,3.77798125,USD,False
2026-07-30,2026-07-30T19:53:10Z,SQL Database,swedencentral,106,30,74,0.0,516.128,26.50978892,USD,False
2026-07-30,2026-07-30T19:53:10Z,SQL Database,westeurope,113,30,37,0.0,31.66,3.72220855,USD,False
2026-07-30,2026-07-30T19:53:10Z,SQL Database,westus2,111,29,37,0.0,24.36,2.91339714,USD,False
2026-07-30,2026-07-30T19:53:10Z,Storage,australiaeast,200,23,68,0.0,3342.34,23.89177272,USD,True
2026-07-30,2026-07-30T19:53:10Z,Storage,brazilsouth,200,27,62,0.0,4669.71,74.65290366,USD,True
2026-07-30,2026-07-30T19:53:10Z,Storage,eastus,200,28,70,0.0,3686.4,51.35685995,USD,False
2026-07-30,2026-07-30T19:53:10Z,Storage,eastus2,200,25,72,0.0,3686.4,24.146832,USD,False
2026-07-30,2026-07-30T19:53:10Z,Storage,japaneast,200,26,71,0.0,3109.035,41.43337182,USD,False
2026-07-30,2026-07-30T19:53:10Z,Storage,northeurope,200,26,69,0.0,3604.11,53.98662846,USD,False
2026-07-30,2026-07-30T19:53:10Z,Storage,southeastasia,200,28,79,0.0,3686.4,33.44616051,USD,False
2026-07-30,2026-07-30T19:53:10Z,Storage,swedencentral,200,26,76,0.0,3686.4,31.87963216,USD,True
2026-07-30,2026-07-30T19:53:10Z,Storage,westeurope,200,25,73,0.0,1982.17,32.12951834,USD,False
2026-07-30,2026-07-30T19:53:10Z,Storage,westus2,200,26,73,0.0,3686.4,34.08984903,USD,False
2026-07-30,2026-07-30T19:53:10Z,Virtual Machines,australiaeast,200,135,193,0.014026,41.918,2.83286248,USD,True
2026-07-30,2026-07-30T19:53:10Z,Virtual Machines,brazilsouth,200,139,196,0.00303,133.07446,4.96300965,USD,True
2026-07-30,2026-07-30T19:53:10Z,Virtual Machines,eastus,200,143,198,0.0,117.7788,3.82724009,USD,True
2026-07-30,2026-07-30T19:53:10Z,Virtual Machines,eastus2,200,147,200,0.00846,116.052,4.11606928,USD,True
2026-07-30,2026-07-30T19:53:10Z,Virtual Machines,japaneast,200,129,198,0.00864,179.244241,4.59030583,USD,True
2026-07-30,2026-07-30T19:53:10Z,Virtual Machines,northeurope,200,149,200,0.00204,71.50672,2.78813447,USD,True
2026-07-30,2026-07-30T19:53:10Z,Virtual Machines,southeastasia,200,141,198,0.021067,213.0211,6.19528376,USD,True
2026-07-30,2026-07-30T19:53:10Z,Virtual Machines,swedencentral,200,127,198,0.011,196.6272,4.39852564,USD,True
2026-07-30,2026-07-30T19:53:10Z,Virtual Machines,westeurope,200,135,199,0.00216,147.07536,6.45596616,USD,True
2026-07-30,2026-07-30T19:53:10Z,Virtual Machines,westus2,200,151,196,0.004,451.616,7.56518789,USD,True
2026-07-31,2026-07-31T19:53:17Z,Application Gateway,australiaeast,22,8,5,0.008,0.522,0.15022182,USD,False
2026-07-31,2026-07-31T19:53:17Z,Application Gateway,brazilsouth,18,7,5,0.008,0.72,0.20858,USD,False
2026-07-31,2026-07-31T19:53:17Z,Application Gateway,eastus,22,8,5,0.008,0.448,0.12017727,USD,False
2026-07-31,2026-07-31T19:53:17Z,Application Gateway,eastus2,22,8,5,0.008,0.448,0.12017727,USD,False
2026-07-31,2026-07-31T19:53:17Z,Application Gateway,japaneast,18,7,5,0.008,0.522,0.16874278,USD,False
2026-07-31,2026-07-31T19:53:17Z,Application Gateway,northeurope,22,8,5,0.008,0.50176,0.13672182,USD,False
2026-07-31,2026-07-31T19:53:17Z,Application Gateway,southeastasia,22,8,5,0.008,0.50176,0.14207636,USD,False
2026-07-31,2026-07-31T19:53:17Z,Application Gateway,swedencentral,18,7,5,0.0076,0.50176,0.16225667,USD,False
2026-07-31,2026-07-31T19:53:17Z,Application Gateway,westeurope,22,8,5,0.008,0.50176,0.14206727,USD,False
2026-07-31,2026-07-31T19:53:17Z,Application Gateway,westus2,18,7,5,0.008,0.448,0.13827222,USD,False
2026-07-31,2026-07-31T19:53:17Z,Azure App Service,australiaeast,124,20,67,0.016,80.0,3.33422719,USD,False
2026-07-31,2026-07-31T19:53:17Z,Azure App Service,brazilsouth,102,18,56,0.0158,80.0,2.96177998,USD,False
2026-07-31,2026-07-31T19:53:17Z,Azure App Service,eastus,113,16,62,0.017,80.0,3.05313451,USD,False
2026-07-31,2026-07-31T19:53:17Z,Azure App Service,eastus2,117,17,63,0.0,80.0,3.02458982,USD,False
2026-07-31,2026-07-31T19:53:17Z,Azure App Service,japaneast,128,21,68,0.0,80.0,3.31481827,USD,False
2026-07-31,2026-07-31T19:53:17Z,Azure App Service,northeurope,113,16,62,0.018,80.0,3.45700196,USD,False
2026-07-31,2026-07-31T19:53:17Z,Azure App Service,southeastasia,113,16,62,0.018,80.0,3.50719758,USD,False
2026-07-31,2026-07-31T19:53:17Z,Azure App Service,swedencentral,111,17,60,0.0,80.0,3.06190559,USD,False
2026-07-31,2026-07-31T19:53:17Z,Azure App Service,westeurope,117,17,63,0.0,80.0,3.48324291,USD,False
2026-07-31,2026-07-31T19:53:17Z,Azure App Service,westus2,117,17,63,0.0,80.0,3.01730191,USD,False
2026-07-31,2026-07-31T19:53:17Z,Azure Cosmos DB,australiaeast,106,14,81,0.0,32.553,2.54770911,USD,False
2026-07-31,2026-07-31T19:53:17Z,Azure Cosmos DB,brazilsouth,103,14,78,0.0,44.9,3.58415748,USD,False
2026-07-31,2026-07-31T19:53:17Z,Azure Cosmos DB,eastus,99,14,76,0.0,22.45,2.07406196,USD,False
2026-07-31,2026-07-31T19:53:17Z,Azure Cosmos DB,eastus2,99,14,76,0.0,22.45,2.07625388,USD,False
2026-07-31,2026-07-31T19:53:17Z,Azure Cosmos DB,japaneast,106,14,81,0.0,32.553,2.5569471,USD,False
2026-07-31,2026-07-31T19:53:17Z,Azure Cosmos DB,northeurope,106,14,81,0.0,26.94,2.21805191,USD,False
2026-07-31,2026-07-31T19:53:17Z,Azure Cosmos DB,southeastasia,106,14,81,0.0,29.185,2.30645925,USD,False
2026-07-31,2026-07-31T19:53:17Z,Azure Cosmos DB,swedencentral,97,14,73,0.0,29.185,2.587158,USD,False
2026-07-31,2026-07-31T19:53:17Z,Azure Cosmos DB,westeurope,106,14,81,0.0,29.185,2.39201482,USD,False
2026-07-31,2026-07-31T19:53:17Z,Azure Cosmos DB,westus2,99,14,76,0.0,22.45,2.04923503,USD,False
2026-07-31,2026-07-31T19:53:17Z,Azure Database for PostgreSQL,australiaeast,110,41,51,0.0,76.343,4.2150551,USD,False
2026-07-31,2026-07-31T19:53:17Z,Azure Database for PostgreSQL,brazilsouth,114,43,51,0.0,133.345,6.61975691,USD,False
2026-07-31,2026-07-31T19:53:17Z,Azure Database for PostgreSQL,eastus,113,43,51,0.0,63.619,3.34446829,USD,False
2026-07-31,2026-07-31T19:53:17Z,Azure Database for PostgreSQL,eastus2,114,44,51,0.0,63.619,3.31846857,USD,False
2026-07-31,2026-07-31T19:53:17Z,Azure Database for PostgreSQL,japaneast,113,43,51,0.0,76.343,4.10567701,USD,False
2026-07-31,2026-07-31T19:53:17Z,Azure Database for PostgreSQL,northeurope,115,45,51,0.0,71.253,3.6713461,USD,False
2026-07-31,2026-07-31T19:53:17Z,Azure Database for PostgreSQL,southeastasia,113,43,51,0.0,76.343,4.10288261,USD,False
2026-07-31,2026-07-31T19:53:17Z,Azure Database for PostgreSQL,swedencentral,107,41,50,0.0,65.4,3.62892189,USD,False
2026-07-31,2026-07-31T19:53:17Z,Azure Database for PostgreSQL,westeurope,117,47,51,0.0,77.615,3.92131902,USD,False
2026-07-31,2026-07-31T19:53:17Z,Azure Database for PostgreSQL,westus2,110,41,51,0.0,63.619,3.43423015,USD,False
2026-07-31,2026-07-31T19:53:17Z,Azure Kubernetes Service,australiaeast,8,1,1,0.010602,0.16,0.0385475,USD,False
2026-07-31,2026-07-31T19:53:17Z,Azure Kubernetes Service,brazilsouth,8,1,1,0.014624,0.16,0.045583,USD,False
2026-07-31,2026-07-31T19:53:17Z,Azure Kubernetes Service,eastus,9,2,2,0.007312,0.6,0.09581467,USD,False
2026-07-31,2026-07-31T19:53:17Z,Azure Kubernetes Service,eastus2,8,1,1,0.007312,0.16,0.0327915,USD,False
2026-07-31,2026-07-31T19:53:17Z,Azure Kubernetes Service,japaneast,8,1,1,0.010602,0.16,0.0385475,USD,False
2026-07-31,2026-07-31T19:53:17Z,Azure Kubernetes Service,northeurope,8,1,1,0.008774,0.16,0.0353495,USD,False
2026-07-31,2026-07-31T19:53:17Z,Azure Kubernetes Service,southeastasia,8,1,1,0.009506,0.16,0.036629,USD,False
2026-07-31,2026-07-31T19:53:17Z,Azure Kubernetes Service,swedencentral,8,1,1,0.009506,0.16,0.036629,USD,False
2026-07-31,2026-07-31T19:53:17Z,Azure Kubernetes Service,westeurope,8,1,1,0.010456,0.16,0.03829175,USD,False
2026-07-31,2026-07-31T19:53:17Z,Azure Kubernetes Service,westus2,8,1,1,0.007312,0.16,0.0327915,USD,False
2026-07-31,2026-07-31T19:53:17Z,Functions,australiaeast,9,2,3,0.0,0.182,0.02167433,USD,False
2026-07-31,2026-07-31T19:53:17Z,Functions,brazilsouth,9,2,3,0.0,0.183,0.02179656,USD,False
2026-07-31,2026-07-31T19:53:17Z,Functions,eastus,9,2,3,0.0,0.173,0.02059489,USD,False
2026-07-31,2026-07-31T19:53:17Z,Functions,eastus2,9,2,3,0.0,0.16,0.01905044,USD,False
2026-07-31,2026-07-31T19:53:17Z,Functions,japaneast,9,2,3,0.0,0.196,0.02333933,USD,False
2026-07-31,2026-07-31T19:53:17Z,Functions,northeurope,9,2,3,0.0,0.167,0.01988378,USD,False
2026-07-31,2026-07-31T19:53:17Z,Functions,southeastasia,9,2,3,0.0,0.178,0.02119656,USD,False
2026-07-31,2026-07-31T19:53:17Z,Functions,swedencentral,9,2,3,0.0,0.169,0.02012822,USD,False
2026-07-31,2026-07-31T19:53:17Z,Functions,westeurope,9,2,3,0.0,0.169,0.02012822,USD,False
2026-07-31,2026-07-31T19:53:17Z,Functions,westus2,9,2,3,0.0,0.16,0.01905044,USD,False
2026-07-31,2026-07-31T19:53:17Z,Load Balancer,australiaeast,0,0,0,,,,USD,False
2026-07-31,2026-07-31T19:53:17Z,Load Balancer,brazilsouth,0,0,0,,,,USD,False
2026-07-31,2026-07-31T19:53:17Z,Load Balancer,eastus,0,0,0,,,,USD,False
2026-07-31,2026-07-31T19:53:17Z,Load Balancer,eastus2,0,0,0,,,,USD,False
2026-07-31,2026-07-31T19:53:17Z,Load Balancer,japaneast,0,0,0,,,,USD,False
2026-07-31,2026-07-31T19:53:17Z,Load Balancer,northeurope,0,0,0,,,,USD,False
2026-07-31,2026-07-31T19:53:17Z,Load Balancer,southeastasia,0,0,0,,,,USD,False
2026-07-31,2026-07-31T19:53:17Z,Load Balancer,swedencentral,0,0,0,,,,USD,False
2026-07-31,2026-07-31T19:53:17Z,Load Balancer,westeurope,0,0,0,,,,USD,False
2026-07-31,2026-07-31T19:53:17Z,Load Balancer,westus2,0,0,0,,,,USD,False
2026-07-31,2026-07-31T19:53:17Z,SQL Database,australiaeast,154,37,77,0.0,571.408,22.78711522,USD,False
2026-07-31,2026-07-31T19:53:17Z,SQL Database,brazilsouth,109,35,71,0.0,627.26,31.3701431,USD,False
2026-07-31,2026-07-31T19:53:17Z,SQL Database,eastus,113,30,37,0.0,24.36,2.87434587,USD,False
2026-07-31,2026-07-31T19:53:17Z,SQL Database,eastus2,108,29,36,0.0,24.36,2.98343595,USD,False
2026-07-31,2026-07-31T19:53:17Z,SQL Database,japaneast,150,37,75,0.0,584.208,23.84588713,USD,False
2026-07-31,2026-07-31T19:53:17Z,SQL Database,northeurope,113,30,37,0.0,29.22,3.43563935,USD,False
2026-07-31,2026-07-31T19:53:17Z,SQL Database,southeastasia,111,29,37,0.0,31.66,3.77798125,USD,False
2026-07-31,2026-07-31T19:53:17Z,SQL Database,swedencentral,106,30,74,0.0,516.128,26.50978892,USD,False
2026-07-31,2026-07-31T19:53:17Z,SQL Database,westeurope,113,30,37,0.0,31.66,3.72220855,USD,False
2026-07-31,2026-07-31T19:53:17Z,SQL Database,westus2,111,29,37,0.0,24.36,2.91339714,USD,False
2026-07-31,2026-07-31T19:53:17Z,Storage,australiaeast,200,23,68,0.0,3342.34,23.89177272,USD,True
2026-07-31,2026-07-31T19:53:17Z,Storage,brazilsouth,200,27,62,0.0,4669.71,74.65290366,USD,True
2026-07-31,2026-07-31T19:53:17Z,Storage,eastus,200,28,70,0.0,3686.4,51.35685995,USD,False
2026-07-31,2026-07-31T19:53:17Z,Storage,eastus2,200,25,72,0.0,3686.4,24.146832,USD,False
2026-07-31,2026-07-31T19:53:17Z,Storage,japaneast,200,26,71,0.0,3109.035,41.43337182,USD,False
2026-07-31,2026-07-31T19:53:17Z,Storage,northeurope,200,26,69,0.0,3604.11,53.98662846,USD,False
2026-07-31,2026-07-31T19:53:17Z,Storage,southeastasia,200,28,79,0.0,3686.4,33.44616051,USD,False
2026-07-31,2026-07-31T19:53:17Z,Storage,swedencentral,200,26,76,0.0,3686.4,31.87963216,USD,True
2026-07-31,2026-07-31T19:53:17Z,Storage,westeurope,200,25,73,0.0,1982.17,32.12951834,USD,False
2026-07-31,2026-07-31T19:53:17Z,Storage,westus2,200,26,73,0.0,3686.4,34.08984903,USD,False
2026-07-31,2026-07-31T19:53:17Z,Virtual Machines,australiaeast,200,135,193,0.014026,41.918,2.83286248,USD,True
2026-07-31,2026-07-31T19:53:17Z,Virtual Machines,brazilsouth,200,139,196,0.00303,133.07446,4.96300965,USD,True
2026-07-31,2026-07-31T19:53:17Z,Virtual Machines,eastus,200,143,198,0.0,117.7788,3.82724009,USD,True
2026-07-31,2026-07-31T19:53:17Z,Virtual Machines,eastus2,200,147,200,0.00846,116.052,4.11606928,USD,True
2026-07-31,2026-07-31T19:53:17Z,Virtual Machines,japaneast,200,129,198,0.00864,179.244241,4.59030583,USD,True
2026-07-31,2026-07-31T19:53:17Z,Virtual Machines,northeurope,200,149,200,0.00204,71.50672,2.78813447,USD,True
2026-07-31,2026-07-31T19:53:17Z,Virtual Machines,southeastasia,200,141,198,0.021067,213.0211,6.19528376,USD,True
2026-07-31,2026-07-31T19:53:17Z,Virtual Machines,swedencentral,200,127,198,0.011,196.6272,4.39852564,USD,True
2026-07-31,2026-07-31T19:53:17Z,Virtual Machines,westeurope,200,135,199,0.00216,147.07536,6.45596616,USD,True
2026-07-31,2026-07-31T19:53:17Z,Virtual Machines,westus2,200,151,196,0.004,451.616,7.56518789,USD,True
2026-08-01,2026-08-01T19:35:11Z,Application Gateway,australiaeast,22,8,5,0.008,0.522,0.15022182,USD,False
2026-08-01,2026-08-01T19:35:11Z,Application Gateway,brazilsouth,18,7,5,0.008,0.72,0.20858,USD,False
2026-08-01,2026-08-01T19:35:11Z,Application Gateway,eastus,22,8,5,0.008,0.448,0.12017727,USD,False
2026-08-01,2026-08-01T19:35:11Z,Application Gateway,eastus2,22,8,5,0.008,0.448,0.12017727,USD,False
2026-08-01,2026-08-01T19:35:11Z,Application Gateway,japaneast,18,7,5,0.008,0.522,0.16874278,USD,False
2026-08-01,2026-08-01T19:35:11Z,Application Gateway,northeurope,22,8,5,0.008,0.50176,0.13672182,USD,False
2026-08-01,2026-08-01T19:35:11Z,Application Gateway,southeastasia,22,8,5,0.008,0.50176,0.14207636,USD,False
2026-08-01,2026-08-01T19:35:11Z,Application Gateway,swedencentral,18,7,5,0.0076,0.50176,0.16225667,USD,False
2026-08-01,2026-08-01T19:35:11Z,Application Gateway,westeurope,22,8,5,0.008,0.50176,0.14206727,USD,False
2026-08-01,2026-08-01T19:35:11Z,Application Gateway,westus2,18,7,5,0.008,0.448,0.13827222,USD,False
2026-08-01,2026-08-01T19:35:11Z,Azure App Service,australiaeast,124,20,67,0.016,80.0,3.33422719,USD,False
2026-08-01,2026-08-01T19:35:11Z,Azure App Service,brazilsouth,102,18,56,0.0158,80.0,2.96177998,USD,False
2026-08-01,2026-08-01T19:35:11Z,Azure App Service,eastus,113,16,62,0.017,80.0,3.05313451,USD,False
2026-08-01,2026-08-01T19:35:11Z,Azure App Service,eastus2,117,17,63,0.0,80.0,3.02458982,USD,False
2026-08-01,2026-08-01T19:35:11Z,Azure App Service,japaneast,128,21,68,0.0,80.0,3.31481827,USD,False
2026-08-01,2026-08-01T19:35:11Z,Azure App Service,northeurope,113,16,62,0.018,80.0,3.45700196,USD,False
2026-08-01,2026-08-01T19:35:11Z,Azure App Service,southeastasia,113,16,62,0.018,80.0,3.50719758,USD,False
2026-08-01,2026-08-01T19:35:11Z,Azure App Service,swedencentral,111,17,60,0.0,80.0,3.06190559,USD,False
2026-08-01,2026-08-01T19:35:11Z,Azure App Service,westeurope,117,17,63,0.0,80.0,3.48324291,USD,False
2026-08-01,2026-08-01T19:35:11Z,Azure App Service,westus2,117,17,63,0.0,80.0,3.01730191,USD,False
2026-08-01,2026-08-01T19:35:11Z,Azure Cosmos DB,australiaeast,106,14,81,0.0,32.553,2.54770911,USD,False
2026-08-01,2026-08-01T19:35:11Z,Azure Cosmos DB,brazilsouth,103,14,78,0.0,44.9,3.58415748,USD,False
2026-08-01,2026-08-01T19:35:11Z,Azure Cosmos DB,eastus,99,14,76,0.0,22.45,2.07406196,USD,False
2026-08-01,2026-08-01T19:35:11Z,Azure Cosmos DB,eastus2,99,14,76,0.0,22.45,2.07625388,USD,False
2026-08-01,2026-08-01T19:35:11Z,Azure Cosmos DB,japaneast,106,14,81,0.0,32.553,2.5569471,USD,False
2026-08-01,2026-08-01T19:35:11Z,Azure Cosmos DB,northeurope,106,14,81,0.0,26.94,2.21805191,USD,False
2026-08-01,2026-08-01T19:35:11Z,Azure Cosmos DB,southeastasia,106,14,81,0.0,29.185,2.30645925,USD,False
2026-08-01,2026-08-01T19:35:11Z,Azure Cosmos DB,swedencentral,97,14,73,0.0,29.185,2.587158,USD,False
2026-08-01,2026-08-01T19:35:11Z,Azure Cosmos DB,westeurope,106,14,81,0.0,29.185,2.39201482,USD,False
2026-08-01,2026-08-01T19:35:11Z,Azure Cosmos DB,westus2,99,14,76,0.0,22.45,2.04923503,USD,False
2026-08-01,2026-08-01T19:35:11Z,Azure Database for PostgreSQL,australiaeast,115,41,52,0.0,76.343,4.03472331,USD,False
2026-08-01,2026-08-01T19:35:11Z,Azure Database for PostgreSQL,brazilsouth,119,43,52,0.0,133.345,6.3454915,USD,False
2026-08-01,2026-08-01T19:35:11Z,Azure Database for PostgreSQL,eastus,118,43,52,0.0,63.619,3.20475014,USD,False
2026-08-01,2026-08-01T19:35:11Z,Azure Database for PostgreSQL,eastus2,119,44,52,0.0,63.619,3.18101695,USD,False
2026-08-01,2026-08-01T19:35:11Z,Azure Database for PostgreSQL,japaneast,118,43,52,0.0,76.343,3.93456459,USD,False
2026-08-01,2026-08-01T19:35:11Z,Azure Database for PostgreSQL,northeurope,120,45,52,0.0,71.253,3.52114508,USD,False
2026-08-01,2026-08-01T19:35:11Z,Azure Database for PostgreSQL,southeastasia,118,43,52,0.0,76.343,3.93179301,USD,False
2026-08-01,2026-08-01T19:35:11Z,Azure Database for PostgreSQL,swedencentral,112,41,51,0.0,65.4,3.4696243,USD,False
2026-08-01,2026-08-01T19:35:11Z,Azure Database for PostgreSQL,westeurope,122,47,52,0.0,77.615,3.76333552,USD,False
2026-08-01,2026-08-01T19:35:11Z,Azure Database for PostgreSQL,westus2,115,41,52,0.0,63.619,3.2869645,USD,False
2026-08-01,2026-08-01T19:35:11Z,Azure Kubernetes Service,australiaeast,8,1,1,0.010602,0.16,0.0385475,USD,False
2026-08-01,2026-08-01T19:35:11Z,Azure Kubernetes Service,brazilsouth,8,1,1,0.014624,0.16,0.045583,USD,False
2026-08-01,2026-08-01T19:35:11Z,Azure Kubernetes Service,eastus,9,2,2,0.007312,0.6,0.09581467,USD,False
2026-08-01,2026-08-01T19:35:11Z,Azure Kubernetes Service,eastus2,8,1,1,0.007312,0.16,0.0327915,USD,False
2026-08-01,2026-08-01T19:35:11Z,Azure Kubernetes Service,japaneast,8,1,1,0.010602,0.16,0.0385475,USD,False
2026-08-01,2026-08-01T19:35:11Z,Azure Kubernetes Service,northeurope,8,1,1,0.008774,0.16,0.0353495,USD,False
2026-08-01,2026-08-01T19:35:11Z,Azure Kubernetes Service,southeastasia,8,1,1,0.009506,0.16,0.036629,USD,False
2026-08-01,2026-08-01T19:35:11Z,Azure Kubernetes Service,swedencentral,8,1,1,0.009506,0.16,0.036629,USD,False
2026-08-01,2026-08-01T19:35:11Z,Azure Kubernetes Service,westeurope,8,1,1,0.010456,0.16,0.03829175,USD,False
2026-08-01,2026-08-01T19:35:11Z,Azure Kubernetes Service,westus2,8,1,1,0.007312,0.16,0.0327915,USD,False
2026-08-01,2026-08-01T19:35:11Z,Functions,australiaeast,9,2,3,0.0,0.182,0.02167433,USD,False
2026-08-01,2026-08-01T19:35:11Z,Functions,brazilsouth,9,2,3,0.0,0.183,0.02179656,USD,False
2026-08-01,2026-08-01T19:35:11Z,Functions,eastus,9,2,3,0.0,0.173,0.02059489,USD,False
2026-08-01,2026-08-01T19:35:11Z,Functions,eastus2,9,2,3,0.0,0.16,0.01905044,USD,False
2026-08-01,2026-08-01T19:35:11Z,Functions,japaneast,9,2,3,0.0,0.196,0.02333933,USD,False
2026-08-01,2026-08-01T19:35:11Z,Functions,northeurope,9,2,3,0.0,0.167,0.01988378,USD,False
2026-08-01,2026-08-01T19:35:11Z,Functions,southeastasia,9,2,3,0.0,0.178,0.02119656,USD,False
2026-08-01,2026-08-01T19:35:11Z,Functions,swedencentral,9,2,3,0.0,0.169,0.02012822,USD,False
2026-08-01,2026-08-01T19:35:11Z,Functions,westeurope,9,2,3,0.0,0.169,0.02012822,USD,False
2026-08-01,2026-08-01T19:35:11Z,Functions,westus2,9,2,3,0.0,0.16,0.01905044,USD,False
2026-08-01,2026-08-01T19:35:11Z,Load Balancer,australiaeast,0,0,0,,,,USD,False
2026-08-01,2026-08-01T19:35:11Z,Load Balancer,brazilsouth,0,0,0,,,,USD,False
2026-08-01,2026-08-01T19:35:11Z,Load Balancer,eastus,0,0,0,,,,USD,False
2026-08-01,2026-08-01T19:35:11Z,Load Balancer,eastus2,0,0,0,,,,USD,False
2026-08-01,2026-08-01T19:35:11Z,Load Balancer,japaneast,0,0,0,,,,USD,False
2026-08-01,2026-08-01T19:35:11Z,Load Balancer,northeurope,0,0,0,,,,USD,False
2026-08-01,2026-08-01T19:35:11Z,Load Balancer,southeastasia,0,0,0,,,,USD,False
2026-08-01,2026-08-01T19:35:11Z,Load Balancer,swedencentral,0,0,0,,,,USD,False
2026-08-01,2026-08-01T19:35:11Z,Load Balancer,westeurope,0,0,0,,,,USD,False
2026-08-01,2026-08-01T19:35:11Z,Load Balancer,westus2,0,0,0,,,,USD,False
2026-08-01,2026-08-01T19:35:11Z,SQL Database,australiaeast,154,37,77,0.0,571.408,22.78711522,USD,False
2026-08-01,2026-08-01T19:35:11Z,SQL Database,brazilsouth,109,35,71,0.0,627.26,31.3701431,USD,False
2026-08-01,2026-08-01T19:35:11Z,SQL Database,eastus,113,30,37,0.0,24.36,2.87434587,USD,False
2026-08-01,2026-08-01T19:35:11Z,SQL Database,eastus2,108,29,36,0.0,24.36,2.98343595,USD,False
2026-08-01,2026-08-01T19:35:11Z,SQL Database,japaneast,150,37,75,0.0,584.208,23.84588713,USD,False
2026-08-01,2026-08-01T19:35:11Z,SQL Database,northeurope,113,30,37,0.0,29.22,3.43563935,USD,False
2026-08-01,2026-08-01T19:35:11Z,SQL Database,southeastasia,111,29,37,0.0,31.66,3.77798125,USD,False
2026-08-01,2026-08-01T19:35:11Z,SQL Database,swedencentral,106,30,74,0.0,516.128,26.50978892,USD,False
2026-08-01,2026-08-01T19:35:11Z,SQL Database,westeurope,113,30,37,0.0,31.66,3.72220855,USD,False
2026-08-01,2026-08-01T19:35:11Z,SQL Database,westus2,111,29,37,0.0,24.36,2.91339714,USD,False
2026-08-01,2026-08-01T19:35:11Z,Storage,australiaeast,200,23,68,0.0,3342.34,23.89177272,USD,True
2026-08-01,2026-08-01T19:35:11Z,Storage,brazilsouth,200,27,62,0.0,4669.71,74.65290366,USD,True
2026-08-01,2026-08-01T19:35:11Z,Storage,eastus,200,28,70,0.0,3686.4,51.35685995,USD,False
2026-08-01,2026-08-01T19:35:11Z,Storage,eastus2,200,25,72,0.0,3686.4,24.146832,USD,False
2026-08-01,2026-08-01T19:35:11Z,Storage,japaneast,200,26,71,0.0,3109.035,41.43337182,USD,False
2026-08-01,2026-08-01T19:35:11Z,Storage,northeurope,200,26,69,0.0,3604.11,53.98662846,USD,False
2026-08-01,2026-08-01T19:35:11Z,Storage,southeastasia,200,28,79,0.0,3686.4,33.44616051,USD,False
2026-08-01,2026-08-01T19:35:11Z,Storage,swedencentral,200,26,76,0.0,3686.4,31.87963216,USD,True
2026-08-01,2026-08-01T19:35:11Z,Storage,westeurope,200,25,73,0.0,1982.17,32.12951834,USD,False
2026-08-01,2026-08-01T19:35:11Z,Storage,westus2,200,26,73,0.0,3686.4,34.08984903,USD,False
2026-08-01,2026-08-01T19:35:11Z,Virtual Machines,australiaeast,200,133,189,0.014026,41.918,2.8230689,USD,True
2026-08-01,2026-08-01T19:35:11Z,Virtual Machines,brazilsouth,200,136,191,0.00303,133.07446,5.01253949,USD,True
2026-08-01,2026-08-01T19:35:11Z,Virtual Machines,eastus,200,138,187,0.0,117.7788,3.7808078,USD,True
2026-08-01,2026-08-01T19:35:11Z,Virtual Machines,eastus2,200,141,184,0.0,116.052,4.37934673,USD,True
2026-08-01,2026-08-01T19:35:11Z,Virtual Machines,japaneast,200,129,198,0.00864,179.244241,4.59030583,USD,True
2026-08-01,2026-08-01T19:35:11Z,Virtual Machines,northeurope,200,137,184,0.00204,71.50672,2.45817863,USD,True
2026-08-01,2026-08-01T19:35:11Z,Virtual Machines,southeastasia,200,136,191,0.021067,213.0211,6.08845096,USD,True
2026-08-01,2026-08-01T19:35:11Z,Virtual Machines,swedencentral,200,123,190,0.011,196.6272,4.34583481,USD,True
2026-08-01,2026-08-01T19:35:11Z,Virtual Machines,westeurope,200,133,191,0.002,139.89936,5.88753348,USD,True
2026-08-01,2026-08-01T19:35:11Z,Virtual Machines,westus2,200,145,186,0.004,451.616,7.50804888,USD,True
2026-08-02,2026-08-02T19:35:48Z,Application Gateway,australiaeast,22,8,5,0.008,0.522,0.15022182,USD,False
2026-08-02,2026-08-02T19:35:48Z,Application Gateway,brazilsouth,18,7,5,0.008,0.72,0.20858,USD,False
2026-08-02,2026-08-02T19:35:48Z,Application Gateway,eastus,22,8,5,0.008,0.448,0.12017727,USD,False
2026-08-02,2026-08-02T19:35:48Z,Application Gateway,eastus2,22,8,5,0.008,0.448,0.12017727,USD,False
2026-08-02,2026-08-02T19:35:48Z,Application Gateway,japaneast,18,7,5,0.008,0.522,0.16874278,USD,False
2026-08-02,2026-08-02T19:35:48Z,Application Gateway,northeurope,22,8,5,0.008,0.50176,0.13672182,USD,False
2026-08-02,2026-08-02T19:35:48Z,Application Gateway,southeastasia,22,8,5,0.008,0.50176,0.14207636,USD,False
2026-08-02,2026-08-02T19:35:48Z,Application Gateway,swedencentral,18,7,5,0.0076,0.50176,0.16225667,USD,False
2026-08-02,2026-08-02T19:35:48Z,Application Gateway,westeurope,22,8,5,0.008,0.50176,0.14206727,USD,False
2026-08-02,2026-08-02T19:35:48Z,Application Gateway,westus2,18,7,5,0.008,0.448,0.13827222,USD,False
2026-08-02,2026-08-02T19:35:48Z,Azure App Service,australiaeast,124,20,67,0.016,80.0,3.33422719,USD,False
2026-08-02,2026-08-02T19:35:48Z,Azure App Service,brazilsouth,102,18,56,0.0158,80.0,2.96177998,USD,False
2026-08-02,2026-08-02T19:35:48Z,Azure App Service,eastus,113,16,62,0.017,80.0,3.05313451,USD,False
2026-08-02,2026-08-02T19:35:48Z,Azure App Service,eastus2,117,17,63,0.0,80.0,3.02458982,USD,False
2026-08-02,2026-08-02T19:35:48Z,Azure App Service,japaneast,128,21,68,0.0,80.0,3.31481827,USD,False
2026-08-02,2026-08-02T19:35:48Z,Azure App Service,northeurope,113,16,62,0.018,80.0,3.45700196,USD,False
2026-08-02,2026-08-02T19:35:48Z,Azure App Service,southeastasia,113,16,62,0.018,80.0,3.50719758,USD,False
2026-08-02,2026-08-02T19:35:48Z,Azure App Service,swedencentral,111,17,60,0.0,80.0,3.06190559,USD,False
2026-08-02,2026-08-02T19:35:48Z,Azure App Service,westeurope,117,17,63,0.0,80.0,3.48324291,USD,False
2026-08-02,2026-08-02T19:35:48Z,Azure App Service,westus2,117,17,63,0.0,80.0,3.01730191,USD,False
2026-08-02,2026-08-02T19:35:48Z,Azure Cosmos DB,australiaeast,106,14,81,0.0,32.553,2.54770911,USD,False
2026-08-02,2026-08-02T19:35:48Z,Azure Cosmos DB,brazilsouth,103,14,78,0.0,44.9,3.58415748,USD,False
2026-08-02,2026-08-02T19:35:48Z,Azure Cosmos DB,eastus,99,14,76,0.0,22.45,2.07406196,USD,False
2026-08-02,2026-08-02T19:35:48Z,Azure Cosmos DB,eastus2,99,14,76,0.0,22.45,2.07625388,USD,False
2026-08-02,2026-08-02T19:35:48Z,Azure Cosmos DB,japaneast,106,14,81,0.0,32.553,2.5569471,USD,False
2026-08-02,2026-08-02T19:35:48Z,Azure Cosmos DB,northeurope,106,14,81,0.0,26.94,2.21805191,USD,False
2026-08-02,2026-08-02T19:35:48Z,Azure Cosmos DB,southeastasia,106,14,81,0.0,29.185,2.30645925,USD,False
2026-08-02,2026-08-02T19:35:48Z,Azure Cosmos DB,swedencentral,97,14,73,0.0,29.185,2.587158,USD,False
2026-08-02,2026-08-02T19:35:48Z,Azure Cosmos DB,westeurope,106,14,81,0.0,29.185,2.39201482,USD,False
2026-08-02,2026-08-02T19:35:48Z,Azure Cosmos DB,westus2,99,14,76,0.0,22.45,2.04923503,USD,False
2026-08-02,2026-08-02T19:35:48Z,Azure Database for PostgreSQL,australiaeast,115,41,52,0.0,76.343,4.03472331,USD,False
2026-08-02,2026-08-02T19:35:48Z,Azure Database for PostgreSQL,brazilsouth,119,43,52,0.0,133.345,6.3454915,USD,False
2026-08-02,2026-08-02T19:35:48Z,Azure Database for PostgreSQL,eastus,118,43,52,0.0,63.619,3.20475014,USD,False
2026-08-02,2026-08-02T19:35:48Z,Azure Database for PostgreSQL,eastus2,119,44,52,0.0,63.619,3.18101695,USD,False
2026-08-02,2026-08-02T19:35:48Z,Azure Database for PostgreSQL,japaneast,118,43,52,0.0,76.343,3.93456459,USD,False
2026-08-02,2026-08-02T19:35:48Z,Azure Database for PostgreSQL,northeurope,120,45,52,0.0,71.253,3.52114508,USD,False
2026-08-02,2026-08-02T19:35:48Z,Azure Database for PostgreSQL,southeastasia,118,43,52,0.0,76.343,3.93179301,USD,False
2026-08-02,2026-08-02T19:35:48Z,Azure Database for PostgreSQL,swedencentral,112,41,51,0.0,65.4,3.4696243,USD,False
2026-08-02,2026-08-02T19:35:48Z,Azure Database for PostgreSQL,westeurope,122,47,52,0.0,77.615,3.76333552,USD,False
2026-08-02,2026-08-02T19:35:48Z,Azure Database for PostgreSQL,westus2,115,41,52,0.0,63.619,3.2869645,USD,False
2026-08-02,2026-08-02T19:35:48Z,Azure Kubernetes Service,australiaeast,8,1,1,0.010602,0.16,0.0385475,USD,False
2026-08-02,2026-08-02T19:35:48Z,Azure Kubernetes Service,brazilsouth,8,1,1,0.014624,0.16,0.045583,USD,False
2026-08-02,2026-08-02T19:35:48Z,Azure Kubernetes Service,eastus,9,2,2,0.007312,0.6,0.09581467,USD,False
2026-08-02,2026-08-02T19:35:48Z,Azure Kubernetes Service,eastus2,8,1,1,0.007312,0.16,0.0327915,USD,False
2026-08-02,2026-08-02T19:35:48Z,Azure Kubernetes Service,japaneast,8,1,1,0.010602,0.16,0.0385475,USD,False
2026-08-02,2026-08-02T19:35:48Z,Azure Kubernetes Service,northeurope,8,1,1,0.008774,0.16,0.0353495,USD,False
2026-08-02,2026-08-02T19:35:48Z,Azure Kubernetes Service,southeastasia,8,1,1,0.009506,0.16,0.036629,USD,False
2026-08-02,2026-08-02T19:35:48Z,Azure Kubernetes Service,swedencentral,8,1,1,0.009506,0.16,0.036629,USD,False
2026-08-02,2026-08-02T19:35:48Z,Azure Kubernetes Service,westeurope,8,1,1,0.010456,0.16,0.03829175,USD,False
2026-08-02,2026-08-02T19:35:48Z,Azure Kubernetes Service,westus2,8,1,1,0.007312,0.16,0.0327915,USD,False
2026-08-02,2026-08-02T19:35:48Z,Functions,australiaeast,9,2,3,0.0,0.182,0.02167433,USD,False
2026-08-02,2026-08-02T19:35:48Z,Functions,brazilsouth,9,2,3,0.0,0.183,0.02179656,USD,False
2026-08-02,2026-08-02T19:35:48Z,Functions,eastus,9,2,3,0.0,0.173,0.02059489,USD,False
2026-08-02,2026-08-02T19:35:48Z,Functions,eastus2,9,2,3,0.0,0.16,0.01905044,USD,False
2026-08-02,2026-08-02T19:35:48Z,Functions,japaneast,9,2,3,0.0,0.196,0.02333933,USD,False
2026-08-02,2026-08-02T19:35:48Z,Functions,northeurope,9,2,3,0.0,0.167,0.01988378,USD,False
2026-08-02,2026-08-02T19:35:48Z,Functions,southeastasia,9,2,3,0.0,0.178,0.02119656,USD,False
2026-08-02,2026-08-02T19:35:48Z,Functions,swedencentral,9,2,3,0.0,0.169,0.02012822,USD,False
2026-08-02,2026-08-02T19:35:48Z,Functions,westeurope,9,2,3,0.0,0.169,0.02012822,USD,False
2026-08-02,2026-08-02T19:35:48Z,Functions,westus2,9,2,3,0.0,0.16,0.01905044,USD,False
2026-08-02,2026-08-02T19:35:48Z,Load Balancer,australiaeast,0,0,0,,,,USD,False
2026-08-02,2026-08-02T19:35:48Z,Load Balancer,brazilsouth,0,0,0,,,,USD,False
2026-08-02,2026-08-02T19:35:48Z,Load Balancer,eastus,0,0,0,,,,USD,False
2026-08-02,2026-08-02T19:35:48Z,Load Balancer,eastus2,0,0,0,,,,USD,False
2026-08-02,2026-08-02T19:35:48Z,Load Balancer,japaneast,0,0,0,,,,USD,False
2026-08-02,2026-08-02T19:35:48Z,Load Balancer,northeurope,0,0,0,,,,USD,False
2026-08-02,2026-08-02T19:35:48Z,Load Balancer,southeastasia,0,0,0,,,,USD,False
2026-08-02,2026-08-02T19:35:48Z,Load Balancer,swedencentral,0,0,0,,,,USD,False
2026-08-02,2026-08-02T19:35:48Z,Load Balancer,westeurope,0,0,0,,,,USD,False
2026-08-02,2026-08-02T19:35:48Z,Load Balancer,westus2,0,0,0,,,,USD,False
2026-08-02,2026-08-02T19:35:48Z,SQL Database,australiaeast,154,37,77,0.0,571.408,22.78711522,USD,False
2026-08-02,2026-08-02T19:35:48Z,SQL Database,brazilsouth,109,35,71,0.0,627.26,31.3701431,USD,False
2026-08-02,2026-08-02T19:35:48Z,SQL Database,eastus,113,30,37,0.0,24.36,2.87434587,USD,False
2026-08-02,2026-08-02T19:35:48Z,SQL Database,eastus2,108,29,36,0.0,24.36,2.98343595,USD,False
2026-08-02,2026-08-02T19:35:48Z,SQL Database,japaneast,150,37,75,0.0,584.208,23.84588713,USD,False
2026-08-02,2026-08-02T19:35:48Z,SQL Database,northeurope,113,30,37,0.0,29.22,3.43563935,USD,False
2026-08-02,2026-08-02T19:35:48Z,SQL Database,southeastasia,111,29,37,0.0,31.66,3.77798125,USD,False
2026-08-02,2026-08-02T19:35:48Z,SQL Database,swedencentral,106,30,74,0.0,516.128,26.50978892,USD,False
2026-08-02,2026-08-02T19:35:48Z,SQL Database,westeurope,113,30,37,0.0,31.66,3.72220855,USD,False
2026-08-02,2026-08-02T19:35:48Z,SQL Database,westus2,111,29,37,0.0,24.36,2.91339714,USD,False
2026-08-02,2026-08-02T19:35:48Z,Storage,australiaeast,200,23,68,0.0,3342.34,23.89177272,USD,True
2026-08-02,2026-08-02T19:35:48Z,Storage,brazilsouth,200,27,62,0.0,4669.71,74.65290366,USD,True
2026-08-02,2026-08-02T19:35:48Z,Storage,eastus,200,28,70,0.0,3686.4,51.35685995,USD,False
2026-08-02,2026-08-02T19:35:48Z,Storage,eastus2,200,25,72,0.0,3686.4,24.146832,USD,False
2026-08-02,2026-08-02T19:35:48Z,Storage,japaneast,200,26,71,0.0,3109.035,41.43337182,USD,False
2026-08-02,2026-08-02T19:35:48Z,Storage,northeurope,200,26,69,0.0,3604.11,53.98662846,USD,False
2026-08-02,2026-08-02T19:35:48Z,Storage,southeastasia,200,28,79,0.0,3686.4,33.44616051,USD,False
2026-08-02,2026-08-02T19:35:48Z,Storage,swedencentral,200,26,76,0.0,3686.4,31.87963216,USD,True
2026-08-02,2026-08-02T19:35:48Z,Storage,westeurope,200,25,73,0.0,1982.17,32.12951834,USD,False
2026-08-02,2026-08-02T19:35:48Z,Storage,westus2,200,26,73,0.0,3686.4,34.08984903,USD,False
2026-08-02,2026-08-02T19:35:48Z,Virtual Machines,australiaeast,200,133,189,0.014026,41.918,2.8230689,USD,True
2026-08-02,2026-08-02T19:35:48Z,Virtual Machines,brazilsouth,200,136,191,0.00303,133.07446,5.01253949,USD,True
2026-08-02,2026-08-02T19:35:48Z,Virtual Machines,eastus,200,138,187,0.0,117.7788,3.7808078,USD,True
2026-08-02,2026-08-02T19:35:48Z,Virtual Machines,eastus2,200,141,184,0.0,116.052,4.37934673,USD,True
2026-08-02,2026-08-02T19:35:48Z,Virtual Machines,japaneast,200,129,198,0.00864,179.244241,4.59030583,USD,True
2026-08-02,2026-08-02T19:35:48Z,Virtual Machines,northeurope,200,137,184,0.00204,71.50672,2.45817863,USD,True
2026-08-02,2026-08-02T19:35:48Z,Virtual Machines,southeastasia,200,136,191,0.021067,213.0211,6.08845096,USD,True
2026-08-02,2026-08-02T19:35:48Z,Virtual Machines,swedencentral,200,123,190,0.011,196.6272,4.34583481,USD,True
2026-08-02,2026-08-02T19:35:48Z,Virtual Machines,westeurope,200,133,191,0.002,139.89936,5.88753348,USD,True
2026-08-02,2026-08-02T19:35:48Z,Virtual Machines,westus2,200,145,186,0.004,451.616,7.50804888,USD,True
2026-08-03,2026-08-03T19:59:02Z,Application Gateway,australiaeast,22,8,5,0.008,0.522,0.15022182,USD,False
2026-08-03,2026-08-03T19:59:02Z,Application Gateway,brazilsouth,18,7,5,0.008,0.72,0.20858,USD,False
2026-08-03,2026-08-03T19:59:02Z,Application Gateway,eastus,22,8,5,0.008,0.448,0.12017727,USD,False
2026-08-03,2026-08-03T19:59:02Z,Application Gateway,eastus2,22,8,5,0.008,0.448,0.12017727,USD,False
2026-08-03,2026-08-03T19:59:02Z,Application Gateway,japaneast,18,7,5,0.008,0.522,0.16874278,USD,False
2026-08-03,2026-08-03T19:59:02Z,Application Gateway,northeurope,22,8,5,0.008,0.50176,0.13672182,USD,False
2026-08-03,2026-08-03T19:59:02Z,Application Gateway,southeastasia,22,8,5,0.008,0.50176,0.14207636,USD,False
2026-08-03,2026-08-03T19:59:02Z,Application Gateway,swedencentral,18,7,5,0.0076,0.50176,0.16225667,USD,False
2026-08-03,2026-08-03T19:59:02Z,Application Gateway,westeurope,22,8,5,0.008,0.50176,0.14206727,USD,False
2026-08-03,2026-08-03T19:59:02Z,Application Gateway,westus2,18,7,5,0.008,0.448,0.13827222,USD,False
2026-08-03,2026-08-03T19:59:02Z,Azure App Service,australiaeast,124,20,67,0.016,80.0,3.33422719,USD,False
2026-08-03,2026-08-03T19:59:02Z,Azure App Service,brazilsouth,102,18,56,0.0158,80.0,2.96177998,USD,False
2026-08-03,2026-08-03T19:59:02Z,Azure App Service,eastus,113,16,62,0.017,80.0,3.05313451,USD,False
2026-08-03,2026-08-03T19:59:02Z,Azure App Service,eastus2,117,17,63,0.0,80.0,3.02458982,USD,False
2026-08-03,2026-08-03T19:59:02Z,Azure App Service,japaneast,128,21,68,0.0,80.0,3.31481827,USD,False
2026-08-03,2026-08-03T19:59:02Z,Azure App Service,northeurope,113,16,62,0.018,80.0,3.45700196,USD,False
2026-08-03,2026-08-03T19:59:02Z,Azure App Service,southeastasia,113,16,62,0.018,80.0,3.50719758,USD,False
2026-08-03,2026-08-03T19:59:02Z,Azure App Service,swedencentral,111,17,60,0.0,80.0,3.06190559,USD,False
2026-08-03,2026-08-03T19:59:02Z,Azure App Service,westeurope,117,17,63,0.0,80.0,3.48324291,USD,False
2026-08-03,2026-08-03T19:59:02Z,Azure App Service,westus2,117,17,63,0.0,80.0,3.01730191,USD,False
2026-08-03,2026-08-03T19:59:02Z,Azure Cosmos DB,australiaeast,106,14,81,0.0,32.553,2.54770911,USD,False
2026-08-03,2026-08-03T19:59:02Z,Azure Cosmos DB,brazilsouth,103,14,78,0.0,44.9,3.58415748,USD,False
2026-08-03,2026-08-03T19:59:02Z,Azure Cosmos DB,eastus,99,14,76,0.0,22.45,2.07406196,USD,False
2026-08-03,2026-08-03T19:59:02Z,Azure Cosmos DB,eastus2,99,14,76,0.0,22.45,2.07625388,USD,False
2026-08-03,2026-08-03T19:59:02Z,Azure Cosmos DB,japaneast,106,14,81,0.0,32.553,2.5569471,USD,False
2026-08-03,2026-08-03T19:59:02Z,Azure Cosmos DB,northeurope,106,14,81,0.0,26.94,2.21805191,USD,False
2026-08-03,2026-08-03T19:59:02Z,Azure Cosmos DB,southeastasia,106,14,81,0.0,29.185,2.30645925,USD,False
2026-08-03,2026-08-03T19:59:02Z,Azure Cosmos DB,swedencentral,97,14,73,0.0,29.185,2.587158,USD,False
2026-08-03,2026-08-03T19:59:02Z,Azure Cosmos DB,westeurope,106,14,81,0.0,29.185,2.39201482,USD,False
2026-08-03,2026-08-03T19:59:02Z,Azure Cosmos DB,westus2,99,14,76,0.0,22.45,2.04923503,USD,False
2026-08-03,2026-08-03T19:59:02Z,Azure Database for PostgreSQL,australiaeast,115,41,52,0.0,76.343,4.03472331,USD,False
2026-08-03,2026-08-03T19:59:02Z,Azure Database for PostgreSQL,brazilsouth,119,43,52,0.0,133.345,6.3454915,USD,False
2026-08-03,2026-08-03T19:59:02Z,Azure Database for PostgreSQL,eastus,118,43,52,0.0,63.619,3.20475014,USD,False
2026-08-03,2026-08-03T19:59:02Z,Azure Database for PostgreSQL,eastus2,119,44,52,0.0,63.619,3.18101695,USD,False
2026-08-03,2026-08-03T19:59:02Z,Azure Database for PostgreSQL,japaneast,118,43,52,0.0,76.343,3.93456459,USD,False
2026-08-03,2026-08-03T19:59:02Z,Azure Database for PostgreSQL,northeurope,120,45,52,0.0,71.253,3.52114508,USD,False
2026-08-03,2026-08-03T19:59:02Z,Azure Database for PostgreSQL,southeastasia,118,43,52,0.0,76.343,3.93179301,USD,False
2026-08-03,2026-08-03T19:59:02Z,Azure Database for PostgreSQL,swedencentral,112,41,51,0.0,65.4,3.4696243,USD,False
2026-08-03,2026-08-03T19:59:02Z,Azure Database for PostgreSQL,westeurope,122,47,52,0.0,77.615,3.76333552,USD,False
2026-08-03,2026-08-03T19:59:02Z,Azure Database for PostgreSQL,westus2,115,41,52,0.0,63.619,3.2869645,USD,False
2026-08-03,2026-08-03T19:59:02Z,Azure Kubernetes Service,australiaeast,8,1,1,0.010602,0.16,0.0385475,USD,False
2026-08-03,2026-08-03T19:59:02Z,Azure Kubernetes Service,brazilsouth,8,1,1,0.014624,0.16,0.045583,USD,False
2026-08-03,2026-08-03T19:59:02Z,Azure Kubernetes Service,eastus,9,2,2,0.007312,0.6,0.09581467,USD,False
2026-08-03,2026-08-03T19:59:02Z,Azure Kubernetes Service,eastus2,8,1,1,0.007312,0.16,0.0327915,USD,False
2026-08-03,2026-08-03T19:59:02Z,Azure Kubernetes Service,japaneast,8,1,1,0.010602,0.16,0.0385475,USD,False
2026-08-03,2026-08-03T19:59:02Z,Azure Kubernetes Service,northeurope,8,1,1,0.008774,0.16,0.0353495,USD,False
2026-08-03,2026-08-03T19:59:02Z,Azure Kubernetes Service,southeastasia,8,1,1,0.009506,0.16,0.036629,USD,False
2026-08-03,2026-08-03T19:59:02Z,Azure Kubernetes Service,swedencentral,8,1,1,0.009506,0.16,0.036629,USD,False
2026-08-03,2026-08-03T19:59:02Z,Azure Kubernetes Service,westeurope,8,1,1,0.010456,0.16,0.03829175,USD,False
2026-08-03,2026-08-03T19:59:02Z,Azure Kubernetes Service,westus2,8,1,1,0.007312,0.16,0.0327915,USD,False
2026-08-03,2026-08-03T19:59:02Z,Functions,australiaeast,9,2,3,0.0,0.182,0.02167433,USD,False
2026-08-03,2026-08-03T19:59:02Z,Functions,brazilsouth,9,2,3,0.0,0.183,0.02179656,USD,False
2026-08-03,2026-08-03T19:59:02Z,Functions,eastus,9,2,3,0.0,0.173,0.02059489,USD,False
2026-08-03,2026-08-03T19:59:02Z,Functions,eastus2,9,2,3,0.0,0.16,0.01905044,USD,False
2026-08-03,2026-08-03T19:59:02Z,Functions,japaneast,9,2,3,0.0,0.196,0.02333933,USD,False
2026-08-03,2026-08-03T19:59:02Z,Functions,northeurope,9,2,3,0.0,0.167,0.01988378,USD,False
2026-08-03,2026-08-03T19:59:02Z,Functions,southeastasia,9,2,3,0.0,0.178,0.02119656,USD,False
2026-08-03,2026-08-03T19:59:02Z,Functions,swedencentral,9,2,3,0.0,0.169,0.02012822,USD,False
2026-08-03,2026-08-03T19:59:02Z,Functions,westeurope,9,2,3,0.0,0.169,0.02012822,USD,False
2026-08-03,2026-08-03T19:59:02Z,Functions,westus2,9,2,3,0.0,0.16,0.01905044,USD,False
2026-08-03,2026-08-03T19:59:02Z,Load Balancer,australiaeast,0,0,0,,,,USD,False
2026-08-03,2026-08-03T19:59:02Z,Load Balancer,brazilsouth,0,0,0,,,,USD,False
2026-08-03,2026-08-03T19:59:02Z,Load Balancer,eastus,0,0,0,,,,USD,False
2026-08-03,2026-08-03T19:59:02Z,Load Balancer,eastus2,0,0,0,,,,USD,False
2026-08-03,2026-08-03T19:59:02Z,Load Balancer,japaneast,0,0,0,,,,USD,False
2026-08-03,2026-08-03T19:59:02Z,Load Balancer,northeurope,0,0,0,,,,USD,False
2026-08-03,2026-08-03T19:59:02Z,Load Balancer,southeastasia,0,0,0,,,,USD,False
2026-08-03,2026-08-03T19:59:02Z,Load Balancer,swedencentral,0,0,0,,,,USD,False
2026-08-03,2026-08-03T19:59:02Z,Load Balancer,westeurope,0,0,0,,,,USD,False
2026-08-03,2026-08-03T19:59:02Z,Load Balancer,westus2,0,0,0,,,,USD,False
2026-08-03,2026-08-03T19:59:02Z,SQL Database,australiaeast,154,37,77,0.0,571.408,22.78711522,USD,False
2026-08-03,2026-08-03T19:59:02Z,SQL Database,brazilsouth,109,35,71,0.0,627.26,31.3701431,USD,False
2026-08-03,2026-08-03T19:59:02Z,SQL Database,eastus,113,30,37,0.0,24.36,2.87434587,USD,False
2026-08-03,2026-08-03T19:59:02Z,SQL Database,eastus2,108,29,36,0.0,24.36,2.98343595,USD,False
2026-08-03,2026-08-03T19:59:02Z,SQL Database,japaneast,150,37,75,0.0,584.208,23.84588713,USD,False
2026-08-03,2026-08-03T19:59:02Z,SQL Database,northeurope,113,30,37,0.0,29.22,3.43563935,USD,False
2026-08-03,2026-08-03T19:59:02Z,SQL Database,southeastasia,111,29,37,0.0,31.66,3.77798125,USD,False
2026-08-03,2026-08-03T19:59:02Z,SQL Database,swedencentral,106,30,74,0.0,516.128,26.50978892,USD,False
2026-08-03,2026-08-03T19:59:02Z,SQL Database,westeurope,113,30,37,0.0,31.66,3.72220855,USD,False
2026-08-03,2026-08-03T19:59:02Z,SQL Database,westus2,111,29,37,0.0,24.36,2.91339714,USD,False
2026-08-03,2026-08-03T19:59:02Z,Storage,australiaeast,200,23,68,0.0,3342.34,23.89177272,USD,True
2026-08-03,2026-08-03T19:59:02Z,Storage,brazilsouth,200,27,62,0.0,4669.71,74.65290366,USD,True
2026-08-03,2026-08-03T19:59:02Z,Storage,eastus,200,28,70,0.0,3686.4,51.35685995,USD,False
2026-08-03,2026-08-03T19:59:02Z,Storage,eastus2,200,25,72,0.0,3686.4,24.146832,USD,False
2026-08-03,2026-08-03T19:59:02Z,Storage,japaneast,200,26,71,0.0,3109.035,41.43337182,USD,False
2026-08-03,2026-08-03T19:59:02Z,Storage,northeurope,200,26,69,0.0,3604.11,53.98662846,USD,False
2026-08-03,2026-08-03T19:59:02Z,Storage,southeastasia,200,28,79,0.0,3686.4,33.44616051,USD,False
2026-08-03,2026-08-03T19:59:02Z,Storage,swedencentral,200,26,76,0.0,3686.4,31.87963216,USD,True
2026-08-03,2026-08-03T19:59:02Z,Storage,westeurope,200,25,73,0.0,1982.17,32.12951834,USD,False
2026-08-03,2026-08-03T19:59:02Z,Storage,westus2,200,26,73,0.0,3686.4,34.08984903,USD,False
2026-08-03,2026-08-03T19:59:02Z,Virtual Machines,australiaeast,200,133,189,0.014026,41.918,2.8230689,USD,True
2026-08-03,2026-08-03T19:59:02Z,Virtual Machines,brazilsouth,200,136,191,0.00303,133.07446,5.01253949,USD,True
2026-08-03,2026-08-03T19:59:02Z,Virtual Machines,eastus,200,138,187,0.0,117.7788,3.7808078,USD,True
2026-08-03,2026-08-03T19:59:02Z,Virtual Machines,eastus2,200,141,184,0.0,116.052,4.37934673,USD,True
2026-08-03,2026-08-03T19:59:02Z,Virtual Machines,japaneast,200,129,198,0.00864,179.244241,4.59030583,USD,True
2026-08-03,2026-08-03T19:59:02Z,Virtual Machines,northeurope,200,137,184,0.00204,71.50672,2.45817863,USD,True
2026-08-03,2026-08-03T19:59:02Z,Virtual Machines,southeastasia,200,136,191,0.021067,213.0211,6.08845096,USD,True
2026-08-03,2026-08-03T19:59:02Z,Virtual Machines,swedencentral,200,123,190,0.011,196.6272,4.34583481,USD,True
2026-08-03,2026-08-03T19:59:02Z,Virtual Machines,westeurope,200,133,191,0.002,139.89936,5.88753348,USD,True
2026-08-03,2026-08-03T19:59:02Z,Virtual Machines,westus2,200,145,186,0.004,451.616,7.50804888,USD,True
2026-08-04,2026-08-04T19:57:17Z,Application Gateway,australiaeast,22,8,5,0.008,0.522,0.15022182,USD,False
2026-08-04,2026-08-04T19:57:17Z,Application Gateway,brazilsouth,18,7,5,0.008,0.72,0.20858,USD,False
2026-08-04,2026-08-04T19:57:17Z,Application Gateway,eastus,22,8,5,0.008,0.448,0.12017727,USD,False
2026-08-04,2026-08-04T19:57:17Z,Application Gateway,eastus2,22,8,5,0.008,0.448,0.12017727,USD,False
2026-08-04,2026-08-04T19:57:17Z,Application Gateway,japaneast,18,7,5,0.008,0.522,0.16874278,USD,False
2026-08-04,2026-08-04T19:57:17Z,Application Gateway,northeurope,22,8,5,0.008,0.50176,0.13672182,USD,False
2026-08-04,2026-08-04T19:57:17Z,Application Gateway,southeastasia,22,8,5,0.008,0.50176,0.14207636,USD,False
2026-08-04,2026-08-04T19:57:17Z,Application Gateway,swedencentral,18,7,5,0.0076,0.50176,0.16225667,USD,False
2026-08-04,2026-08-04T19:57:17Z,Application Gateway,westeurope,22,8,5,0.008,0.50176,0.14206727,USD,False
2026-08-04,2026-08-04T19:57:17Z,Application Gateway,westus2,18,7,5,0.008,0.448,0.13827222,USD,False
2026-08-04,2026-08-04T19:57:17Z,Azure App Service,australiaeast,124,20,67,0.016,80.0,3.33422719,USD,False
2026-08-04,2026-08-04T19:57:17Z,Azure App Service,brazilsouth,102,18,56,0.0158,80.0,2.96177998,USD,False
2026-08-04,2026-08-04T19:57:17Z,Azure App Service,eastus,113,16,62,0.017,80.0,3.05313451,USD,False
2026-08-04,2026-08-04T19:57:17Z,Azure App Service,eastus2,117,17,63,0.0,80.0,3.02458982,USD,False
2026-08-04,2026-08-04T19:57:17Z,Azure App Service,japaneast,128,21,68,0.0,80.0,3.31481827,USD,False
2026-08-04,2026-08-04T19:57:17Z,Azure App Service,northeurope,113,16,62,0.018,80.0,3.45700196,USD,False
2026-08-04,2026-08-04T19:57:17Z,Azure App Service,southeastasia,113,16,62,0.018,80.0,3.50719758,USD,False
2026-08-04,2026-08-04T19:57:17Z,Azure App Service,swedencentral,111,17,60,0.0,80.0,3.06190559,USD,False
2026-08-04,2026-08-04T19:57:17Z,Azure App Service,westeurope,117,17,63,0.0,80.0,3.48324291,USD,False
2026-08-04,2026-08-04T19:57:17Z,Azure App Service,westus2,117,17,63,0.0,80.0,3.01730191,USD,False
2026-08-04,2026-08-04T19:57:17Z,Azure Cosmos DB,australiaeast,106,14,81,0.0,32.553,2.54770911,USD,False
2026-08-04,2026-08-04T19:57:17Z,Azure Cosmos DB,brazilsouth,103,14,78,0.0,44.9,3.58415748,USD,False
2026-08-04,2026-08-04T19:57:17Z,Azure Cosmos DB,eastus,99,14,76,0.0,22.45,2.07406196,USD,False
2026-08-04,2026-08-04T19:57:17Z,Azure Cosmos DB,eastus2,99,14,76,0.0,22.45,2.07625388,USD,False
2026-08-04,2026-08-04T19:57:17Z,Azure Cosmos DB,japaneast,106,14,81,0.0,32.553,2.5569471,USD,False
2026-08-04,2026-08-04T19:57:17Z,Azure Cosmos DB,northeurope,106,14,81,0.0,26.94,2.21805191,USD,False
2026-08-04,2026-08-04T19:57:17Z,Azure Cosmos DB,southeastasia,106,14,81,0.0,29.185,2.30645925,USD,False
2026-08-04,2026-08-04T19:57:17Z,Azure Cosmos DB,swedencentral,97,14,73,0.0,29.185,2.587158,USD,False
2026-08-04,2026-08-04T19:57:17Z,Azure Cosmos DB,westeurope,106,14,81,0.0,29.185,2.39201482,USD,False
2026-08-04,2026-08-04T19:57:17Z,Azure Cosmos DB,westus2,99,14,76,0.0,22.45,2.04923503,USD,False
2026-08-04,2026-08-04T19:57:17Z,Azure Database for PostgreSQL,australiaeast,115,41,52,0.0,76.343,4.03472331,USD,False
2026-08-04,2026-08-04T19:57:17Z,Azure Database for PostgreSQL,brazilsouth,119,43,52,0.0,133.345,6.3454915,USD,False
2026-08-04,2026-08-04T19:57:17Z,Azure Database for PostgreSQL,eastus,118,43,52,0.0,63.619,3.20475014,USD,False
2026-08-04,2026-08-04T19:57:17Z,Azure Database for PostgreSQL,eastus2,119,44,52,0.0,63.619,3.18101695,USD,False
2026-08-04,2026-08-04T19:57:17Z,Azure Database for PostgreSQL,japaneast,118,43,52,0.0,76.343,3.93456459,USD,False
2026-08-04,2026-08-04T19:57:17Z,Azure Database for PostgreSQL,northeurope,120,45,52,0.0,71.253,3.52114508,USD,False
2026-08-04,2026-08-04T19:57:17Z,Azure Database for PostgreSQL,southeastasia,118,43,52,0.0,76.343,3.93179301,USD,False
2026-08-04,2026-08-04T19:57:17Z,Azure Database for PostgreSQL,swedencentral,112,41,51,0.0,65.4,3.4696243,USD,False
2026-08-04,2026-08-04T19:57:17Z,Azure Database for PostgreSQL,westeurope,122,47,52,0.0,77.615,3.76333552,USD,False
2026-08-04,2026-08-04T19:57:17Z,Azure Database for PostgreSQL,westus2,115,41,52,0.0,63.619,3.2869645,USD,False
2026-08-04,2026-08-04T19:57:17Z,Azure Kubernetes Service,australiaeast,8,1,1,0.010602,0.16,0.0385475,USD,False
2026-08-04,2026-08-04T19:57:17Z,Azure Kubernetes Service,brazilsouth,8,1,1,0.014624,0.16,0.045583,USD,False
2026-08-04,2026-08-04T19:57:17Z,Azure Kubernetes Service,eastus,9,2,2,0.007312,0.6,0.09581467,USD,False
2026-08-04,2026-08-04T19:57:17Z,Azure Kubernetes Service,eastus2,8,1,1,0.007312,0.16,0.0327915,USD,False
2026-08-04,2026-08-04T19:57:17Z,Azure Kubernetes Service,japaneast,8,1,1,0.010602,0.16,0.0385475,USD,False
2026-08-04,2026-08-04T19:57:17Z,Azure Kubernetes Service,northeurope,8,1,1,0.008774,0.16,0.0353495,USD,False
2026-08-04,2026-08-04T19:57:17Z,Azure Kubernetes Service,southeastasia,8,1,1,0.009506,0.16,0.036629,USD,False
2026-08-04,2026-08-04T19:57:17Z,Azure Kubernetes Service,swedencentral,8,1,1,0.009506,0.16,0.036629,USD,False
2026-08-04,2026-08-04T19:57:17Z,Azure Kubernetes Service,westeurope,8,1,1,0.010456,0.16,0.03829175,USD,False
2026-08-04,2026-08-04T19:57:17Z,Azure Kubernetes Service,westus2,8,1,1,0.007312,0.16,0.0327915,USD,False
2026-08-04,2026-08-04T19:57:17Z,Functions,australiaeast,9,2,3,0.0,0.182,0.02167433,USD,False
2026-08-04,2026-08-04T19:57:17Z,Functions,brazilsouth,9,2,3,0.0,0.183,0.02179656,USD,False
2026-08-04,2026-08-04T19:57:17Z,Functions,eastus,9,2,3,0.0,0.173,0.02059489,USD,False
2026-08-04,2026-08-04T19:57:17Z,Functions,eastus2,9,2,3,0.0,0.16,0.01905044,USD,False
2026-08-04,2026-08-04T19:57:17Z,Functions,japaneast,9,2,3,0.0,0.196,0.02333933,USD,False
2026-08-04,2026-08-04T19:57:17Z,Functions,northeurope,9,2,3,0.0,0.167,0.01988378,USD,False
2026-08-04,2026-08-04T19:57:17Z,Functions,southeastasia,9,2,3,0.0,0.178,0.02119656,USD,False
2026-08-04,2026-08-04T19:57:17Z,Functions,swedencentral,9,2,3,0.0,0.169,0.02012822,USD,False
2026-08-04,2026-08-04T19:57:17Z,Functions,westeurope,9,2,3,0.0,0.169,0.02012822,USD,False
2026-08-04,2026-08-04T19:57:17Z,Functions,westus2,9,2,3,0.0,0.16,0.01905044,USD,False
2026-08-04,2026-08-04T19:57:17Z,Load Balancer,australiaeast,0,0,0,,,,USD,False
2026-08-04,2026-08-04T19:57:17Z,Load Balancer,brazilsouth,0,0,0,,,,USD,False
2026-08-04,2026-08-04T19:57:17Z,Load Balancer,eastus,0,0,0,,,,USD,False
2026-08-04,2026-08-04T19:57:17Z,Load Balancer,eastus2,0,0,0,,,,USD,False
2026-08-04,2026-08-04T19:57:17Z,Load Balancer,japaneast,0,0,0,,,,USD,False
2026-08-04,2026-08-04T19:57:17Z,Load Balancer,northeurope,0,0,0,,,,USD,False
2026-08-04,2026-08-04T19:57:17Z,Load Balancer,southeastasia,0,0,0,,,,USD,False
2026-08-04,2026-08-04T19:57:17Z,Load Balancer,swedencentral,0,0,0,,,,USD,False
2026-08-04,2026-08-04T19:57:17Z,Load Balancer,westeurope,0,0,0,,,,USD,False
2026-08-04,2026-08-04T19:57:17Z,Load Balancer,westus2,0,0,0,,,,USD,False
2026-08-04,2026-08-04T19:57:17Z,SQL Database,australiaeast,154,37,77,0.0,571.408,22.78711522,USD,False
2026-08-04,2026-08-04T19:57:17Z,SQL Database,brazilsouth,109,35,71,0.0,627.26,31.3701431,USD,False
2026-08-04,2026-08-04T19:57:17Z,SQL Database,eastus,113,30,37,0.0,24.36,2.87434587,USD,False
2026-08-04,2026-08-04T19:57:17Z,SQL Database,eastus2,108,29,36,0.0,24.36,2.98343595,USD,False
2026-08-04,2026-08-04T19:57:17Z,SQL Database,japaneast,150,37,75,0.0,584.208,23.84588713,USD,False
2026-08-04,2026-08-04T19:57:17Z,SQL Database,northeurope,113,30,37,0.0,29.22,3.43563935,USD,False
2026-08-04,2026-08-04T19:57:17Z,SQL Database,southeastasia,111,29,37,0.0,31.66,3.77798125,USD,False
2026-08-04,2026-08-04T19:57:17Z,SQL Database,swedencentral,106,30,74,0.0,516.128,26.50978892,USD,False
2026-08-04,2026-08-04T19:57:17Z,SQL Database,westeurope,113,30,37,0.0,31.66,3.72220855,USD,False
2026-08-04,2026-08-04T19:57:17Z,SQL Database,westus2,111,29,37,0.0,24.36,2.91339714,USD,False
2026-08-04,2026-08-04T19:57:17Z,Storage,australiaeast,200,23,68,0.0,3342.34,23.89177272,USD,True
2026-08-04,2026-08-04T19:57:17Z,Storage,brazilsouth,200,27,62,0.0,4669.71,74.65290366,USD,True
2026-08-04,2026-08-04T19:57:17Z,Storage,eastus,200,28,70,0.0,3686.4,51.35685995,USD,False
2026-08-04,2026-08-04T19:57:17Z,Storage,eastus2,200,25,72,0.0,3686.4,24.146832,USD,False
2026-08-04,2026-08-04T19:57:17Z,Storage,japaneast,200,26,71,0.0,3109.035,41.43337182,USD,False
2026-08-04,2026-08-04T19:57:17Z,Storage,northeurope,200,26,69,0.0,3604.11,53.98662846,USD,False
2026-08-04,2026-08-04T19:57:17Z,Storage,southeastasia,200,28,79,0.0,3686.4,33.44616051,USD,False
2026-08-04,2026-08-04T19:57:17Z,Storage,swedencentral,200,26,76,0.0,3686.4,31.87963216,USD,True
2026-08-04,2026-08-04T19:57:17Z,Storage,westeurope,200,25,73,0.0,1982.17,32.12951834,USD,False
2026-08-04,2026-08-04T19:57:17Z,Storage,westus2,200,26,73,0.0,3686.4,34.08984903,USD,False
2026-08-04,2026-08-04T19:57:17Z,Virtual Machines,australiaeast,200,133,189,0.014026,41.918,2.8230689,USD,True
2026-08-04,2026-08-04T19:57:17Z,Virtual Machines,brazilsouth,200,136,191,0.00303,133.07446,5.01253949,USD,True
2026-08-04,2026-08-04T19:57:17Z,Virtual Machines,eastus,200,138,187,0.0,117.7788,3.7808078,USD,True
2026-08-04,2026-08-04T19:57:17Z,Virtual Machines,eastus2,200,141,184,0.0,116.052,4.37934673,USD,True
2026-08-04,2026-08-04T19:57:17Z,Virtual Machines,japaneast,200,129,198,0.00864,179.244241,4.59030583,USD,True
2026-08-04,2026-08-04T19:57:17Z,Virtual Machines,northeurope,200,137,184,0.00204,71.50672,2.45817863,USD,True
2026-08-04,2026-08-04T19:57:17Z,Virtual Machines,southeastasia,200,136,191,0.021067,213.0211,6.08845096,USD,True
2026-08-04,2026-08-04T19:57:17Z,Virtual Machines,swedencentral,200,123,190,0.011,196.6272,4.34583481,USD,True
2026-08-04,2026-08-04T19:57:17Z,Virtual Machines,westeurope,200,133,191,0.002,139.89936,5.88753348,USD,True
2026-08-04,2026-08-04T19:57:17Z,Virtual Machines,westus2,200,145,186,0.004,451.616,7.50804888,USD,True
2026-08-06,2026-08-06T09:06:35Z,Application Gateway,australiaeast,22,8,5,0.008,0.522,0.15022182,USD,False
2026-08-06,2026-08-06T09:06:35Z,Application Gateway,brazilsouth,18,7,5,0.008,0.72,0.20858,USD,False
2026-08-06,2026-08-06T09:06:35Z,Application Gateway,eastus,22,8,5,0.008,0.448,0.12017727,USD,False
2026-08-06,2026-08-06T09:06:35Z,Application Gateway,eastus2,22,8,5,0.008,0.448,0.12017727,USD,False
2026-08-06,2026-08-06T09:06:35Z,Application Gateway,japaneast,18,7,5,0.008,0.522,0.16874278,USD,False
2026-08-06,2026-08-06T09:06:35Z,Application Gateway,northeurope,22,8,5,0.008,0.50176,0.13672182,USD,False
2026-08-06,2026-08-06T09:06:35Z,Application Gateway,southeastasia,22,8,5,0.008,0.50176,0.14207636,USD,False
2026-08-06,2026-08-06T09:06:35Z,Application Gateway,swedencentral,18,7,5,0.0076,0.50176,0.16225667,USD,False
2026-08-06,2026-08-06T09:06:35Z,Application Gateway,westeurope,22,8,5,0.008,0.50176,0.14206727,USD,False
2026-08-06,2026-08-06T09:06:35Z,Application Gateway,westus2,18,7,5,0.008,0.448,0.13827222,USD,False
2026-08-06,2026-08-06T09:06:35Z,Azure App Service,australiaeast,124,20,67,0.016,80.0,3.33422719,USD,False
2026-08-06,2026-08-06T09:06:35Z,Azure App Service,brazilsouth,102,18,56,0.0158,80.0,2.96177998,USD,False
2026-08-06,2026-08-06T09:06:35Z,Azure App Service,eastus,113,16,62,0.017,80.0,3.05313451,USD,False
2026-08-06,2026-08-06T09:06:35Z,Azure App Service,eastus2,117,17,63,0.0,80.0,3.02458982,USD,False
2026-08-06,2026-08-06T09:06:35Z,Azure App Service,japaneast,128,21,68,0.0,80.0,3.31481827,USD,False
2026-08-06,2026-08-06T09:06:35Z,Azure App Service,northeurope,113,16,62,0.018,80.0,3.45700196,USD,False
2026-08-06,2026-08-06T09:06:35Z,Azure App Service,southeastasia,113,16,62,0.018,80.0,3.50719758,USD,False
2026-08-06,2026-08-06T09:06:35Z,Azure App Service,swedencentral,111,17,60,0.0,80.0,3.06190559,USD,False
2026-08-06,2026-08-06T09:06:35Z,Azure App Service,westeurope,117,17,63,0.0,80.0,3.48324291,USD,False
2026-08-06,2026-08-06T09:06:35Z,Azure App Service,westus2,117,17,63,0.0,80.0,3.01730191,USD,False
2026-08-06,2026-08-06T09:06:35Z,Azure Cosmos DB,australiaeast,106,14,81,0.0,32.553,2.54770911,USD,False
2026-08-06,2026-08-06T09:06:35Z,Azure Cosmos DB,brazilsouth,103,14,78,0.0,44.9,3.58415748,USD,False
2026-08-06,2026-08-06T09:06:35Z,Azure Cosmos DB,eastus,99,14,76,0.0,22.45,2.07406196,USD,False
2026-08-06,2026-08-06T09:06:35Z,Azure Cosmos DB,eastus2,99,14,76,0.0,22.45,2.07625388,USD,False
2026-08-06,2026-08-06T09:06:35Z,Azure Cosmos DB,japaneast,106,14,81,0.0,32.553,2.5569471,USD,False
2026-08-06,2026-08-06T09:06:35Z,Azure Cosmos DB,northeurope,106,14,81,0.0,26.94,2.21805191,USD,False
2026-08-06,2026-08-06T09:06:35Z,Azure Cosmos DB,southeastasia,106,14,81,0.0,29.185,2.30645925,USD,False
2026-08-06,2026-08-06T09:06:35Z,Azure Cosmos DB,swedencentral,97,14,73,0.0,29.185,2.587158,USD,False
2026-08-06,2026-08-06T09:06:35Z,Azure Cosmos DB,westeurope,106,14,81,0.0,29.185,2.39201482,USD,False
2026-08-06,2026-08-06T09:06:35Z,Azure Cosmos DB,westus2,99,14,76,0.0,22.45,2.04923503,USD,False
2026-08-06,2026-08-06T09:06:35Z,Azure Database for PostgreSQL,australiaeast,115,41,52,0.0,76.343,4.03472331,USD,False
2026-08-06,2026-08-06T09:06:35Z,Azure Database for PostgreSQL,brazilsouth,119,43,52,0.0,133.345,6.3454915,USD,False
2026-08-06,2026-08-06T09:06:35Z,Azure Database for PostgreSQL,eastus,118,43,52,0.0,63.619,3.20475014,USD,False
2026-08-06,2026-08-06T09:06:35Z,Azure Database for PostgreSQL,eastus2,119,44,52,0.0,63.619,3.18101695,USD,False
2026-08-06,2026-08-06T09:06:35Z,Azure Database for PostgreSQL,japaneast,118,43,52,0.0,76.343,3.93456459,USD,False
2026-08-06,2026-08-06T09:06:35Z,Azure Database for PostgreSQL,northeurope,120,45,52,0.0,71.253,3.52114508,USD,False
2026-08-06,2026-08-06T09:06:35Z,Azure Database for PostgreSQL,southeastasia,118,43,52,0.0,76.343,3.93179301,USD,False
2026-08-06,2026-08-06T09:06:35Z,Azure Database for PostgreSQL,swedencentral,112,41,51,0.0,65.4,3.4696243,USD,False
2026-08-06,2026-08-06T09:06:35Z,Azure Database for PostgreSQL,westeurope,122,47,52,0.0,77.615,3.76333552,USD,False
2026-08-06,2026-08-06T09:06:35Z,Azure Database for PostgreSQL,westus2,115,41,52,0.0,63.619,3.2869645,USD,False
2026-08-06,2026-08-06T09:06:35Z,Azure Kubernetes Service,australiaeast,8,1,1,0.010602,0.16,0.0385475,USD,False
2026-08-06,2026-08-06T09:06:35Z,Azure Kubernetes Service,brazilsouth,8,1,1,0.014624,0.16,0.045583,USD,False
2026-08-06,2026-08-06T09:06:35Z,Azure Kubernetes Service,eastus,9,2,2,0.007312,0.6,0.09581467,USD,False
2026-08-06,2026-08-06T09:06:35Z,Azure Kubernetes Service,eastus2,8,1,1,0.007312,0.16,0.0327915,USD,False
2026-08-06,2026-08-06T09:06:35Z,Azure Kubernetes Service,japaneast,8,1,1,0.010602,0.16,0.0385475,USD,False
2026-08-06,2026-08-06T09:06:35Z,Azure Kubernetes Service,northeurope,8,1,1,0.008774,0.16,0.0353495,USD,False
2026-08-06,2026-08-06T09:06:35Z,Azure Kubernetes Service,southeastasia,8,1,1,0.009506,0.16,0.036629,USD,False
2026-08-06,2026-08-06T09:06:35Z,Azure Kubernetes Service,swedencentral,8,1,1,0.009506,0.16,0.036629,USD,False
2026-08-06,2026-08-06T09:06:35Z,Azure Kubernetes Service,westeurope,8,1,1,0.010456,0.16,0.03829175,USD,False
2026-08-06,2026-08-06T09:06:35Z,Azure Kubernetes Service,westus2,8,1,1,0.007312,0.16,0.0327915,USD,False
2026-08-06,2026-08-06T09:06:35Z,Functions,australiaeast,9,2,3,0.0,0.182,0.02167433,USD,False
2026-08-06,2026-08-06T09:06:35Z,Functions,brazilsouth,9,2,3,0.0,0.183,0.02179656,USD,False
2026-08-06,2026-08-06T09:06:35Z,Functions,eastus,9,2,3,0.0,0.173,0.02059489,USD,False
2026-08-06,2026-08-06T09:06:35Z,Functions,eastus2,9,2,3,0.0,0.16,0.01905044,USD,False
2026-08-06,2026-08-06T09:06:35Z,Functions,japaneast,9,2,3,0.0,0.196,0.02333933,USD,False
2026-08-06,2026-08-06T09:06:35Z,Functions,northeurope,9,2,3,0.0,0.167,0.01988378,USD,False
2026-08-06,2026-08-06T09:06:35Z,Functions,southeastasia,9,2,3,0.0,0.178,0.02119656,USD,False
2026-08-06,2026-08-06T09:06:35Z,Functions,swedencentral,9,2,3,0.0,0.169,0.02012822,USD,False
2026-08-06,2026-08-06T09:06:35Z,Functions,westeurope,9,2,3,0.0,0.169,0.02012822,USD,False
2026-08-06,2026-08-06T09:06:35Z,Functions,westus2,9,2,3,0.0,0.16,0.01905044,USD,False
2026-08-06,2026-08-06T09:06:35Z,Load Balancer,australiaeast,0,0,0,,,,USD,False
2026-08-06,2026-08-06T09:06:35Z,Load Balancer,brazilsouth,0,0,0,,,,USD,False
2026-08-06,2026-08-06T09:06:35Z,Load Balancer,eastus,0,0,0,,,,USD,False
2026-08-06,2026-08-06T09:06:35Z,Load Balancer,eastus2,0,0,0,,,,USD,False
2026-08-06,2026-08-06T09:06:35Z,Load Balancer,japaneast,0,0,0,,,,USD,False
2026-08-06,2026-08-06T09:06:35Z,Load Balancer,northeurope,0,0,0,,,,USD,False
2026-08-06,2026-08-06T09:06:35Z,Load Balancer,southeastasia,0,0,0,,,,USD,False
2026-08-06,2026-08-06T09:06:35Z,Load Balancer,swedencentral,0,0,0,,,,USD,False
2026-08-06,2026-08-06T09:06:35Z,Load Balancer,westeurope,0,0,0,,,,USD,False
2026-08-06,2026-08-06T09:06:35Z,Load Balancer,westus2,0,0,0,,,,USD,False
2026-08-06,2026-08-06T09:06:35Z,SQL Database,australiaeast,154,37,77,0.0,571.408,22.78711522,USD,False
2026-08-06,2026-08-06T09:06:35Z,SQL Database,brazilsouth,109,35,71,0.0,627.26,31.3701431,USD,False
2026-08-06,2026-08-06T09:06:35Z,SQL Database,eastus,113,30,37,0.0,24.36,2.87434587,USD,False
2026-08-06,2026-08-06T09:06:35Z,SQL Database,eastus2,108,29,36,0.0,24.36,2.98343595,USD,False
2026-08-06,2026-08-06T09:06:35Z,SQL Database,japaneast,150,37,75,0.0,584.208,23.84588713,USD,False
2026-08-06,2026-08-06T09:06:35Z,SQL Database,northeurope,113,30,37,0.0,29.22,3.43563935,USD,False
2026-08-06,2026-08-06T09:06:35Z,SQL Database,southeastasia,111,29,37,0.0,31.66,3.77798125,USD,False
2026-08-06,2026-08-06T09:06:35Z,SQL Database,swedencentral,106,30,74,0.0,516.128,26.50978892,USD,False
2026-08-06,2026-08-06T09:06:35Z,SQL Database,westeurope,113,30,37,0.0,31.66,3.72220855,USD,False
2026-08-06,2026-08-06T09:06:35Z,SQL Database,westus2,111,29,37,0.0,24.36,2.91339714,USD,False
2026-08-06,2026-08-06T09:06:35Z,Storage,australiaeast,200,23,68,0.0,3342.34,23.89177272,USD,True
2026-08-06,2026-08-06T09:06:35Z,Storage,brazilsouth,200,27,62,0.0,4669.71,74.65290366,USD,True
2026-08-06,2026-08-06T09:06:35Z,Storage,eastus,200,28,70,0.0,3686.4,51.35685995,USD,False
2026-08-06,2026-08-06T09:06:35Z,Storage,eastus2,200,25,72,0.0,3686.4,24.146832,USD,False
2026-08-06,2026-08-06T09:06:35Z,Storage,japaneast,200,26,71,0.0,3109.035,41.43337182,USD,False
2026-08-06,2026-08-06T09:06:35Z,Storage,northeurope,200,26,69,0.0,3604.11,53.98662846,USD,False
2026-08-06,2026-08-06T09:06:35Z,Storage,southeastasia,200,28,79,0.0,3686.4,33.44616051,USD,False
2026-08-06,2026-08-06T09:06:35Z,Storage,swedencentral,200,26,76,0.0,3686.4,31.87963216,USD,True
2026-08-06,2026-08-06T09:06:35Z,Storage,westeurope,200,25,73,0.0,1982.17,32.12951834,USD,False
2026-08-06,2026-08-06T09:06:35Z,Storage,westus2,200,26,73,0.0,3686.4,34.08984903,USD,False
2026-08-06,2026-08-06T09:06:35Z,Virtual Machines,australiaeast,200,133,189,0.014026,41.918,2.8230689,USD,True
2026-08-06,2026-08-06T09:06:35Z,Virtual Machines,brazilsouth,200,136,191,0.00303,133.07446,5.01253949,USD,True
2026-08-06,2026-08-06T09:06:35Z,Virtual Machines,eastus,200,138,187,0.0,117.7788,3.7808078,USD,True
2026-08-06,2026-08-06T09:06:35Z,Virtual Machines,eastus2,200,141,184,0.0,116.052,4.37934673,USD,True
2026-08-06,2026-08-06T09:06:35Z,Virtual Machines,japaneast,200,129,198,0.00864,179.244241,4.59030583,USD,True
2026-08-06,2026-08-06T09:06:35Z,Virtual Machines,northeurope,200,137,184,0.00204,71.50672,2.45817863,USD,True
2026-08-06,2026-08-06T09:06:35Z,Virtual Machines,southeastasia,200,136,191,0.021067,213.0211,6.08845096,USD,True
2026-08-06,2026-08-06T09:06:35Z,Virtual Machines,swedencentral,200,123,190,0.011,196.6272,4.34583481,USD,True
2026-08-06,2026-08-06T09:06:35Z,Virtual Machines,westeurope,200,133,191,0.002,139.89936,5.88753348,USD,True
2026-08-06,2026-08-06T09:06:35Z,Virtual Machines,westus2,200,145,186,0.004,451.616,7.50804888,USD,True
2026-08-07,2026-08-07T19:16:11Z,Application Gateway,australiaeast,22,8,5,0.008,0.522,0.15022182,USD,False
2026-08-07,2026-08-07T19:16:11Z,Application Gateway,brazilsouth,18,7,5,0.008,0.72,0.20858,USD,False
2026-08-07,2026-08-07T19:16:11Z,Application Gateway,eastus,22,8,5,0.008,0.448,0.12017727,USD,False
2026-08-07,2026-08-07T19:16:11Z,Application Gateway,eastus2,22,8,5,0.008,0.448,0.12017727,USD,False
2026-08-07,2026-08-07T19:16:11Z,Application Gateway,japaneast,18,7,5,0.008,0.522,0.16874278,USD,False
2026-08-07,2026-08-07T19:16:11Z,Application Gateway,northeurope,22,8,5,0.008,0.50176,0.13672182,USD,False
2026-08-07,2026-08-07T19:16:11Z,Application Gateway,southeastasia,22,8,5,0.008,0.50176,0.14207636,USD,False
2026-08-07,2026-08-07T19:16:11Z,Application Gateway,swedencentral,18,7,5,0.0076,0.50176,0.16225667,USD,False
2026-08-07,2026-08-07T19:16:11Z,Application Gateway,westeurope,22,8,5,0.008,0.50176,0.14206727,USD,False
2026-08-07,2026-08-07T19:16:11Z,Application Gateway,westus2,18,7,5,0.008,0.448,0.13827222,USD,False
2026-08-07,2026-08-07T19:16:11Z,Azure App Service,australiaeast,124,20,67,0.016,80.0,3.33422719,USD,False
2026-08-07,2026-08-07T19:16:11Z,Azure App Service,brazilsouth,102,18,56,0.0158,80.0,2.96177998,USD,False
2026-08-07,2026-08-07T19:16:11Z,Azure App Service,eastus,113,16,62,0.017,80.0,3.05313451,USD,False
2026-08-07,2026-08-07T19:16:11Z,Azure App Service,eastus2,117,17,63,0.0,80.0,3.02458982,USD,False
2026-08-07,2026-08-07T19:16:11Z,Azure App Service,japaneast,128,21,68,0.0,80.0,3.31481827,USD,False
2026-08-07,2026-08-07T19:16:11Z,Azure App Service,northeurope,113,16,62,0.018,80.0,3.45700196,USD,False
2026-08-07,2026-08-07T19:16:11Z,Azure App Service,southeastasia,113,16,62,0.018,80.0,3.50719758,USD,False
2026-08-07,2026-08-07T19:16:11Z,Azure App Service,swedencentral,111,17,60,0.0,80.0,3.06190559,USD,False
2026-08-07,2026-08-07T19:16:11Z,Azure App Service,westeurope,117,17,63,0.0,80.0,3.48324291,USD,False
2026-08-07,2026-08-07T19:16:11Z,Azure App Service,westus2,117,17,63,0.0,80.0,3.01730191,USD,False
2026-08-07,2026-08-07T19:16:11Z,Azure Cosmos DB,australiaeast,106,14,81,0.0,32.553,2.54770911,USD,False
2026-08-07,2026-08-07T19:16:11Z,Azure Cosmos DB,brazilsouth,103,14,78,0.0,44.9,3.58415748,USD,False
2026-08-07,2026-08-07T19:16:11Z,Azure Cosmos DB,eastus,99,14,76,0.0,22.45,2.07406196,USD,False
2026-08-07,2026-08-07T19:16:11Z,Azure Cosmos DB,eastus2,99,14,76,0.0,22.45,2.07625388,USD,False
2026-08-07,2026-08-07T19:16:11Z,Azure Cosmos DB,japaneast,106,14,81,0.0,32.553,2.5569471,USD,False
2026-08-07,2026-08-07T19:16:11Z,Azure Cosmos DB,northeurope,106,14,81,0.0,26.94,2.21805191,USD,False
2026-08-07,2026-08-07T19:16:11Z,Azure Cosmos DB,southeastasia,106,14,81,0.0,29.185,2.30645925,USD,False
2026-08-07,2026-08-07T19:16:11Z,Azure Cosmos DB,swedencentral,97,14,73,0.0,29.185,2.587158,USD,False
2026-08-07,2026-08-07T19:16:11Z,Azure Cosmos DB,westeurope,106,14,81,0.0,29.185,2.39201482,USD,False
2026-08-07,2026-08-07T19:16:11Z,Azure Cosmos DB,westus2,99,14,76,0.0,22.45,2.04923503,USD,False
2026-08-07,2026-08-07T19:16:11Z,Azure Database for PostgreSQL,australiaeast,115,41,52,0.0,76.343,4.03472331,USD,False
2026-08-07,2026-08-07T19:16:11Z,Azure Database for PostgreSQL,brazilsouth,119,43,52,0.0,133.345,6.3454915,USD,False
2026-08-07,2026-08-07T19:16:11Z,Azure Database for PostgreSQL,eastus,118,43,52,0.0,63.619,3.20475014,USD,False
2026-08-07,2026-08-07T19:16:11Z,Azure Database for PostgreSQL,eastus2,119,44,52,0.0,63.619,3.18101695,USD,False
2026-08-07,2026-08-07T19:16:11Z,Azure Database for PostgreSQL,japaneast,118,43,52,0.0,76.343,3.93456459,USD,False
2026-08-07,2026-08-07T19:16:11Z,Azure Database for PostgreSQL,northeurope,120,45,52,0.0,71.253,3.52114508,USD,False
2026-08-07,2026-08-07T19:16:11Z,Azure Database for PostgreSQL,southeastasia,118,43,52,0.0,76.343,3.93179301,USD,False
2026-08-07,2026-08-07T19:16:11Z,Azure Database for PostgreSQL,swedencentral,112,41,51,0.0,65.4,3.4696243,USD,False
2026-08-07,2026-08-07T19:16:11Z,Azure Database for PostgreSQL,westeurope,122,47,52,0.0,77.615,3.76333552,USD,False
2026-08-07,2026-08-07T19:16:11Z,Azure Database for PostgreSQL,westus2,115,41,52,0.0,63.619,3.2869645,USD,False
2026-08-07,2026-08-07T19:16:11Z,Azure Kubernetes Service,australiaeast,8,1,1,0.010602,0.16,0.0385475,USD,False
2026-08-07,2026-08-07T19:16:11Z,Azure Kubernetes Service,brazilsouth,8,1,1,0.014624,0.16,0.045583,USD,False
2026-08-07,2026-08-07T19:16:11Z,Azure Kubernetes Service,eastus,9,2,2,0.007312,0.6,0.09581467,USD,False
2026-08-07,2026-08-07T19:16:11Z,Azure Kubernetes Service,eastus2,8,1,1,0.007312,0.16,0.0327915,USD,False
2026-08-07,2026-08-07T19:16:11Z,Azure Kubernetes Service,japaneast,8,1,1,0.010602,0.16,0.0385475,USD,False
2026-08-07,2026-08-07T19:16:11Z,Azure Kubernetes Service,northeurope,8,1,1,0.008774,0.16,0.0353495,USD,False
2026-08-07,2026-08-07T19:16:11Z,Azure Kubernetes Service,southeastasia,8,1,1,0.009506,0.16,0.036629,USD,False
2026-08-07,2026-08-07T19:16:11Z,Azure Kubernetes Service,swedencentral,8,1,1,0.009506,0.16,0.036629,USD,False
2026-08-07,2026-08-07T19:16:11Z,Azure Kubernetes Service,westeurope,8,1,1,0.010456,0.16,0.03829175,USD,False
2026-08-07,2026-08-07T19:16:11Z,Azure Kubernetes Service,westus2,8,1,1,0.007312,0.16,0.0327915,USD,False
2026-08-07,2026-08-07T19:16:11Z,Functions,australiaeast,9,2,3,0.0,0.182,0.02167433,USD,False
2026-08-07,2026-08-07T19:16:11Z,Functions,brazilsouth,9,2,3,0.0,0.183,0.02179656,USD,False
2026-08-07,2026-08-07T19:16:11Z,Functions,eastus,9,2,3,0.0,0.173,0.02059489,USD,False
2026-08-07,2026-08-07T19:16:11Z,Functions,eastus2,9,2,3,0.0,0.16,0.01905044,USD,False
2026-08-07,2026-08-07T19:16:11Z,Functions,japaneast,9,2,3,0.0,0.196,0.02333933,USD,False
2026-08-07,2026-08-07T19:16:11Z,Functions,northeurope,9,2,3,0.0,0.167,0.01988378,USD,False
2026-08-07,2026-08-07T19:16:11Z,Functions,southeastasia,9,2,3,0.0,0.178,0.02119656,USD,False
2026-08-07,2026-08-07T19:16:11Z,Functions,swedencentral,9,2,3,0.0,0.169,0.02012822,USD,False
2026-08-07,2026-08-07T19:16:11Z,Functions,westeurope,9,2,3,0.0,0.169,0.02012822,USD,False
2026-08-07,2026-08-07T19:16:11Z,Functions,westus2,9,2,3,0.0,0.16,0.01905044,USD,False
2026-08-07,2026-08-07T19:16:11Z,Load Balancer,australiaeast,0,0,0,,,,USD,False
2026-08-07,2026-08-07T19:16:11Z,Load Balancer,brazilsouth,0,0,0,,,,USD,False
2026-08-07,2026-08-07T19:16:11Z,Load Balancer,eastus,0,0,0,,,,USD,False
2026-08-07,2026-08-07T19:16:11Z,Load Balancer,eastus2,0,0,0,,,,USD,False
2026-08-07,2026-08-07T19:16:11Z,Load Balancer,japaneast,0,0,0,,,,USD,False
2026-08-07,2026-08-07T19:16:11Z,Load Balancer,northeurope,0,0,0,,,,USD,False
2026-08-07,2026-08-07T19:16:11Z,Load Balancer,southeastasia,0,0,0,,,,USD,False
2026-08-07,2026-08-07T19:16:11Z,Load Balancer,swedencentral,0,0,0,,,,USD,False
2026-08-07,2026-08-07T19:16:11Z,Load Balancer,westeurope,0,0,0,,,,USD,False
2026-08-07,2026-08-07T19:16:11Z,Load Balancer,westus2,0,0,0,,,,USD,False
2026-08-07,2026-08-07T19:16:11Z,SQL Database,australiaeast,154,37,77,0.0,571.408,22.78711522,USD,False
2026-08-07,2026-08-07T19:16:11Z,SQL Database,brazilsouth,109,35,71,0.0,627.26,31.3701431,USD,False
2026-08-07,2026-08-07T19:16:11Z,SQL Database,eastus,113,30,37,0.0,24.36,2.87434587,USD,False
2026-08-07,2026-08-07T19:16:11Z,SQL Database,eastus2,108,29,36,0.0,24.36,2.98343595,USD,False
2026-08-07,2026-08-07T19:16:11Z,SQL Database,japaneast,150,37,75,0.0,584.208,23.84588713,USD,False
2026-08-07,2026-08-07T19:16:11Z,SQL Database,northeurope,113,30,37,0.0,29.22,3.43563935,USD,False
2026-08-07,2026-08-07T19:16:11Z,SQL Database,southeastasia,111,29,37,0.0,31.66,3.77798125,USD,False
2026-08-07,2026-08-07T19:16:11Z,SQL Database,swedencentral,106,30,74,0.0,516.128,26.50978892,USD,False
2026-08-07,2026-08-07T19:16:11Z,SQL Database,westeurope,113,30,37,0.0,31.66,3.72220855,USD,False
2026-08-07,2026-08-07T19:16:11Z,SQL Database,westus2,111,29,37,0.0,24.36,2.91339714,USD,False
2026-08-07,2026-08-07T19:16:11Z,Storage,australiaeast,200,23,68,0.0,3342.34,23.89177272,USD,True
2026-08-07,2026-08-07T19:16:11Z,Storage,brazilsouth,200,27,62,0.0,4669.71,74.65290366,USD,True
2026-08-07,2026-08-07T19:16:11Z,Storage,eastus,200,28,70,0.0,3686.4,51.35685995,USD,False
2026-08-07,2026-08-07T19:16:11Z,Storage,eastus2,200,25,72,0.0,3686.4,24.146832,USD,False
2026-08-07,2026-08-07T19:16:11Z,Storage,japaneast,200,26,71,0.0,3109.035,41.43337182,USD,False
2026-08-07,2026-08-07T19:16:11Z,Storage,northeurope,200,26,69,0.0,3604.11,53.98662846,USD,False
2026-08-07,2026-08-07T19:16:11Z,Storage,southeastasia,200,28,79,0.0,3686.4,33.44616051,USD,False
2026-08-07,2026-08-07T19:16:11Z,Storage,swedencentral,200,26,76,0.0,3686.4,31.87963216,USD,True
2026-08-07,2026-08-07T19:16:11Z,Storage,westeurope,200,25,73,0.0,1982.17,32.12951834,USD,False
2026-08-07,2026-08-07T19:16:11Z,Storage,westus2,200,26,73,0.0,3686.4,34.08984903,USD,False
2026-08-07,2026-08-07T19:16:11Z,Virtual Machines,australiaeast,200,133,189,0.014026,41.918,2.8230689,USD,True
2026-08-07,2026-08-07T19:16:11Z,Virtual Machines,brazilsouth,200,136,191,0.00303,133.07446,5.01253949,USD,True
2026-08-07,2026-08-07T19:16:11Z,Virtual Machines,eastus,200,138,187,0.0,117.7788,3.7808078,USD,True
2026-08-07,2026-08-07T19:16:11Z,Virtual Machines,eastus2,200,141,184,0.0,116.052,4.37934673,USD,True
2026-08-07,2026-08-07T19:16:11Z,Virtual Machines,japaneast,200,129,198,0.00864,179.244241,4.59030583,USD,True
2026-08-07,2026-08-07T19:16:11Z,Virtual Machines,northeurope,200,137,184,0.00204,71.50672,2.45817863,USD,True
2026-08-07,2026-08-07T19:16:11Z,Virtual Machines,southeastasia,200,136,191,0.021067,213.0211,6.08845096,USD,True
2026-08-07,2026-08-07T19:16:11Z,Virtual Machines,swedencentral,200,123,190,0.011,196.6272,4.34583481,USD,True
2026-08-07,2026-08-07T19:16:11Z,Virtual Machines,westeurope,200,133,191,0.002,139.89936,5.88753348,USD,True
2026-08-07,2026-08-07T19:16:11Z,Virtual Machines,westus2,200,145,186,0.004,451.616,7.50804888,USD,True
2026-08-08,2026-08-08T07:16:25Z,Application Gateway,australiaeast,22,8,5,0.008,0.522,0.15022182,USD,False
2026-08-08,2026-08-08T07:16:25Z,Application Gateway,brazilsouth,18,7,5,0.008,0.72,0.20858,USD,False
2026-08-08,2026-08-08T07:16:25Z,Application Gateway,eastus,22,8,5,0.008,0.448,0.12017727,USD,False
2026-08-08,2026-08-08T07:16:25Z,Application Gateway,eastus2,22,8,5,0.008,0.448,0.12017727,USD,False
2026-08-08,2026-08-08T07:16:25Z,Application Gateway,japaneast,18,7,5,0.008,0.522,0.16874278,USD,False
2026-08-08,2026-08-08T07:16:25Z,Application Gateway,northeurope,22,8,5,0.008,0.50176,0.13672182,USD,False
2026-08-08,2026-08-08T07:16:25Z,Application Gateway,southeastasia,22,8,5,0.008,0.50176,0.14207636,USD,False
2026-08-08,2026-08-08T07:16:25Z,Application Gateway,swedencentral,18,7,5,0.0076,0.50176,0.16225667,USD,False
2026-08-08,2026-08-08T07:16:25Z,Application Gateway,westeurope,22,8,5,0.008,0.50176,0.14206727,USD,False
2026-08-08,2026-08-08T07:16:25Z,Application Gateway,westus2,18,7,5,0.008,0.448,0.13827222,USD,False
2026-08-08,2026-08-08T07:16:25Z,Azure App Service,australiaeast,124,20,67,0.016,80.0,3.33422719,USD,False
2026-08-08,2026-08-08T07:16:25Z,Azure App Service,brazilsouth,102,18,56,0.0158,80.0,2.96177998,USD,False
2026-08-08,2026-08-08T07:16:25Z,Azure App Service,eastus,113,16,62,0.017,80.0,3.05313451,USD,False
2026-08-08,2026-08-08T07:16:25Z,Azure App Service,eastus2,117,17,63,0.0,80.0,3.02458982,USD,False
2026-08-08,2026-08-08T07:16:25Z,Azure App Service,japaneast,128,21,68,0.0,80.0,3.31481827,USD,False
2026-08-08,2026-08-08T07:16:25Z,Azure App Service,northeurope,113,16,62,0.018,80.0,3.45700196,USD,False
2026-08-08,2026-08-08T07:16:25Z,Azure App Service,southeastasia,113,16,62,0.018,80.0,3.50719758,USD,False
2026-08-08,2026-08-08T07:16:25Z,Azure App Service,swedencentral,111,17,60,0.0,80.0,3.06190559,USD,False
2026-08-08,2026-08-08T07:16:25Z,Azure App Service,westeurope,117,17,63,0.0,80.0,3.48324291,USD,False
2026-08-08,2026-08-08T07:16:25Z,Azure App Service,westus2,117,17,63,0.0,80.0,3.01730191,USD,False
2026-08-08,2026-08-08T07:16:25Z,Azure Cosmos DB,australiaeast,106,14,81,0.0,32.553,2.54770911,USD,False
2026-08-08,2026-08-08T07:16:25Z,Azure Cosmos DB,brazilsouth,103,14,78,0.0,44.9,3.58415748,USD,False
2026-08-08,2026-08-08T07:16:25Z,Azure Cosmos DB,eastus,99,14,76,0.0,22.45,2.07406196,USD,False
2026-08-08,2026-08-08T07:16:25Z,Azure Cosmos DB,eastus2,99,14,76,0.0,22.45,2.07625388,USD,False
2026-08-08,2026-08-08T07:16:25Z,Azure Cosmos DB,japaneast,106,14,81,0.0,32.553,2.5569471,USD,False
2026-08-08,2026-08-08T07:16:25Z,Azure Cosmos DB,northeurope,106,14,81,0.0,26.94,2.21805191,USD,False
2026-08-08,2026-08-08T07:16:25Z,Azure Cosmos DB,southeastasia,106,14,81,0.0,29.185,2.30645925,USD,False
2026-08-08,2026-08-08T07:16:25Z,Azure Cosmos DB,swedencentral,97,14,73,0.0,29.185,2.587158,USD,False
2026-08-08,2026-08-08T07:16:25Z,Azure Cosmos DB,westeurope,106,14,81,0.0,29.185,2.39201482,USD,False
2026-08-08,2026-08-08T07:16:25Z,Azure Cosmos DB,westus2,99,14,76,0.0,22.45,2.04923503,USD,False
2026-08-08,2026-08-08T07:16:25Z,Azure Database for PostgreSQL,australiaeast,115,41,52,0.0,76.343,4.03472331,USD,False
2026-08-08,2026-08-08T07:16:25Z,Azure Database for PostgreSQL,brazilsouth,119,43,52,0.0,133.345,6.3454915,USD,False
2026-08-08,2026-08-08T07:16:25Z,Azure Database for PostgreSQL,eastus,118,43,52,0.0,63.619,3.20475014,USD,False
2026-08-08,2026-08-08T07:16:25Z,Azure Database for PostgreSQL,eastus2,119,44,52,0.0,63.619,3.18101695,USD,False
2026-08-08,2026-08-08T07:16:25Z,Azure Database for PostgreSQL,japaneast,118,43,52,0.0,76.343,3.93456459,USD,False
2026-08-08,2026-08-08T07:16:25Z,Azure Database for PostgreSQL,northeurope,120,45,52,0.0,71.253,3.52114508,USD,False
2026-08-08,2026-08-08T07:16:25Z,Azure Database for PostgreSQL,southeastasia,118,43,52,0.0,76.343,3.93179301,USD,False
2026-08-08,2026-08-08T07:16:25Z,Azure Database for PostgreSQL,swedencentral,112,41,51,0.0,65.4,3.4696243,USD,False
2026-08-08,2026-08-08T07:16:25Z,Azure Database for PostgreSQL,westeurope,122,47,52,0.0,77.615,3.76333552,USD,False
2026-08-08,2026-08-08T07:16:25Z,Azure Database for PostgreSQL,westus2,115,41,52,0.0,63.619,3.2869645,USD,False
2026-08-08,2026-08-08T07:16:25Z,Azure Kubernetes Service,australiaeast,8,1,1,0.010602,0.16,0.0385475,USD,False
2026-08-08,2026-08-08T07:16:25Z,Azure Kubernetes Service,brazilsouth,8,1,1,0.014624,0.16,0.045583,USD,False
2026-08-08,2026-08-08T07:16:25Z,Azure Kubernetes Service,eastus,9,2,2,0.007312,0.6,0.09581467,USD,False
2026-08-08,2026-08-08T07:16:25Z,Azure Kubernetes Service,eastus2,8,1,1,0.007312,0.16,0.0327915,USD,False
2026-08-08,2026-08-08T07:16:25Z,Azure Kubernetes Service,japaneast,8,1,1,0.010602,0.16,0.0385475,USD,False
2026-08-08,2026-08-08T07:16:25Z,Azure Kubernetes Service,northeurope,8,1,1,0.008774,0.16,0.0353495,USD,False
2026-08-08,2026-08-08T07:16:25Z,Azure Kubernetes Service,southeastasia,8,1,1,0.009506,0.16,0.036629,USD,False
2026-08-08,2026-08-08T07:16:25Z,Azure Kubernetes Service,swedencentral,8,1,1,0.009506,0.16,0.036629,USD,False
2026-08-08,2026-08-08T07:16:25Z,Azure Kubernetes Service,westeurope,8,1,1,0.010456,0.16,0.03829175,USD,False
2026-08-08,2026-08-08T07:16:25Z,Azure Kubernetes Service,westus2,8,1,1,0.007312,0.16,0.0327915,USD,False
2026-08-08,2026-08-08T07:16:25Z,Functions,australiaeast,9,2,3,0.0,0.182,0.02167433,USD,False
2026-08-08,2026-08-08T07:16:25Z,Functions,brazilsouth,9,2,3,0.0,0.183,0.02179656,USD,False
2026-08-08,2026-08-08T07:16:25Z,Functions,eastus,9,2,3,0.0,0.173,0.02059489,USD,False
2026-08-08,2026-08-08T07:16:25Z,Functions,eastus2,9,2,3,0.0,0.16,0.01905044,USD,False
2026-08-08,2026-08-08T07:16:25Z,Functions,japaneast,9,2,3,0.0,0.196,0.02333933,USD,False
2026-08-08,2026-08-08T07:16:25Z,Functions,northeurope,9,2,3,0.0,0.167,0.01988378,USD,False
2026-08-08,2026-08-08T07:16:25Z,Functions,southeastasia,9,2,3,0.0,0.178,0.02119656,USD,False
2026-08-08,2026-08-08T07:16:25Z,Functions,swedencentral,9,2,3,0.0,0.169,0.02012822,USD,False
2026-08-08,2026-08-08T07:16:25Z,Functions,westeurope,9,2,3,0.0,0.169,0.02012822,USD,False
2026-08-08,2026-08-08T07:16:25Z,Functions,westus2,9,2,3,0.0,0.16,0.01905044,USD,False
2026-08-08,2026-08-08T07:16:25Z,Load Balancer,australiaeast,0,0,0,,,,USD,False
2026-08-08,2026-08-08T07:16:25Z,Load Balancer,brazilsouth,0,0,0,,,,USD,False
2026-08-08,2026-08-08T07:16:25Z,Load Balancer,eastus,0,0,0,,,,USD,False
2026-08-08,2026-08-08T07:16:25Z,Load Balancer,eastus2,0,0,0,,,,USD,False
2026-08-08,2026-08-08T07:16:25Z,Load Balancer,japaneast,0,0,0,,,,USD,False
2026-08-08,2026-08-08T07:16:25Z,Load Balancer,northeurope,0,0,0,,,,USD,False
2026-08-08,2026-08-08T07:16:25Z,Load Balancer,southeastasia,0,0,0,,,,USD,False
2026-08-08,2026-08-08T07:16:25Z,Load Balancer,swedencentral,0,0,0,,,,USD,False
2026-08-08,2026-08-08T07:16:25Z,Load Balancer,westeurope,0,0,0,,,,USD,False
2026-08-08,2026-08-08T07:16:25Z,Load Balancer,westus2,0,0,0,,,,USD,False
2026-08-08,2026-08-08T07:16:25Z,SQL Database,australiaeast,154,37,77,0.0,571.408,22.78711522,USD,False
2026-08-08,2026-08-08T07:16:25Z,SQL Database,brazilsouth,109,35,71,0.0,627.26,31.3701431,USD,False
2026-08-08,2026-08-08T07:16:25Z,SQL Database,eastus,113,30,37,0.0,24.36,2.87434587,USD,False
2026-08-08,2026-08-08T07:16:25Z,SQL Database,eastus2,108,29,36,0.0,24.36,2.98343595,USD,False
2026-08-08,2026-08-08T07:16:25Z,SQL Database,japaneast,150,37,75,0.0,584.208,23.84588713,USD,False
2026-08-08,2026-08-08T07:16:25Z,SQL Database,northeurope,113,30,37,0.0,29.22,3.43563935,USD,False
2026-08-08,2026-08-08T07:16:25Z,SQL Database,southeastasia,111,29,37,0.0,31.66,3.77798125,USD,False
2026-08-08,2026-08-08T07:16:25Z,SQL Database,swedencentral,106,30,74,0.0,516.128,26.50978892,USD,False
2026-08-08,2026-08-08T07:16:25Z,SQL Database,westeurope,113,30,37,0.0,31.66,3.72220855,USD,False
2026-08-08,2026-08-08T07:16:25Z,SQL Database,westus2,111,29,37,0.0,24.36,2.91339714,USD,False
2026-08-08,2026-08-08T07:16:25Z,Storage,australiaeast,200,23,68,0.0,3342.34,23.89177272,USD,True
2026-08-08,2026-08-08T07:16:25Z,Storage,brazilsouth,200,27,62,0.0,4669.71,74.65290366,USD,True
2026-08-08,2026-08-08T07:16:25Z,Storage,eastus,200,28,70,0.0,3686.4,51.35685995,USD,False
2026-08-08,2026-08-08T07:16:25Z,Storage,eastus2,200,25,72,0.0,3686.4,24.146832,USD,False
2026-08-08,2026-08-08T07:16:25Z,Storage,japaneast,200,26,71,0.0,3109.035,41.43337182,USD,False
2026-08-08,2026-08-08T07:16:25Z,Storage,northeurope,200,26,69,0.0,3604.11,53.98662846,USD,False
2026-08-08,2026-08-08T07:16:25Z,Storage,southeastasia,200,28,79,0.0,3686.4,33.44616051,USD,False
2026-08-08,2026-08-08T07:16:25Z,Storage,swedencentral,200,26,76,0.0,3686.4,31.87963216,USD,True
2026-08-08,2026-08-08T07:16:25Z,Storage,westeurope,200,25,73,0.0,1982.17,32.12951834,USD,False
2026-08-08,2026-08-08T07:16:25Z,Storage,westus2,200,26,73,0.0,3686.4,34.08984903,USD,False
2026-08-08,2026-08-08T07:16:25Z,Virtual Machines,australiaeast,200,133,189,0.014026,41.918,2.8230689,USD,True
2026-08-08,2026-08-08T07:16:25Z,Virtual Machines,brazilsouth,200,136,191,0.00303,133.07446,5.01253949,USD,True
2026-08-08,2026-08-08T07:16:25Z,Virtual Machines,eastus,200,138,187,0.0,117.7788,3.7808078,USD,True
2026-08-08,2026-08-08T07:16:25Z,Virtual Machines,eastus2,200,141,184,0.0,116.052,4.37934673,USD,True
2026-08-08,2026-08-08T07:16:25Z,Virtual Machines,japaneast,200,129,198,0.00864,179.244241,4.59030583,USD,True
2026-08-08,2026-08-08T07:16:25Z,Virtual Machines,northeurope,200,137,184,0.00204,71.50672,2.45817863,USD,True
2026-08-08,2026-08-08T07:16:25Z,Virtual Machines,southeastasia,200,136,191,0.021067,213.0211,6.08845096,USD,True
2026-08-08,2026-08-08T07:16:25Z,Virtual Machines,swedencentral,200,123,190,0.011,196.6272,4.34583481,USD,True
2026-08-08,2026-08-08T07:16:25Z,Virtual Machines,westeurope,200,133,191,0.002,139.89936,5.88753348,USD,True
2026-08-08,2026-08-08T07:16:25Z,Virtual Machines,westus2,200,145,186,0.004,451.616,7.50804888,USD,True
2026-08-09,2026-08-09T07:17:15Z,Application Gateway,australiaeast,22,8,5,0.008,0.522,0.15022182,USD,False
2026-08-09,2026-08-09T07:17:15Z,Application Gateway,brazilsouth,18,7,5,0.008,0.72,0.20858,USD,False
2026-08-09,2026-08-09T07:17:15Z,Application Gateway,eastus,22,8,5,0.008,0.448,0.12017727,USD,False
2026-08-09,2026-08-09T07:17:15Z,Application Gateway,eastus2,22,8,5,0.008,0.448,0.12017727,USD,False
2026-08-09,2026-08-09T07:17:15Z,Application Gateway,japaneast,18,7,5,0.008,0.522,0.16874278,USD,False
2026-08-09,2026-08-09T07:17:15Z,Application Gateway,northeurope,22,8,5,0.008,0.50176,0.13672182,USD,False
2026-08-09,2026-08-09T07:17:15Z,Application Gateway,southeastasia,22,8,5,0.008,0.50176,0.14207636,USD,False
2026-08-09,2026-08-09T07:17:15Z,Application Gateway,swedencentral,18,7,5,0.0076,0.50176,0.16225667,USD,False
2026-08-09,2026-08-09T07:17:15Z,Application Gateway,westeurope,22,8,5,0.008,0.50176,0.14206727,USD,False
2026-08-09,2026-08-09T07:17:15Z,Application Gateway,westus2,18,7,5,0.008,0.448,0.13827222,USD,False
2026-08-09,2026-08-09T07:17:15Z,Azure App Service,australiaeast,124,20,67,0.016,80.0,3.33422719,USD,False
2026-08-09,2026-08-09T07:17:15Z,Azure App Service,brazilsouth,102,18,56,0.0158,80.0,2.96177998,USD,False
2026-08-09,2026-08-09T07:17:15Z,Azure App Service,eastus,113,16,62,0.017,80.0,3.05313451,USD,False
2026-08-09,2026-08-09T07:17:15Z,Azure App Service,eastus2,117,17,63,0.0,80.0,3.02458982,USD,False
2026-08-09,2026-08-09T07:17:15Z,Azure App Service,japaneast,128,21,68,0.0,80.0,3.31481827,USD,False
2026-08-09,2026-08-09T07:17:15Z,Azure App Service,northeurope,113,16,62,0.018,80.0,3.45700196,USD,False
2026-08-09,2026-08-09T07:17:15Z,Azure App Service,southeastasia,113,16,62,0.018,80.0,3.50719758,USD,False
2026-08-09,2026-08-09T07:17:15Z,Azure App Service,swedencentral,111,17,60,0.0,80.0,3.06190559,USD,False
2026-08-09,2026-08-09T07:17:15Z,Azure App Service,westeurope,117,17,63,0.0,80.0,3.48324291,USD,False
2026-08-09,2026-08-09T07:17:15Z,Azure App Service,westus2,117,17,63,0.0,80.0,3.01730191,USD,False
2026-08-09,2026-08-09T07:17:15Z,Azure Cosmos DB,australiaeast,106,14,81,0.0,32.553,2.54770911,USD,False
2026-08-09,2026-08-09T07:17:15Z,Azure Cosmos DB,brazilsouth,103,14,78,0.0,44.9,3.58415748,USD,False
2026-08-09,2026-08-09T07:17:15Z,Azure Cosmos DB,eastus,99,14,76,0.0,22.45,2.07406196,USD,False
2026-08-09,2026-08-09T07:17:15Z,Azure Cosmos DB,eastus2,99,14,76,0.0,22.45,2.07625388,USD,False
2026-08-09,2026-08-09T07:17:15Z,Azure Cosmos DB,japaneast,106,14,81,0.0,32.553,2.5569471,USD,False
2026-08-09,2026-08-09T07:17:15Z,Azure Cosmos DB,northeurope,106,14,81,0.0,26.94,2.21805191,USD,False
2026-08-09,2026-08-09T07:17:15Z,Azure Cosmos DB,southeastasia,106,14,81,0.0,29.185,2.30645925,USD,False
2026-08-09,2026-08-09T07:17:15Z,Azure Cosmos DB,swedencentral,97,14,73,0.0,29.185,2.587158,USD,False
2026-08-09,2026-08-09T07:17:15Z,Azure Cosmos DB,westeurope,106,14,81,0.0,29.185,2.39201482,USD,False
2026-08-09,2026-08-09T07:17:15Z,Azure Cosmos DB,westus2,99,14,76,0.0,22.45,2.04923503,USD,False
2026-08-09,2026-08-09T07:17:15Z,Azure Database for PostgreSQL,australiaeast,115,41,52,0.0,76.343,4.03472331,USD,False
2026-08-09,2026-08-09T07:17:15Z,Azure Database for PostgreSQL,brazilsouth,119,43,52,0.0,133.345,6.3454915,USD,False
2026-08-09,2026-08-09T07:17:15Z,Azure Database for PostgreSQL,eastus,118,43,52,0.0,63.619,3.20475014,USD,False
2026-08-09,2026-08-09T07:17:15Z,Azure Database for PostgreSQL,eastus2,119,44,52,0.0,63.619,3.18101695,USD,False
2026-08-09,2026-08-09T07:17:15Z,Azure Database for PostgreSQL,japaneast,118,43,52,0.0,76.343,3.93456459,USD,False
2026-08-09,2026-08-09T07:17:15Z,Azure Database for PostgreSQL,northeurope,120,45,52,0.0,71.253,3.52114508,USD,False
2026-08-09,2026-08-09T07:17:15Z,Azure Database for PostgreSQL,southeastasia,118,43,52,0.0,76.343,3.93179301,USD,False
2026-08-09,2026-08-09T07:17:15Z,Azure Database for PostgreSQL,swedencentral,112,41,51,0.0,65.4,3.4696243,USD,False
2026-08-09,2026-08-09T07:17:15Z,Azure Database for PostgreSQL,westeurope,122,47,52,0.0,77.615,3.76333552,USD,False
2026-08-09,2026-08-09T07:17:15Z,Azure Database for PostgreSQL,westus2,115,41,52,0.0,63.619,3.2869645,USD,False
2026-08-09,2026-08-09T07:17:15Z,Azure Kubernetes Service,australiaeast,8,1,1,0.010602,0.16,0.0385475,USD,False
2026-08-09,2026-08-09T07:17:15Z,Azure Kubernetes Service,brazilsouth,8,1,1,0.014624,0.16,0.045583,USD,False
2026-08-09,2026-08-09T07:17:15Z,Azure Kubernetes Service,eastus,9,2,2,0.007312,0.6,0.09581467,USD,False
2026-08-09,2026-08-09T07:17:15Z,Azure Kubernetes Service,eastus2,8,1,1,0.007312,0.16,0.0327915,USD,False
2026-08-09,2026-08-09T07:17:15Z,Azure Kubernetes Service,japaneast,8,1,1,0.010602,0.16,0.0385475,USD,False
2026-08-09,2026-08-09T07:17:15Z,Azure Kubernetes Service,northeurope,8,1,1,0.008774,0.16,0.0353495,USD,False
2026-08-09,2026-08-09T07:17:15Z,Azure Kubernetes Service,southeastasia,8,1,1,0.009506,0.16,0.036629,USD,False
2026-08-09,2026-08-09T07:17:15Z,Azure Kubernetes Service,swedencentral,8,1,1,0.009506,0.16,0.036629,USD,False
2026-08-09,2026-08-09T07:17:15Z,Azure Kubernetes Service,westeurope,8,1,1,0.010456,0.16,0.03829175,USD,False
2026-08-09,2026-08-09T07:17:15Z,Azure Kubernetes Service,westus2,8,1,1,0.007312,0.16,0.0327915,USD,False
2026-08-09,2026-08-09T07:17:15Z,Functions,australiaeast,9,2,3,0.0,0.182,0.02167433,USD,False
2026-08-09,2026-08-09T07:17:15Z,Functions,brazilsouth,9,2,3,0.0,0.183,0.02179656,USD,False
2026-08-09,2026-08-09T07:17:15Z,Functions,eastus,9,2,3,0.0,0.173,0.02059489,USD,False
2026-08-09,2026-08-09T07:17:15Z,Functions,eastus2,9,2,3,0.0,0.16,0.01905044,USD,False
2026-08-09,2026-08-09T07:17:15Z,Functions,japaneast,9,2,3,0.0,0.196,0.02333933,USD,False
2026-08-09,2026-08-09T07:17:15Z,Functions,northeurope,9,2,3,0.0,0.167,0.01988378,USD,False
2026-08-09,2026-08-09T07:17:15Z,Functions,southeastasia,9,2,3,0.0,0.178,0.02119656,USD,False
2026-08-09,2026-08-09T07:17:15Z,Functions,swedencentral,9,2,3,0.0,0.169,0.02012822,USD,False
2026-08-09,2026-08-09T07:17:15Z,Functions,westeurope,9,2,3,0.0,0.169,0.02012822,USD,False
2026-08-09,2026-08-09T07:17:15Z,Functions,westus2,9,2,3,0.0,0.16,0.01905044,USD,False
2026-08-09,2026-08-09T07:17:15Z,Load Balancer,australiaeast,0,0,0,,,,USD,False
2026-08-09,2026-08-09T07:17:15Z,Load Balancer,brazilsouth,0,0,0,,,,USD,False
2026-08-09,2026-08-09T07:17:15Z,Load Balancer,eastus,0,0,0,,,,USD,False
2026-08-09,2026-08-09T07:17:15Z,Load Balancer,eastus2,0,0,0,,,,USD,False
2026-08-09,2026-08-09T07:17:15Z,Load Balancer,japaneast,0,0,0,,,,USD,False
2026-08-09,2026-08-09T07:17:15Z,Load Balancer,northeurope,0,0,0,,,,USD,False
2026-08-09,2026-08-09T07:17:15Z,Load Balancer,southeastasia,0,0,0,,,,USD,False
2026-08-09,2026-08-09T07:17:15Z,Load Balancer,swedencentral,0,0,0,,,,USD,False
2026-08-09,2026-08-09T07:17:15Z,Load Balancer,westeurope,0,0,0,,,,USD,False
2026-08-09,2026-08-09T07:17:15Z,Load Balancer,westus2,0,0,0,,,,USD,False
2026-08-09,2026-08-09T07:17:15Z,SQL Database,australiaeast,154,37,77,0.0,571.408,22.78711522,USD,False
2026-08-09,2026-08-09T07:17:15Z,SQL Database,brazilsouth,109,35,71,0.0,627.26,31.3701431,USD,False
2026-08-09,2026-08-09T07:17:15Z,SQL Database,eastus,113,30,37,0.0,24.36,2.87434587,USD,False
2026-08-09,2026-08-09T07:17:15Z,SQL Database,eastus2,108,29,36,0.0,24.36,2.98343595,USD,False
2026-08-09,2026-08-09T07:17:15Z,SQL Database,japaneast,150,37,75,0.0,584.208,23.84588713,USD,False
2026-08-09,2026-08-09T07:17:15Z,SQL Database,northeurope,113,30,37,0.0,29.22,3.43563935,USD,False
2026-08-09,2026-08-09T07:17:15Z,SQL Database,southeastasia,111,29,37,0.0,31.66,3.77798125,USD,False
2026-08-09,2026-08-09T07:17:15Z,SQL Database,swedencentral,106,30,74,0.0,516.128,26.50978892,USD,False
2026-08-09,2026-08-09T07:17:15Z,SQL Database,westeurope,113,30,37,0.0,31.66,3.72220855,USD,False
2026-08-09,2026-08-09T07:17:15Z,SQL Database,westus2,111,29,37,0.0,24.36,2.91339714,USD,False
2026-08-09,2026-08-09T07:17:15Z,Storage,australiaeast,200,23,68,0.0,3342.34,23.89177272,USD,True
2026-08-09,2026-08-09T07:17:15Z,Storage,brazilsouth,200,27,62,0.0,4669.71,74.65290366,USD,True
2026-08-09,2026-08-09T07:17:15Z,Storage,eastus,200,28,70,0.0,3686.4,51.35685995,USD,False
2026-08-09,2026-08-09T07:17:15Z,Storage,eastus2,200,25,72,0.0,3686.4,24.146832,USD,False
2026-08-09,2026-08-09T07:17:15Z,Storage,japaneast,200,26,71,0.0,3109.035,41.43337182,USD,False
2026-08-09,2026-08-09T07:17:15Z,Storage,northeurope,200,26,69,0.0,3604.11,53.98662846,USD,False
2026-08-09,2026-08-09T07:17:15Z,Storage,southeastasia,200,28,79,0.0,3686.4,33.44616051,USD,False
2026-08-09,2026-08-09T07:17:15Z,Storage,swedencentral,200,26,76,0.0,3686.4,31.87963216,USD,True
2026-08-09,2026-08-09T07:17:15Z,Storage,westeurope,200,25,73,0.0,1982.17,32.12951834,USD,False
2026-08-09,2026-08-09T07:17:15Z,Storage,westus2,200,26,73,0.0,3686.4,34.08984903,USD,False
2026-08-09,2026-08-09T07:17:15Z,Virtual Machines,australiaeast,200,133,189,0.014026,41.918,2.8230689,USD,True
2026-08-09,2026-08-09T07:17:15Z,Virtual Machines,brazilsouth,200,136,191,0.00303,133.07446,5.01253949,USD,True
2026-08-09,2026-08-09T07:17:15Z,Virtual Machines,eastus,200,138,187,0.0,117.7788,3.7808078,USD,True
2026-08-09,2026-08-09T07:17:15Z,Virtual Machines,eastus2,200,141,184,0.0,116.052,4.37934673,USD,True
2026-08-09,2026-08-09T07:17:15Z,Virtual Machines,japaneast,200,129,198,0.00864,179.244241,4.59030583,USD,True
2026-08-09,2026-08-09T07:17:15Z,Virtual Machines,northeurope,200,137,184,0.00204,71.50672,2.45817863,USD,True
2026-08-09,2026-08-09T07:17:15Z,Virtual Machines,southeastasia,200,136,191,0.021067,213.0211,6.08845096,USD,True
2026-08-09,2026-08-09T07:17:15Z,Virtual Machines,swedencentral,200,123,190,0.011,196.6272,4.34583481,USD,True
2026-08-09,2026-08-09T07:17:15Z,Virtual Machines,westeurope,200,133,191,0.002,139.89936,5.88753348,USD,True
2026-08-09,2026-08-09T07:17:15Z,Virtual Machines,westus2,200,145,186,0.004,451.616,7.50804888,USD,True
2026-08-10,2026-08-10T19:17:19Z,Application Gateway,australiaeast,22,8,5,0.008,0.522,0.15022182,USD,False
2026-08-10,2026-08-10T19:17:19Z,Application Gateway,brazilsouth,18,7,5,0.008,0.72,0.20858,USD,False
2026-08-10,2026-08-10T19:17:19Z,Application Gateway,eastus,22,8,5,0.008,0.448,0.12017727,USD,False
2026-08-10,2026-08-10T19:17:19Z,Application Gateway,eastus2,22,8,5,0.008,0.448,0.12017727,USD,False
2026-08-10,2026-08-10T19:17:19Z,Application Gateway,japaneast,18,7,5,0.008,0.522,0.16874278,USD,False
2026-08-10,2026-08-10T19:17:19Z,Application Gateway,northeurope,22,8,5,0.008,0.50176,0.13672182,USD,False
2026-08-10,2026-08-10T19:17:19Z,Application Gateway,southeastasia,22,8,5,0.008,0.50176,0.14207636,USD,False
2026-08-10,2026-08-10T19:17:19Z,Application Gateway,swedencentral,18,7,5,0.0076,0.50176,0.16225667,USD,False
2026-08-10,2026-08-10T19:17:19Z,Application Gateway,westeurope,22,8,5,0.008,0.50176,0.14206727,USD,False
2026-08-10,2026-08-10T19:17:19Z,Application Gateway,westus2,18,7,5,0.008,0.448,0.13827222,USD,False
2026-08-10,2026-08-10T19:17:19Z,Azure App Service,australiaeast,124,20,67,0.016,80.0,3.33422719,USD,False
2026-08-10,2026-08-10T19:17:19Z,Azure App Service,brazilsouth,102,18,56,0.0158,80.0,2.96177998,USD,False
2026-08-10,2026-08-10T19:17:19Z,Azure App Service,eastus,113,16,62,0.017,80.0,3.05313451,USD,False
2026-08-10,2026-08-10T19:17:19Z,Azure App Service,eastus2,117,17,63,0.0,80.0,3.02458982,USD,False
2026-08-10,2026-08-10T19:17:19Z,Azure App Service,japaneast,128,21,68,0.0,80.0,3.31481827,USD,False
2026-08-10,2026-08-10T19:17:19Z,Azure App Service,northeurope,113,16,62,0.018,80.0,3.45700196,USD,False
2026-08-10,2026-08-10T19:17:19Z,Azure App Service,southeastasia,113,16,62,0.018,80.0,3.50719758,USD,False
2026-08-10,2026-08-10T19:17:19Z,Azure App Service,swedencentral,111,17,60,0.0,80.0,3.06190559,USD,False
2026-08-10,2026-08-10T19:17:19Z,Azure App Service,westeurope,117,17,63,0.0,80.0,3.48324291,USD,False
2026-08-10,2026-08-10T19:17:19Z,Azure App Service,westus2,117,17,63,0.0,80.0,3.01730191,USD,False
2026-08-10,2026-08-10T19:17:19Z,Azure Cosmos DB,australiaeast,106,14,81,0.0,32.553,2.54770911,USD,False
2026-08-10,2026-08-10T19:17:19Z,Azure Cosmos DB,brazilsouth,103,14,78,0.0,44.9,3.58415748,USD,False
2026-08-10,2026-08-10T19:17:19Z,Azure Cosmos DB,eastus,99,14,76,0.0,22.45,2.07406196,USD,False
2026-08-10,2026-08-10T19:17:19Z,Azure Cosmos DB,eastus2,99,14,76,0.0,22.45,2.07625388,USD,False
2026-08-10,2026-08-10T19:17:19Z,Azure Cosmos DB,japaneast,106,14,81,0.0,32.553,2.5569471,USD,False
2026-08-10,2026-08-10T19:17:19Z,Azure Cosmos DB,northeurope,106,14,81,0.0,26.94,2.21805191,USD,False
2026-08-10,2026-08-10T19:17:19Z,Azure Cosmos DB,southeastasia,106,14,81,0.0,29.185,2.30645925,USD,False
2026-08-10,2026-08-10T19:17:19Z,Azure Cosmos DB,swedencentral,97,14,73,0.0,29.185,2.587158,USD,False
2026-08-10,2026-08-10T19:17:19Z,Azure Cosmos DB,westeurope,106,14,81,0.0,29.185,2.39201482,USD,False
2026-08-10,2026-08-10T19:17:19Z,Azure Cosmos DB,westus2,99,14,76,0.0,22.45,2.04923503,USD,False
2026-08-10,2026-08-10T19:17:19Z,Azure Database for PostgreSQL,australiaeast,115,41,52,0.0,76.343,4.03472331,USD,False
2026-08-10,2026-08-10T19:17:19Z,Azure Database for PostgreSQL,brazilsouth,119,43,52,0.0,133.345,6.3454915,USD,False
2026-08-10,2026-08-10T19:17:19Z,Azure Database for PostgreSQL,eastus,118,43,52,0.0,63.619,3.20475014,USD,False
2026-08-10,2026-08-10T19:17:19Z,Azure Database for PostgreSQL,eastus2,119,44,52,0.0,63.619,3.18101695,USD,False
2026-08-10,2026-08-10T19:17:19Z,Azure Database for PostgreSQL,japaneast,118,43,52,0.0,76.343,3.93456459,USD,False
2026-08-10,2026-08-10T19:17:19Z,Azure Database for PostgreSQL,northeurope,120,45,52,0.0,71.253,3.52114508,USD,False
2026-08-10,2026-08-10T19:17:19Z,Azure Database for PostgreSQL,southeastasia,118,43,52,0.0,76.343,3.93179301,USD,False
2026-08-10,2026-08-10T19:17:19Z,Azure Database for PostgreSQL,swedencentral,112,41,51,0.0,65.4,3.4696243,USD,False
2026-08-10,2026-08-10T19:17:19Z,Azure Database for PostgreSQL,westeurope,122,47,52,0.0,77.615,3.76333552,USD,False
2026-08-10,2026-08-10T19:17:19Z,Azure Database for PostgreSQL,westus2,115,41,52,0.0,63.619,3.2869645,USD,False
2026-08-10,2026-08-10T19:17:19Z,Azure Kubernetes Service,australiaeast,8,1,1,0.010602,0.16,0.0385475,USD,False
2026-08-10,2026-08-10T19:17:19Z,Azure Kubernetes Service,brazilsouth,8,1,1,0.014624,0.16,0.045583,USD,False
2026-08-10,2026-08-10T19:17:19Z,Azure Kubernetes Service,eastus,9,2,2,0.007312,0.6,0.09581467,USD,False
2026-08-10,2026-08-10T19:17:19Z,Azure Kubernetes Service,eastus2,8,1,1,0.007312,0.16,0.0327915,USD,False
2026-08-10,2026-08-10T19:17:19Z,Azure Kubernetes Service,japaneast,8,1,1,0.010602,0.16,0.0385475,USD,False
2026-08-10,2026-08-10T19:17:19Z,Azure Kubernetes Service,northeurope,8,1,1,0.008774,0.16,0.0353495,USD,False
2026-08-10,2026-08-10T19:17:19Z,Azure Kubernetes Service,southeastasia,8,1,1,0.009506,0.16,0.036629,USD,False
2026-08-10,2026-08-10T19:17:19Z,Azure Kubernetes Service,swedencentral,8,1,1,0.009506,0.16,0.036629,USD,False
2026-08-10,2026-08-10T19:17:19Z,Azure Kubernetes Service,westeurope,8,1,1,0.010456,0.16,0.03829175,USD,False
2026-08-10,2026-08-10T19:17:19Z,Azure Kubernetes Service,westus2,8,1,1,0.007312,0.16,0.0327915,USD,False
2026-08-10,2026-08-10T19:17:19Z,Functions,australiaeast,9,2,3,0.0,0.182,0.02167433,USD,False
2026-08-10,2026-08-10T19:17:19Z,Functions,brazilsouth,9,2,3,0.0,0.183,0.02179656,USD,False
2026-08-10,2026-08-10T19:17:19Z,Functions,eastus,9,2,3,0.0,0.173,0.02059489,USD,False
2026-08-10,2026-08-10T19:17:19Z,Functions,eastus2,9,2,3,0.0,0.16,0.01905044,USD,False
2026-08-10,2026-08-10T19:17:19Z,Functions,japaneast,9,2,3,0.0,0.196,0.02333933,USD,False
2026-08-10,2026-08-10T19:17:19Z,Functions,northeurope,9,2,3,0.0,0.167,0.01988378,USD,False
2026-08-10,2026-08-10T19:17:19Z,Functions,southeastasia,9,2,3,0.0,0.178,0.02119656,USD,False
2026-08-10,2026-08-10T19:17:19Z,Functions,swedencentral,9,2,3,0.0,0.169,0.02012822,USD,False
2026-08-10,2026-08-10T19:17:19Z,Functions,westeurope,9,2,3,0.0,0.169,0.02012822,USD,False
2026-08-10,2026-08-10T19:17:19Z,Functions,westus2,9,2,3,0.0,0.16,0.01905044,USD,False
2026-08-10,2026-08-10T19:17:19Z,Load Balancer,australiaeast,0,0,0,,,,USD,False
2026-08-10,2026-08-10T19:17:19Z,Load Balancer,brazilsouth,0,0,0,,,,USD,False
2026-08-10,2026-08-10T19:17:19Z,Load Balancer,eastus,0,0,0,,,,USD,False
2026-08-10,2026-08-10T19:17:19Z,Load Balancer,eastus2,0,0,0,,,,USD,False
2026-08-10,2026-08-10T19:17:19Z,Load Balancer,japaneast,0,0,0,,,,USD,False
2026-08-10,2026-08-10T19:17:19Z,Load Balancer,northeurope,0,0,0,,,,USD,False
2026-08-10,2026-08-10T19:17:19Z,Load Balancer,southeastasia,0,0,0,,,,USD,False
2026-08-10,2026-08-10T19:17:19Z,Load Balancer,swedencentral,0,0,0,,,,USD,False
2026-08-10,2026-08-10T19:17:19Z,Load Balancer,westeurope,0,0,0,,,,USD,False
2026-08-10,2026-08-10T19:17:19Z,Load Balancer,westus2,0,0,0,,,,USD,False
2026-08-10,2026-08-10T19:17:19Z,SQL Database,australiaeast,154,37,77,0.0,571.408,22.78711522,USD,False
2026-08-10,2026-08-10T19:17:19Z,SQL Database,brazilsouth,109,35,71,0.0,627.26,31.3701431,USD,False
2026-08-10,2026-08-10T19:17:19Z,SQL Database,eastus,113,30,37,0.0,24.36,2.87434587,USD,False
2026-08-10,2026-08-10T19:17:19Z,SQL Database,eastus2,108,29,36,0.0,24.36,2.98343595,USD,False
2026-08-10,2026-08-10T19:17:19Z,SQL Database,japaneast,150,37,75,0.0,584.208,23.84588713,USD,False
2026-08-10,2026-08-10T19:17:19Z,SQL Database,northeurope,113,30,37,0.0,29.22,3.43563935,USD,False
2026-08-10,2026-08-10T19:17:19Z,SQL Database,southeastasia,111,29,37,0.0,31.66,3.77798125,USD,False
2026-08-10,2026-08-10T19:17:19Z,SQL Database,swedencentral,106,30,74,0.0,516.128,26.50978892,USD,False
2026-08-10,2026-08-10T19:17:19Z,SQL Database,westeurope,113,30,37,0.0,31.66,3.72220855,USD,False
2026-08-10,2026-08-10T19:17:19Z,SQL Database,westus2,111,29,37,0.0,24.36,2.91339714,USD,False
2026-08-10,2026-08-10T19:17:19Z,Storage,australiaeast,200,23,68,0.0,3342.34,23.89177272,USD,True
2026-08-10,2026-08-10T19:17:19Z,Storage,brazilsouth,200,27,62,0.0,4669.71,74.65290366,USD,True
2026-08-10,2026-08-10T19:17:19Z,Storage,eastus,200,28,70,0.0,3686.4,51.35685995,USD,False
2026-08-10,2026-08-10T19:17:19Z,Storage,eastus2,200,25,72,0.0,3686.4,24.146832,USD,False
2026-08-10,2026-08-10T19:17:19Z,Storage,japaneast,200,26,71,0.0,3109.035,41.43337182,USD,False
2026-08-10,2026-08-10T19:17:19Z,Storage,northeurope,200,26,69,0.0,3604.11,53.98662846,USD,False
2026-08-10,2026-08-10T19:17:19Z,Storage,southeastasia,200,28,79,0.0,3686.4,33.44616051,USD,False
2026-08-10,2026-08-10T19:17:19Z,Storage,swedencentral,200,26,76,0.0,3686.4,31.87963216,USD,True
2026-08-10,2026-08-10T19:17:19Z,Storage,westeurope,200,25,73,0.0,1982.17,32.12951834,USD,False
2026-08-10,2026-08-10T19:17:19Z,Storage,westus2,200,26,73,0.0,3686.4,34.08984903,USD,False
2026-08-10,2026-08-10T19:17:19Z,Virtual Machines,australiaeast,200,133,189,0.014026,41.918,2.8230689,USD,True
2026-08-10,2026-08-10T19:17:19Z,Virtual Machines,brazilsouth,200,136,191,0.00303,133.07446,5.01253949,USD,True
2026-08-10,2026-08-10T19:17:19Z,Virtual Machines,eastus,200,138,187,0.0,117.7788,3.7808078,USD,True
2026-08-10,2026-08-10T19:17:19Z,Virtual Machines,eastus2,200,141,184,0.0,116.052,4.37934673,USD,True
2026-08-10,2026-08-10T19:17:19Z,Virtual Machines,japaneast,200,129,198,0.00864,179.244241,4.59030583,USD,True
2026-08-10,2026-08-10T19:17:19Z,Virtual Machines,northeurope,200,137,184,0.00204,71.50672,2.45817863,USD,True
2026-08-10,2026-08-10T19:17:19Z,Virtual Machines,southeastasia,200,136,191,0.021067,213.0211,6.08845096,USD,True
2026-08-10,2026-08-10T19:17:19Z,Virtual Machines,swedencentral,200,123,190,0.011,196.6272,4.34583481,USD,True
2026-08-10,2026-08-10T19:17:19Z,Virtual Machines,westeurope,200,133,191,0.002,139.89936,5.88753348,USD,True
2026-08-10,2026-08-10T19:17:19Z,Virtual Machines,westus2,200,145,186,0.004,451.616,7.50804888,USD,True
2026-08-11,2026-08-11T19:25:00Z,Application Gateway,australiaeast,22,8,5,0.008,0.522,0.15022182,USD,False
2026-08-11,2026-08-11T19:25:00Z,Application Gateway,brazilsouth,18,7,5,0.008,0.72,0.20858,USD,False
2026-08-11,2026-08-11T19:25:00Z,Application Gateway,eastus,22,8,5,0.008,0.448,0.12017727,USD,False
2026-08-11,2026-08-11T19:25:00Z,Application Gateway,eastus2,22,8,5,0.008,0.448,0.12017727,USD,False
2026-08-11,2026-08-11T19:25:00Z,Application Gateway,japaneast,18,7,5,0.008,0.522,0.16874278,USD,False
2026-08-11,2026-08-11T19:25:00Z,Application Gateway,northeurope,22,8,5,0.008,0.50176,0.13672182,USD,False
2026-08-11,2026-08-11T19:25:00Z,Application Gateway,southeastasia,22,8,5,0.008,0.50176,0.14207636,USD,False
2026-08-11,2026-08-11T19:25:00Z,Application Gateway,swedencentral,18,7,5,0.0076,0.50176,0.16225667,USD,False
2026-08-11,2026-08-11T19:25:00Z,Application Gateway,westeurope,22,8,5,0.008,0.50176,0.14206727,USD,False
2026-08-11,2026-08-11T19:25:00Z,Application Gateway,westus2,18,7,5,0.008,0.448,0.13827222,USD,False
2026-08-11,2026-08-11T19:25:00Z,Azure App Service,australiaeast,124,20,67,0.016,80.0,3.33422719,USD,False
2026-08-11,2026-08-11T19:25:00Z,Azure App Service,brazilsouth,102,18,56,0.0158,80.0,2.96177998,USD,False
2026-08-11,2026-08-11T19:25:00Z,Azure App Service,eastus,113,16,62,0.017,80.0,3.05313451,USD,False
2026-08-11,2026-08-11T19:25:00Z,Azure App Service,eastus2,117,17,63,0.0,80.0,3.02458982,USD,False
2026-08-11,2026-08-11T19:25:00Z,Azure App Service,japaneast,128,21,68,0.0,80.0,3.31481827,USD,False
2026-08-11,2026-08-11T19:25:00Z,Azure App Service,northeurope,113,16,62,0.018,80.0,3.45700196,USD,False
2026-08-11,2026-08-11T19:25:00Z,Azure App Service,southeastasia,113,16,62,0.018,80.0,3.50719758,USD,False
2026-08-11,2026-08-11T19:25:00Z,Azure App Service,swedencentral,111,17,60,0.0,80.0,3.06190559,USD,False
2026-08-11,2026-08-11T19:25:00Z,Azure App Service,westeurope,117,17,63,0.0,80.0,3.48324291,USD,False
2026-08-11,2026-08-11T19:25:00Z,Azure App Service,westus2,117,17,63,0.0,80.0,3.01730191,USD,False
2026-08-11,2026-08-11T19:25:00Z,Azure Cosmos DB,australiaeast,106,14,81,0.0,32.553,2.54770911,USD,False
2026-08-11,2026-08-11T19:25:00Z,Azure Cosmos DB,brazilsouth,103,14,78,0.0,44.9,3.58415748,USD,False
2026-08-11,2026-08-11T19:25:00Z,Azure Cosmos DB,eastus,99,14,76,0.0,22.45,2.07406196,USD,False
2026-08-11,2026-08-11T19:25:00Z,Azure Cosmos DB,eastus2,99,14,76,0.0,22.45,2.07625388,USD,False
2026-08-11,2026-08-11T19:25:00Z,Azure Cosmos DB,japaneast,106,14,81,0.0,32.553,2.5569471,USD,False
2026-08-11,2026-08-11T19:25:00Z,Azure Cosmos DB,northeurope,106,14,81,0.0,26.94,2.21805191,USD,False
2026-08-11,2026-08-11T19:25:00Z,Azure Cosmos DB,southeastasia,106,14,81,0.0,29.185,2.30645925,USD,False
2026-08-11,2026-08-11T19:25:00Z,Azure Cosmos DB,swedencentral,97,14,73,0.0,29.185,2.587158,USD,False
2026-08-11,2026-08-11T19:25:00Z,Azure Cosmos DB,westeurope,106,14,81,0.0,29.185,2.39201482,USD,False
2026-08-11,2026-08-11T19:25:00Z,Azure Cosmos DB,westus2,99,14,76,0.0,22.45,2.04923503,USD,False
2026-08-11,2026-08-11T19:25:00Z,Azure Database for PostgreSQL,australiaeast,115,41,52,0.0,76.343,4.03472331,USD,False
2026-08-11,2026-08-11T19:25:00Z,Azure Database for PostgreSQL,brazilsouth,119,43,52,0.0,133.345,6.3454915,USD,False
2026-08-11,2026-08-11T19:25:00Z,Azure Database for PostgreSQL,eastus,118,43,52,0.0,63.619,3.20475014,USD,False
2026-08-11,2026-08-11T19:25:00Z,Azure Database for PostgreSQL,eastus2,119,44,52,0.0,63.619,3.18101695,USD,False
2026-08-11,2026-08-11T19:25:00Z,Azure Database for PostgreSQL,japaneast,118,43,52,0.0,76.343,3.93456459,USD,False
2026-08-11,2026-08-11T19:25:00Z,Azure Database for PostgreSQL,northeurope,120,45,52,0.0,71.253,3.52114508,USD,False
2026-08-11,2026-08-11T19:25:00Z,Azure Database for PostgreSQL,southeastasia,118,43,52,0.0,76.343,3.93179301,USD,False
2026-08-11,2026-08-11T19:25:00Z,Azure Database for PostgreSQL,swedencentral,112,41,51,0.0,65.4,3.4696243,USD,False
2026-08-11,2026-08-11T19:25:00Z,Azure Database for PostgreSQL,westeurope,122,47,52,0.0,77.615,3.76333552,USD,False
2026-08-11,2026-08-11T19:25:00Z,Azure Database for PostgreSQL,westus2,115,41,52,0.0,63.619,3.2869645,USD,False
2026-08-11,2026-08-11T19:25:00Z,Azure Kubernetes Service,australiaeast,8,1,1,0.010602,0.16,0.0385475,USD,False
2026-08-11,2026-08-11T19:25:00Z,Azure Kubernetes Service,brazilsouth,8,1,1,0.014624,0.16,0.045583,USD,False
2026-08-11,2026-08-11T19:25:00Z,Azure Kubernetes Service,eastus,9,2,2,0.007312,0.6,0.09581467,USD,False
2026-08-11,2026-08-11T19:25:00Z,Azure Kubernetes Service,eastus2,8,1,1,0.007312,0.16,0.0327915,USD,False
2026-08-11,2026-08-11T19:25:00Z,Azure Kubernetes Service,japaneast,8,1,1,0.010602,0.16,0.0385475,USD,False
2026-08-11,2026-08-11T19:25:00Z,Azure Kubernetes Service,northeurope,8,1,1,0.008774,0.16,0.0353495,USD,False
2026-08-11,2026-08-11T19:25:00Z,Azure Kubernetes Service,southeastasia,8,1,1,0.009506,0.16,0.036629,USD,False
2026-08-11,2026-08-11T19:25:00Z,Azure Kubernetes Service,swedencentral,8,1,1,0.009506,0.16,0.036629,USD,False
2026-08-11,2026-08-11T19:25:00Z,Azure Kubernetes Service,westeurope,8,1,1,0.010456,0.16,0.03829175,USD,False
2026-08-11,2026-08-11T19:25:00Z,Azure Kubernetes Service,westus2,8,1,1,0.007312,0.16,0.0327915,USD,False
2026-08-11,2026-08-11T19:25:00Z,Functions,australiaeast,9,2,3,0.0,0.182,0.02167433,USD,False
2026-08-11,2026-08-11T19:25:00Z,Functions,brazilsouth,9,2,3,0.0,0.183,0.02179656,USD,False
2026-08-11,2026-08-11T19:25:00Z,Functions,eastus,9,2,3,0.0,0.173,0.02059489,USD,False
2026-08-11,2026-08-11T19:25:00Z,Functions,eastus2,9,2,3,0.0,0.16,0.01905044,USD,False
2026-08-11,2026-08-11T19:25:00Z,Functions,japaneast,9,2,3,0.0,0.196,0.02333933,USD,False
2026-08-11,2026-08-11T19:25:00Z,Functions,northeurope,9,2,3,0.0,0.167,0.01988378,USD,False
2026-08-11,2026-08-11T19:25:00Z,Functions,southeastasia,9,2,3,0.0,0.178,0.02119656,USD,False
2026-08-11,2026-08-11T19:25:00Z,Functions,swedencentral,9,2,3,0.0,0.169,0.02012822,USD,False
2026-08-11,2026-08-11T19:25:00Z,Functions,westeurope,9,2,3,0.0,0.169,0.02012822,USD,False
2026-08-11,2026-08-11T19:25:00Z,Functions,westus2,9,2,3,0.0,0.16,0.01905044,USD,False
2026-08-11,2026-08-11T19:25:00Z,Load Balancer,australiaeast,0,0,0,,,,USD,False
2026-08-11,2026-08-11T19:25:00Z,Load Balancer,brazilsouth,0,0,0,,,,USD,False
2026-08-11,2026-08-11T19:25:00Z,Load Balancer,eastus,0,0,0,,,,USD,False
2026-08-11,2026-08-11T19:25:00Z,Load Balancer,eastus2,0,0,0,,,,USD,False
2026-08-11,2026-08-11T19:25:00Z,Load Balancer,japaneast,0,0,0,,,,USD,False
2026-08-11,2026-08-11T19:25:00Z,Load Balancer,northeurope,0,0,0,,,,USD,False
2026-08-11,2026-08-11T19:25:00Z,Load Balancer,southeastasia,0,0,0,,,,USD,False
2026-08-11,2026-08-11T19:25:00Z,Load Balancer,swedencentral,0,0,0,,,,USD,False
2026-08-11,2026-08-11T19:25:00Z,Load Balancer,westeurope,0,0,0,,,,USD,False
2026-08-11,2026-08-11T19:25:00Z,Load Balancer,westus2,0,0,0,,,,USD,False
2026-08-11,2026-08-11T19:25:00Z,SQL Database,australiaeast,154,37,77,0.0,571.408,22.78711522,USD,False
2026-08-11,2026-08-11T19:25:00Z,SQL Database,brazilsouth,109,35,71,0.0,627.26,31.3701431,USD,False
2026-08-11,2026-08-11T19:25:00Z,SQL Database,eastus,113,30,37,0.0,24.36,2.87434587,USD,False
2026-08-11,2026-08-11T19:25:00Z,SQL Database,eastus2,108,29,36,0.0,24.36,2.98343595,USD,False
2026-08-11,2026-08-11T19:25:00Z,SQL Database,japaneast,150,37,75,0.0,584.208,23.84588713,USD,False
2026-08-11,2026-08-11T19:25:00Z,SQL Database,northeurope,113,30,37,0.0,29.22,3.43563935,USD,False
2026-08-11,2026-08-11T19:25:00Z,SQL Database,southeastasia,111,29,37,0.0,31.66,3.77798125,USD,False
2026-08-11,2026-08-11T19:25:00Z,SQL Database,swedencentral,106,30,74,0.0,516.128,26.50978892,USD,False
2026-08-11,2026-08-11T19:25:00Z,SQL Database,westeurope,113,30,37,0.0,31.66,3.72220855,USD,False
2026-08-11,2026-08-11T19:25:00Z,SQL Database,westus2,111,29,37,0.0,24.36,2.91339714,USD,False
2026-08-11,2026-08-11T19:25:00Z,Storage,australiaeast,200,23,68,0.0,3342.34,23.89177272,USD,True
2026-08-11,2026-08-11T19:25:00Z,Storage,brazilsouth,200,27,62,0.0,4669.71,74.65290366,USD,True
2026-08-11,2026-08-11T19:25:00Z,Storage,eastus,200,28,70,0.0,3686.4,51.35685995,USD,False
2026-08-11,2026-08-11T19:25:00Z,Storage,eastus2,200,25,72,0.0,3686.4,24.146832,USD,False
2026-08-11,2026-08-11T19:25:00Z,Storage,japaneast,200,26,71,0.0,3109.035,41.43337182,USD,False
2026-08-11,2026-08-11T19:25:00Z,Storage,northeurope,200,26,69,0.0,3604.11,53.98662846,USD,False
2026-08-11,2026-08-11T19:25:00Z,Storage,southeastasia,200,28,79,0.0,3686.4,33.44616051,USD,False
2026-08-11,2026-08-11T19:25:00Z,Storage,swedencentral,200,26,76,0.0,3686.4,31.87963216,USD,True
2026-08-11,2026-08-11T19:25:00Z,Storage,westeurope,200,25,73,0.0,1982.17,32.12951834,USD,False
2026-08-11,2026-08-11T19:25:00Z,Storage,westus2,200,26,73,0.0,3686.4,34.08984903,USD,False
2026-08-11,2026-08-11T19:25:00Z,Virtual Machines,australiaeast,200,133,189,0.014026,41.918,2.8230689,USD,True
2026-08-11,2026-08-11T19:25:00Z,Virtual Machines,brazilsouth,200,136,191,0.00303,133.07446,5.01253949,USD,True
2026-08-11,2026-08-11T19:25:00Z,Virtual Machines,eastus,200,138,187,0.0,117.7788,3.7808078,USD,True
2026-08-11,2026-08-11T19:25:00Z,Virtual Machines,eastus2,200,141,184,0.0,116.052,4.37934673,USD,True
2026-08-11,2026-08-11T19:25:00Z,Virtual Machines,japaneast,200,129,198,0.00864,179.244241,4.59030583,USD,True
2026-08-11,2026-08-11T19:25:00Z,Virtual Machines,northeurope,200,137,184,0.00204,71.50672,2.45817863,USD,True
2026-08-11,2026-08-11T19:25:00Z,Virtual Machines,southeastasia,200,136,191,0.021067,213.0211,6.08845096,USD,True
2026-08-11,2026-08-11T19:25:00Z,Virtual Machines,swedencentral,200,123,190,0.011,196.6272,4.34583481,USD,True
2026-08-11,2026-08-11T19:25:00Z,Virtual Machines,westeurope,200,133,191,0.002,139.89936,5.88753348,USD,True
2026-08-11,2026-08-11T19:25:00Z,Virtual Machines,westus2,200,145,186,0.004,451.616,7.50804888,USD,True
2026-08-12,2026-08-12T19:27:04Z,Application Gateway,australiaeast,22,8,5,0.008,0.522,0.15022182,USD,False
2026-08-12,2026-08-12T19:27:04Z,Application Gateway,brazilsouth,18,7,5,0.008,0.72,0.20858,USD,False
2026-08-12,2026-08-12T19:27:04Z,Application Gateway,eastus,22,8,5,0.008,0.448,0.12017727,USD,False
2026-08-12,2026-08-12T19:27:04Z,Application Gateway,eastus2,22,8,5,0.008,0.448,0.12017727,USD,False
2026-08-12,2026-08-12T19:27:04Z,Application Gateway,japaneast,18,7,5,0.008,0.522,0.16874278,USD,False
2026-08-12,2026-08-12T19:27:04Z,Application Gateway,northeurope,22,8,5,0.008,0.50176,0.13672182,USD,False
2026-08-12,2026-08-12T19:27:04Z,Application Gateway,southeastasia,22,8,5,0.008,0.50176,0.14207636,USD,False
2026-08-12,2026-08-12T19:27:04Z,Application Gateway,swedencentral,18,7,5,0.0076,0.50176,0.16225667,USD,False
2026-08-12,2026-08-12T19:27:04Z,Application Gateway,westeurope,22,8,5,0.008,0.50176,0.14206727,USD,False
2026-08-12,2026-08-12T19:27:04Z,Application Gateway,westus2,18,7,5,0.008,0.448,0.13827222,USD,False
2026-08-12,2026-08-12T19:27:04Z,Azure App Service,australiaeast,124,20,67,0.016,80.0,3.33422719,USD,False
2026-08-12,2026-08-12T19:27:04Z,Azure App Service,brazilsouth,102,18,56,0.0158,80.0,2.96177998,USD,False
2026-08-12,2026-08-12T19:27:04Z,Azure App Service,eastus,113,16,62,0.017,80.0,3.05313451,USD,False
2026-08-12,2026-08-12T19:27:04Z,Azure App Service,eastus2,117,17,63,0.0,80.0,3.02458982,USD,False
2026-08-12,2026-08-12T19:27:04Z,Azure App Service,japaneast,128,21,68,0.0,80.0,3.31481827,USD,False
2026-08-12,2026-08-12T19:27:04Z,Azure App Service,northeurope,113,16,62,0.018,80.0,3.45700196,USD,False
2026-08-12,2026-08-12T19:27:04Z,Azure App Service,southeastasia,113,16,62,0.018,80.0,3.50719758,USD,False
2026-08-12,2026-08-12T19:27:04Z,Azure App Service,swedencentral,111,17,60,0.0,80.0,3.06190559,USD,False
2026-08-12,2026-08-12T19:27:04Z,Azure App Service,westeurope,117,17,63,0.0,80.0,3.48324291,USD,False
2026-08-12,2026-08-12T19:27:04Z,Azure App Service,westus2,117,17,63,0.0,80.0,3.01730191,USD,False
2026-08-12,2026-08-12T19:27:04Z,Azure Cosmos DB,australiaeast,106,14,81,0.0,32.553,2.54770911,USD,False
2026-08-12,2026-08-12T19:27:04Z,Azure Cosmos DB,brazilsouth,103,14,78,0.0,44.9,3.58415748,USD,False
2026-08-12,2026-08-12T19:27:04Z,Azure Cosmos DB,eastus,99,14,76,0.0,22.45,2.07406196,USD,False
2026-08-12,2026-08-12T19:27:04Z,Azure Cosmos DB,eastus2,99,14,76,0.0,22.45,2.07625388,USD,False
2026-08-12,2026-08-12T19:27:04Z,Azure Cosmos DB,japaneast,106,14,81,0.0,32.553,2.5569471,USD,False
2026-08-12,2026-08-12T19:27:04Z,Azure Cosmos DB,northeurope,106,14,81,0.0,26.94,2.21805191,USD,False
2026-08-12,2026-08-12T19:27:04Z,Azure Cosmos DB,southeastasia,106,14,81,0.0,29.185,2.30645925,USD,False
2026-08-12,2026-08-12T19:27:04Z,Azure Cosmos DB,swedencentral,97,14,73,0.0,29.185,2.587158,USD,False
2026-08-12,2026-08-12T19:27:04Z,Azure Cosmos DB,westeurope,106,14,81,0.0,29.185,2.39201482,USD,False
2026-08-12,2026-08-12T19:27:04Z,Azure Cosmos DB,westus2,99,14,76,0.0,22.45,2.04923503,USD,False
2026-08-12,2026-08-12T19:27:04Z,Azure Database for PostgreSQL,australiaeast,115,41,52,0.0,76.343,4.03472331,USD,False
2026-08-12,2026-08-12T19:27:04Z,Azure Database for PostgreSQL,brazilsouth,119,43,52,0.0,133.345,6.3454915,USD,False
2026-08-12,2026-08-12T19:27:04Z,Azure Database for PostgreSQL,eastus,118,43,52,0.0,63.619,3.20475014,USD,False
2026-08-12,2026-08-12T19:27:04Z,Azure Database for PostgreSQL,eastus2,119,44,52,0.0,63.619,3.18101695,USD,False
2026-08-12,2026-08-12T19:27:04Z,Azure Database for PostgreSQL,japaneast,118,43,52,0.0,76.343,3.93456459,USD,False
2026-08-12,2026-08-12T19:27:04Z,Azure Database for PostgreSQL,northeurope,120,45,52,0.0,71.253,3.52114508,USD,False
2026-08-12,2026-08-12T19:27:04Z,Azure Database for PostgreSQL,southeastasia,118,43,52,0.0,76.343,3.93179301,USD,False
2026-08-12,2026-08-12T19:27:04Z,Azure Database for PostgreSQL,swedencentral,112,41,51,0.0,65.4,3.4696243,USD,False
2026-08-12,2026-08-12T19:27:04Z,Azure Database for PostgreSQL,westeurope,122,47,52,0.0,77.615,3.76333552,USD,False
2026-08-12,2026-08-12T19:27:04Z,Azure Database for PostgreSQL,westus2,115,41,52,0.0,63.619,3.2869645,USD,False
2026-08-12,2026-08-12T19:27:04Z,Azure Kubernetes Service,australiaeast,8,1,1,0.010602,0.16,0.0385475,USD,False
2026-08-12,2026-08-12T19:27:04Z,Azure Kubernetes Service,brazilsouth,8,1,1,0.014624,0.16,0.045583,USD,False
2026-08-12,2026-08-12T19:27:04Z,Azure Kubernetes Service,eastus,9,2,2,0.007312,0.6,0.09581467,USD,False
2026-08-12,2026-08-12T19:27:04Z,Azure Kubernetes Service,eastus2,8,1,1,0.007312,0.16,0.0327915,USD,False
2026-08-12,2026-08-12T19:27:04Z,Azure Kubernetes Service,japaneast,8,1,1,0.010602,0.16,0.0385475,USD,False
2026-08-12,2026-08-12T19:27:04Z,Azure Kubernetes Service,northeurope,8,1,1,0.008774,0.16,0.0353495,USD,False
2026-08-12,2026-08-12T19:27:04Z,Azure Kubernetes Service,southeastasia,8,1,1,0.009506,0.16,0.036629,USD,False
2026-08-12,2026-08-12T19:27:04Z,Azure Kubernetes Service,swedencentral,8,1,1,0.009506,0.16,0.036629,USD,False
2026-08-12,2026-08-12T19:27:04Z,Azure Kubernetes Service,westeurope,8,1,1,0.010456,0.16,0.03829175,USD,False
2026-08-12,2026-08-12T19:27:04Z,Azure Kubernetes Service,westus2,8,1,1,0.007312,0.16,0.0327915,USD,False
2026-08-12,2026-08-12T19:27:04Z,Functions,australiaeast,9,2,3,0.0,0.182,0.02167433,USD,False
2026-08-12,2026-08-12T19:27:04Z,Functions,brazilsouth,9,2,3,0.0,0.183,0.02179656,USD,False
2026-08-12,2026-08-12T19:27:04Z,Functions,eastus,9,2,3,0.0,0.173,0.02059489,USD,False
2026-08-12,2026-08-12T19:27:04Z,Functions,eastus2,9,2,3,0.0,0.16,0.01905044,USD,False
2026-08-12,2026-08-12T19:27:04Z,Functions,japaneast,9,2,3,0.0,0.196,0.02333933,USD,False
2026-08-12,2026-08-12T19:27:04Z,Functions,northeurope,9,2,3,0.0,0.167,0.01988378,USD,False
2026-08-12,2026-08-12T19:27:04Z,Functions,southeastasia,9,2,3,0.0,0.178,0.02119656,USD,False
2026-08-12,2026-08-12T19:27:04Z,Functions,swedencentral,9,2,3,0.0,0.169,0.02012822,USD,False
2026-08-12,2026-08-12T19:27:04Z,Functions,westeurope,9,2,3,0.0,0.169,0.02012822,USD,False
2026-08-12,2026-08-12T19:27:04Z,Functions,westus2,9,2,3,0.0,0.16,0.01905044,USD,False
2026-08-12,2026-08-12T19:27:04Z,Load Balancer,australiaeast,0,0,0,,,,USD,False
2026-08-12,2026-08-12T19:27:04Z,Load Balancer,brazilsouth,0,0,0,,,,USD,False
2026-08-12,2026-08-12T19:27:04Z,Load Balancer,eastus,0,0,0,,,,USD,False
2026-08-12,2026-08-12T19:27:04Z,Load Balancer,eastus2,0,0,0,,,,USD,False
2026-08-12,2026-08-12T19:27:04Z,Load Balancer,japaneast,0,0,0,,,,USD,False
2026-08-12,2026-08-12T19:27:04Z,Load Balancer,northeurope,0,0,0,,,,USD,False
2026-08-12,2026-08-12T19:27:04Z,Load Balancer,southeastasia,0,0,0,,,,USD,False
2026-08-12,2026-08-12T19:27:04Z,Load Balancer,swedencentral,0,0,0,,,,USD,False
2026-08-12,2026-08-12T19:27:04Z,Load Balancer,westeurope,0,0,0,,,,USD,False
2026-08-12,2026-08-12T19:27:04Z,Load Balancer,westus2,0,0,0,,,,USD,False
2026-08-12,2026-08-12T19:27:04Z,SQL Database,australiaeast,154,37,77,0.0,571.408,22.78711522,USD,False
2026-08-12,2026-08-12T19:27:04Z,SQL Database,brazilsouth,109,35,71,0.0,627.26,31.3701431,USD,False
2026-08-12,2026-08-12T19:27:04Z,SQL Database,eastus,113,30,37,0.0,24.36,2.87434587,USD,False
2026-08-12,2026-08-12T19:27:04Z,SQL Database,eastus2,108,29,36,0.0,24.36,2.98343595,USD,False
2026-08-12,2026-08-12T19:27:04Z,SQL Database,japaneast,150,37,75,0.0,584.208,23.84588713,USD,False
2026-08-12,2026-08-12T19:27:04Z,SQL Database,northeurope,113,30,37,0.0,29.22,3.43563935,USD,False
2026-08-12,2026-08-12T19:27:04Z,SQL Database,southeastasia,111,29,37,0.0,31.66,3.77798125,USD,False
2026-08-12,2026-08-12T19:27:04Z,SQL Database,swedencentral,106,30,74,0.0,516.128,26.50978892,USD,False
2026-08-12,2026-08-12T19:27:04Z,SQL Database,westeurope,113,30,37,0.0,31.66,3.72220855,USD,False
2026-08-12,2026-08-12T19:27:04Z,SQL Database,westus2,111,29,37,0.0,24.36,2.91339714,USD,False
2026-08-12,2026-08-12T19:27:04Z,Storage,australiaeast,200,23,68,0.0,3342.34,23.89177272,USD,True
2026-08-12,2026-08-12T19:27:04Z,Storage,brazilsouth,200,27,62,0.0,4669.71,74.65290366,USD,True
2026-08-12,2026-08-12T19:27:04Z,Storage,eastus,200,28,70,0.0,3686.4,51.35685995,USD,False
2026-08-12,2026-08-12T19:27:04Z,Storage,eastus2,200,25,72,0.0,3686.4,24.146832,USD,False
2026-08-12,2026-08-12T19:27:04Z,Storage,japaneast,200,26,71,0.0,3109.035,41.43337182,USD,False
2026-08-12,2026-08-12T19:27:04Z,Storage,northeurope,200,26,69,0.0,3604.11,53.98662846,USD,False
2026-08-12,2026-08-12T19:27:04Z,Storage,southeastasia,200,28,79,0.0,3686.4,33.44616051,USD,False
2026-08-12,2026-08-12T19:27:04Z,Storage,swedencentral,200,26,76,0.0,3686.4,31.87963216,USD,True
2026-08-12,2026-08-12T19:27:04Z,Storage,westeurope,200,25,73,0.0,1982.17,32.12951834,USD,False
2026-08-12,2026-08-12T19:27:04Z,Storage,westus2,200,26,73,0.0,3686.4,34.08984903,USD,False
2026-08-12,2026-08-12T19:27:04Z,Virtual Machines,australiaeast,200,133,189,0.014026,41.918,2.8230689,USD,True
2026-08-12,2026-08-12T19:27:04Z,Virtual Machines,brazilsouth,200,136,191,0.00303,133.07446,5.01253949,USD,True
2026-08-12,2026-08-12T19:27:04Z,Virtual Machines,eastus,200,138,187,0.0,117.7788,3.7808078,USD,True
2026-08-12,2026-08-12T19:27:04Z,Virtual Machines,eastus2,200,141,184,0.0,116.052,4.37934673,USD,True
2026-08-12,2026-08-12T19:27:04Z,Virtual Machines,japaneast,200,129,198,0.00864,179.244241,4.59030583,USD,True
2026-08-12,2026-08-12T19:27:04Z,Virtual Machines,northeurope,200,137,184,0.00204,71.50672,2.45817863,USD,True
2026-08-12,2026-08-12T19:27:04Z,Virtual Machines,southeastasia,200,136,191,0.021067,213.0211,6.08845096,USD,True
2026-08-12,2026-08-12T19:27:04Z,Virtual Machines,swedencentral,200,123,190,0.011,196.6272,4.34583481,USD,True
2026-08-12,2026-08-12T19:27:04Z,Virtual Machines,westeurope,200,133,191,0.002,139.89936,5.88753348,USD,True
2026-08-12,2026-08-12T19:27:04Z,Virtual Machines,westus2,200,145,186,0.004,451.616,7.50804888,USD,True
2026-08-13,2026-08-13T19:26:16Z,Application Gateway,australiaeast,22,8,5,0.008,0.522,0.15022182,USD,False
2026-08-13,2026-08-13T19:26:16Z,Application Gateway,brazilsouth,18,7,5,0.008,0.72,0.20858,USD,False
2026-08-13,2026-08-13T19:26:16Z,Application Gateway,eastus,22,8,5,0.008,0.448,0.12017727,USD,False
2026-08-13,2026-08-13T19:26:16Z,Application Gateway,eastus2,22,8,5,0.008,0.448,0.12017727,USD,False
2026-08-13,2026-08-13T19:26:16Z,Application Gateway,japaneast,18,7,5,0.008,0.522,0.16874278,USD,False
2026-08-13,2026-08-13T19:26:16Z,Application Gateway,northeurope,22,8,5,0.008,0.50176,0.13672182,USD,False
2026-08-13,2026-08-13T19:26:16Z,Application Gateway,southeastasia,22,8,5,0.008,0.50176,0.14207636,USD,False
2026-08-13,2026-08-13T19:26:16Z,Application Gateway,swedencentral,18,7,5,0.0076,0.50176,0.16225667,USD,False
2026-08-13,2026-08-13T19:26:16Z,Application Gateway,westeurope,22,8,5,0.008,0.50176,0.14206727,USD,False
2026-08-13,2026-08-13T19:26:16Z,Application Gateway,westus2,18,7,5,0.008,0.448,0.13827222,USD,False
2026-08-13,2026-08-13T19:26:16Z,Azure App Service,australiaeast,124,20,67,0.016,80.0,3.33422719,USD,False
2026-08-13,2026-08-13T19:26:16Z,Azure App Service,brazilsouth,102,18,56,0.0158,80.0,2.96177998,USD,False
2026-08-13,2026-08-13T19:26:16Z,Azure App Service,eastus,113,16,62,0.017,80.0,3.05313451,USD,False
2026-08-13,2026-08-13T19:26:16Z,Azure App Service,eastus2,117,17,63,0.0,80.0,3.02458982,USD,False
2026-08-13,2026-08-13T19:26:16Z,Azure App Service,japaneast,128,21,68,0.0,80.0,3.31481827,USD,False
2026-08-13,2026-08-13T19:26:16Z,Azure App Service,northeurope,113,16,62,0.018,80.0,3.45700196,USD,False
2026-08-13,2026-08-13T19:26:16Z,Azure App Service,southeastasia,113,16,62,0.018,80.0,3.50719758,USD,False
2026-08-13,2026-08-13T19:26:16Z,Azure App Service,swedencentral,111,17,60,0.0,80.0,3.06190559,USD,False
2026-08-13,2026-08-13T19:26:16Z,Azure App Service,westeurope,117,17,63,0.0,80.0,3.48324291,USD,False
2026-08-13,2026-08-13T19:26:16Z,Azure App Service,westus2,117,17,63,0.0,80.0,3.01730191,USD,False
2026-08-13,2026-08-13T19:26:16Z,Azure Cosmos DB,australiaeast,106,14,81,0.0,32.553,2.54770911,USD,False
2026-08-13,2026-08-13T19:26:16Z,Azure Cosmos DB,brazilsouth,103,14,78,0.0,44.9,3.58415748,USD,False
2026-08-13,2026-08-13T19:26:16Z,Azure Cosmos DB,eastus,99,14,76,0.0,22.45,2.07406196,USD,False
2026-08-13,2026-08-13T19:26:16Z,Azure Cosmos DB,eastus2,99,14,76,0.0,22.45,2.07625388,USD,False
2026-08-13,2026-08-13T19:26:16Z,Azure Cosmos DB,japaneast,106,14,81,0.0,32.553,2.5569471,USD,False
2026-08-13,2026-08-13T19:26:16Z,Azure Cosmos DB,northeurope,106,14,81,0.0,26.94,2.21805191,USD,False
2026-08-13,2026-08-13T19:26:16Z,Azure Cosmos DB,southeastasia,106,14,81,0.0,29.185,2.30645925,USD,False
2026-08-13,2026-08-13T19:26:16Z,Azure Cosmos DB,swedencentral,97,14,73,0.0,29.185,2.587158,USD,False
2026-08-13,2026-08-13T19:26:16Z,Azure Cosmos DB,westeurope,106,14,81,0.0,29.185,2.39201482,USD,False
2026-08-13,2026-08-13T19:26:16Z,Azure Cosmos DB,westus2,99,14,76,0.0,22.45,2.04923503,USD,False
2026-08-13,2026-08-13T19:26:16Z,Azure Database for PostgreSQL,australiaeast,115,41,52,0.0,76.343,4.03472331,USD,False
2026-08-13,2026-08-13T19:26:16Z,Azure Database for PostgreSQL,brazilsouth,119,43,52,0.0,133.345,6.3454915,USD,False
2026-08-13,2026-08-13T19:26:16Z,Azure Database for PostgreSQL,eastus,118,43,52,0.0,63.619,3.20475014,USD,False
2026-08-13,2026-08-13T19:26:16Z,Azure Database for PostgreSQL,eastus2,119,44,52,0.0,63.619,3.18101695,USD,False
2026-08-13,2026-08-13T19:26:16Z,Azure Database for PostgreSQL,japaneast,118,43,52,0.0,76.343,3.93456459,USD,False
2026-08-13,2026-08-13T19:26:16Z,Azure Database for PostgreSQL,northeurope,120,45,52,0.0,71.253,3.52114508,USD,False
2026-08-13,2026-08-13T19:26:16Z,Azure Database for PostgreSQL,southeastasia,118,43,52,0.0,76.343,3.93179301,USD,False
2026-08-13,2026-08-13T19:26:16Z,Azure Database for PostgreSQL,swedencentral,112,41,51,0.0,65.4,3.4696243,USD,False
2026-08-13,2026-08-13T19:26:16Z,Azure Database for PostgreSQL,westeurope,122,47,52,0.0,77.615,3.76333552,USD,False
2026-08-13,2026-08-13T19:26:16Z,Azure Database for PostgreSQL,westus2,115,41,52,0.0,63.619,3.2869645,USD,False
2026-08-13,2026-08-13T19:26:16Z,Azure Kubernetes Service,australiaeast,8,1,1,0.010602,0.16,0.0385475,USD,False
2026-08-13,2026-08-13T19:26:16Z,Azure Kubernetes Service,brazilsouth,8,1,1,0.014624,0.16,0.045583,USD,False
2026-08-13,2026-08-13T19:26:16Z,Azure Kubernetes Service,eastus,9,2,2,0.007312,0.6,0.09581467,USD,False
2026-08-13,2026-08-13T19:26:16Z,Azure Kubernetes Service,eastus2,8,1,1,0.007312,0.16,0.0327915,USD,False
2026-08-13,2026-08-13T19:26:16Z,Azure Kubernetes Service,japaneast,8,1,1,0.010602,0.16,0.0385475,USD,False
2026-08-13,2026-08-13T19:26:16Z,Azure Kubernetes Service,northeurope,8,1,1,0.008774,0.16,0.0353495,USD,False
2026-08-13,2026-08-13T19:26:16Z,Azure Kubernetes Service,southeastasia,8,1,1,0.009506,0.16,0.036629,USD,False
2026-08-13,2026-08-13T19:26:16Z,Azure Kubernetes Service,swedencentral,8,1,1,0.009506,0.16,0.036629,USD,False
2026-08-13,2026-08-13T19:26:16Z,Azure Kubernetes Service,westeurope,8,1,1,0.010456,0.16,0.03829175,USD,False
2026-08-13,2026-08-13T19:26:16Z,Azure Kubernetes Service,westus2,8,1,1,0.007312,0.16,0.0327915,USD,False
2026-08-13,2026-08-13T19:26:16Z,Functions,australiaeast,9,2,3,0.0,0.182,0.02167433,USD,False
2026-08-13,2026-08-13T19:26:16Z,Functions,brazilsouth,9,2,3,0.0,0.183,0.02179656,USD,False
2026-08-13,2026-08-13T19:26:16Z,Functions,eastus,9,2,3,0.0,0.173,0.02059489,USD,False
2026-08-13,2026-08-13T19:26:16Z,Functions,eastus2,9,2,3,0.0,0.16,0.01905044,USD,False
2026-08-13,2026-08-13T19:26:16Z,Functions,japaneast,9,2,3,0.0,0.196,0.02333933,USD,False
2026-08-13,2026-08-13T19:26:16Z,Functions,northeurope,9,2,3,0.0,0.167,0.01988378,USD,False
2026-08-13,2026-08-13T19:26:16Z,Functions,southeastasia,9,2,3,0.0,0.178,0.02119656,USD,False
2026-08-13,2026-08-13T19:26:16Z,Functions,swedencentral,9,2,3,0.0,0.169,0.02012822,USD,False
2026-08-13,2026-08-13T19:26:16Z,Functions,westeurope,9,2,3,0.0,0.169,0.02012822,USD,False
2026-08-13,2026-08-13T19:26:16Z,Functions,westus2,9,2,3,0.0,0.16,0.01905044,USD,False
2026-08-13,2026-08-13T19:26:16Z,Load Balancer,australiaeast,0,0,0,,,,USD,False
2026-08-13,2026-08-13T19:26:16Z,Load Balancer,brazilsouth,0,0,0,,,,USD,False
2026-08-13,2026-08-13T19:26:16Z,Load Balancer,eastus,0,0,0,,,,USD,False
2026-08-13,2026-08-13T19:26:16Z,Load Balancer,eastus2,0,0,0,,,,USD,False
2026-08-13,2026-08-13T19:26:16Z,Load Balancer,japaneast,0,0,0,,,,USD,False
2026-08-13,2026-08-13T19:26:16Z,Load Balancer,northeurope,0,0,0,,,,USD,False
2026-08-13,2026-08-13T19:26:16Z,Load Balancer,southeastasia,0,0,0,,,,USD,False
2026-08-13,2026-08-13T19:26:16Z,Load Balancer,swedencentral,0,0,0,,,,USD,False
2026-08-13,2026-08-13T19:26:16Z,Load Balancer,westeurope,0,0,0,,,,USD,False
2026-08-13,2026-08-13T19:26:16Z,Load Balancer,westus2,0,0,0,,,,USD,False
2026-08-13,2026-08-13T19:26:16Z,SQL Database,australiaeast,154,37,77,0.0,571.408,22.78711522,USD,False
2026-08-13,2026-08-13T19:26:16Z,SQL Database,brazilsouth,109,35,71,0.0,627.26,31.3701431,USD,False
2026-08-13,2026-08-13T19:26:16Z,SQL Database,eastus,113,30,37,0.0,24.36,2.87434587,USD,False
2026-08-13,2026-08-13T19:26:16Z,SQL Database,eastus2,108,29,36,0.0,24.36,2.98343595,USD,False
2026-08-13,2026-08-13T19:26:16Z,SQL Database,japaneast,150,37,75,0.0,584.208,23.84588713,USD,False
2026-08-13,2026-08-13T19:26:16Z,SQL Database,northeurope,113,30,37,0.0,29.22,3.43563935,USD,False
2026-08-13,2026-08-13T19:26:16Z,SQL Database,southeastasia,111,29,37,0.0,31.66,3.77798125,USD,False
2026-08-13,2026-08-13T19:26:16Z,SQL Database,swedencentral,106,30,74,0.0,516.128,26.50978892,USD,False
2026-08-13,2026-08-13T19:26:16Z,SQL Database,westeurope,113,30,37,0.0,31.66,3.72220855,USD,False
2026-08-13,2026-08-13T19:26:16Z,SQL Database,westus2,111,29,37,0.0,24.36,2.91339714,USD,False
2026-08-13,2026-08-13T19:26:16Z,Storage,australiaeast,200,23,68,0.0,3342.34,23.89177272,USD,True
2026-08-13,2026-08-13T19:26:16Z,Storage,brazilsouth,200,27,62,0.0,4669.71,74.65290366,USD,True
2026-08-13,2026-08-13T19:26:16Z,Storage,eastus,200,28,70,0.0,3686.4,51.35685995,USD,False
2026-08-13,2026-08-13T19:26:16Z,Storage,eastus2,200,25,72,0.0,3686.4,24.146832,USD,False
2026-08-13,2026-08-13T19:26:16Z,Storage,japaneast,200,26,71,0.0,3109.035,41.43337182,USD,False
2026-08-13,2026-08-13T19:26:16Z,Storage,northeurope,200,26,69,0.0,3604.11,53.98662846,USD,False
2026-08-13,2026-08-13T19:26:16Z,Storage,southeastasia,200,28,79,0.0,3686.4,33.44616051,USD,False
2026-08-13,2026-08-13T19:26:16Z,Storage,swedencentral,200,26,76,0.0,3686.4,31.87963216,USD,True
2026-08-13,2026-08-13T19:26:16Z,Storage,westeurope,200,25,73,0.0,1982.17,32.12951834,USD,False
2026-08-13,2026-08-13T19:26:16Z,Storage,westus2,200,26,73,0.0,3686.4,34.08984903,USD,False
2026-08-13,2026-08-13T19:26:16Z,Virtual Machines,australiaeast,200,133,189,0.014026,41.918,2.8230689,USD,True
2026-08-13,2026-08-13T19:26:16Z,Virtual Machines,brazilsouth,200,136,191,0.00303,133.07446,5.01253949,USD,True
2026-08-13,2026-08-13T19:26:16Z,Virtual Machines,eastus,200,138,187,0.0,117.7788,3.7808078,USD,True
2026-08-13,2026-08-13T19:26:16Z,Virtual Machines,eastus2,200,141,184,0.0,116.052,4.37934673,USD,True
2026-08-13,2026-08-13T19:26:16Z,Virtual Machines,japaneast,200,129,198,0.00864,179.244241,4.59030583,USD,True
2026-08-13,2026-08-13T19:26:16Z,Virtual Machines,northeurope,200,137,184,0.00204,71.50672,2.45817863,USD,True
2026-08-13,2026-08-13T19:26:16Z,Virtual Machines,southeastasia,200,136,191,0.021067,213.0211,6.08845096,USD,True
2026-08-13,2026-08-13T19:26:16Z,Virtual Machines,swedencentral,200,123,190,0.011,196.6272,4.34583481,USD,True
2026-08-13,2026-08-13T19:26:16Z,Virtual Machines,westeurope,200,133,191,0.002,139.89936,5.88753348,USD,True
2026-08-13,2026-08-13T19:26:16Z,Virtual Machines,westus2,200,145,186,0.004,451.616,7.50804888,USD,True
2026-08-14,2026-08-14T19:14:41Z,Application Gateway,australiaeast,22,8,5,0.008,0.522,0.15022182,USD,False
2026-08-14,2026-08-14T19:14:41Z,Application Gateway,brazilsouth,18,7,5,0.008,0.72,0.20858,USD,False
2026-08-14,2026-08-14T19:14:41Z,Application Gateway,eastus,22,8,5,0.008,0.448,0.12017727,USD,False
2026-08-14,2026-08-14T19:14:41Z,Application Gateway,eastus2,22,8,5,0.008,0.448,0.12017727,USD,False
2026-08-14,2026-08-14T19:14:41Z,Application Gateway,japaneast,18,7,5,0.008,0.522,0.16874278,USD,False
2026-08-14,2026-08-14T19:14:41Z,Application Gateway,northeurope,22,8,5,0.008,0.50176,0.13672182,USD,False
2026-08-14,2026-08-14T19:14:41Z,Application Gateway,southeastasia,22,8,5,0.008,0.50176,0.14207636,USD,False
2026-08-14,2026-08-14T19:14:41Z,Application Gateway,swedencentral,18,7,5,0.0076,0.50176,0.16225667,USD,False
2026-08-14,2026-08-14T19:14:41Z,Application Gateway,westeurope,22,8,5,0.008,0.50176,0.14206727,USD,False
2026-08-14,2026-08-14T19:14:41Z,Application Gateway,westus2,18,7,5,0.008,0.448,0.13827222,USD,False
2026-08-14,2026-08-14T19:14:41Z,Azure App Service,australiaeast,124,20,67,0.016,80.0,3.33422719,USD,False
2026-08-14,2026-08-14T19:14:41Z,Azure App Service,brazilsouth,102,18,56,0.0158,80.0,2.96177998,USD,False
2026-08-14,2026-08-14T19:14:41Z,Azure App Service,eastus,113,16,62,0.017,80.0,3.05313451,USD,False
2026-08-14,2026-08-14T19:14:41Z,Azure App Service,eastus2,117,17,63,0.0,80.0,3.02458982,USD,False
2026-08-14,2026-08-14T19:14:41Z,Azure App Service,japaneast,128,21,68,0.0,80.0,3.31481827,USD,False
2026-08-14,2026-08-14T19:14:41Z,Azure App Service,northeurope,113,16,62,0.018,80.0,3.45700196,USD,False
2026-08-14,2026-08-14T19:14:41Z,Azure App Service,southeastasia,113,16,62,0.018,80.0,3.50719758,USD,False
2026-08-14,2026-08-14T19:14:41Z,Azure App Service,swedencentral,111,17,60,0.0,80.0,3.06190559,USD,False
2026-08-14,2026-08-14T19:14:41Z,Azure App Service,westeurope,117,17,63,0.0,80.0,3.48324291,USD,False
2026-08-14,2026-08-14T19:14:41Z,Azure App Service,westus2,117,17,63,0.0,80.0,3.01730191,USD,False
2026-08-14,2026-08-14T19:14:41Z,Azure Cosmos DB,australiaeast,106,14,81,0.0,32.553,2.54770911,USD,False
2026-08-14,2026-08-14T19:14:41Z,Azure Cosmos DB,brazilsouth,103,14,78,0.0,44.9,3.58415748,USD,False
2026-08-14,2026-08-14T19:14:41Z,Azure Cosmos DB,eastus,99,14,76,0.0,22.45,2.07406196,USD,False
2026-08-14,2026-08-14T19:14:41Z,Azure Cosmos DB,eastus2,99,14,76,0.0,22.45,2.07625388,USD,False
2026-08-14,2026-08-14T19:14:41Z,Azure Cosmos DB,japaneast,106,14,81,0.0,32.553,2.5569471,USD,False
2026-08-14,2026-08-14T19:14:41Z,Azure Cosmos DB,northeurope,106,14,81,0.0,26.94,2.21805191,USD,False
2026-08-14,2026-08-14T19:14:41Z,Azure Cosmos DB,southeastasia,106,14,81,0.0,29.185,2.30645925,USD,False
2026-08-14,2026-08-14T19:14:41Z,Azure Cosmos DB,swedencentral,97,14,73,0.0,29.185,2.587158,USD,False
2026-08-14,2026-08-14T19:14:41Z,Azure Cosmos DB,westeurope,106,14,81,0.0,29.185,2.39201482,USD,False
2026-08-14,2026-08-14T19:14:41Z,Azure Cosmos DB,westus2,99,14,76,0.0,22.45,2.04923503,USD,False
2026-08-14,2026-08-14T19:14:41Z,Azure Database for PostgreSQL,australiaeast,115,41,52,0.0,76.343,4.03472331,USD,False
2026-08-14,2026-08-14T19:14:41Z,Azure Database for PostgreSQL,brazilsouth,119,43,52,0.0,133.345,6.3454915,USD,False
2026-08-14,2026-08-14T19:14:41Z,Azure Database for PostgreSQL,eastus,118,43,52,0.0,63.619,3.20475014,USD,False
2026-08-14,2026-08-14T19:14:41Z,Azure Database for PostgreSQL,eastus2,119,44,52,0.0,63.619,3.18101695,USD,False
2026-08-14,2026-08-14T19:14:41Z,Azure Database for PostgreSQL,japaneast,118,43,52,0.0,76.343,3.93456459,USD,False
2026-08-14,2026-08-14T19:14:41Z,Azure Database for PostgreSQL,northeurope,120,45,52,0.0,71.253,3.52114508,USD,False
2026-08-14,2026-08-14T19:14:41Z,Azure Database for PostgreSQL,southeastasia,118,43,52,0.0,76.343,3.93179301,USD,False
2026-08-14,2026-08-14T19:14:41Z,Azure Database for PostgreSQL,swedencentral,112,41,51,0.0,65.4,3.4696243,USD,False
2026-08-14,2026-08-14T19:14:41Z,Azure Database for PostgreSQL,westeurope,122,47,52,0.0,77.615,3.76333552,USD,False
2026-08-14,2026-08-14T19:14:41Z,Azure Database for PostgreSQL,westus2,115,41,52,0.0,63.619,3.2869645,USD,False
2026-08-14,2026-08-14T19:14:41Z,Azure Kubernetes Service,australiaeast,8,1,1,0.010602,0.16,0.0385475,USD,False
2026-08-14,2026-08-14T19:14:41Z,Azure Kubernetes Service,brazilsouth,8,1,1,0.014624,0.16,0.045583,USD,False
2026-08-14,2026-08-14T19:14:41Z,Azure Kubernetes Service,eastus,9,2,2,0.007312,0.6,0.09581467,USD,False
2026-08-14,2026-08-14T19:14:41Z,Azure Kubernetes Service,eastus2,8,1,1,0.007312,0.16,0.0327915,USD,False
2026-08-14,2026-08-14T19:14:41Z,Azure Kubernetes Service,japaneast,8,1,1,0.010602,0.16,0.0385475,USD,False
2026-08-14,2026-08-14T19:14:41Z,Azure Kubernetes Service,northeurope,8,1,1,0.008774,0.16,0.0353495,USD,False
2026-08-14,2026-08-14T19:14:41Z,Azure Kubernetes Service,southeastasia,8,1,1,0.009506,0.16,0.036629,USD,False
2026-08-14,2026-08-14T19:14:41Z,Azure Kubernetes Service,swedencentral,8,1,1,0.009506,0.16,0.036629,USD,False
2026-08-14,2026-08-14T19:14:41Z,Azure Kubernetes Service,westeurope,8,1,1,0.010456,0.16,0.03829175,USD,False
2026-08-14,2026-08-14T19:14:41Z,Azure Kubernetes Service,westus2,8,1,1,0.007312,0.16,0.0327915,USD,False
2026-08-14,2026-08-14T19:14:41Z,Functions,australiaeast,9,2,3,0.0,0.182,0.02167433,USD,False
2026-08-14,2026-08-14T19:14:41Z,Functions,brazilsouth,9,2,3,0.0,0.183,0.02179656,USD,False
2026-08-14,2026-08-14T19:14:41Z,Functions,eastus,9,2,3,0.0,0.173,0.02059489,USD,False
2026-08-14,2026-08-14T19:14:41Z,Functions,eastus2,9,2,3,0.0,0.16,0.01905044,USD,False
2026-08-14,2026-08-14T19:14:41Z,Functions,japaneast,9,2,3,0.0,0.196,0.02333933,USD,False
2026-08-14,2026-08-14T19:14:41Z,Functions,northeurope,9,2,3,0.0,0.167,0.01988378,USD,False
2026-08-14,2026-08-14T19:14:41Z,Functions,southeastasia,9,2,3,0.0,0.178,0.02119656,USD,False
2026-08-14,2026-08-14T19:14:41Z,Functions,swedencentral,9,2,3,0.0,0.169,0.02012822,USD,False
2026-08-14,2026-08-14T19:14:41Z,Functions,westeurope,9,2,3,0.0,0.169,0.02012822,USD,False
2026-08-14,2026-08-14T19:14:41Z,Functions,westus2,9,2,3,0.0,0.16,0.01905044,USD,False
2026-08-14,2026-08-14T19:14:41Z,Load Balancer,australiaeast,0,0,0,,,,USD,False
2026-08-14,2026-08-14T19:14:41Z,Load Balancer,brazilsouth,0,0,0,,,,USD,False
2026-08-14,2026-08-14T19:14:41Z,Load Balancer,eastus,0,0,0,,,,USD,False
2026-08-14,2026-08-14T19:14:41Z,Load Balancer,eastus2,0,0,0,,,,USD,False
2026-08-14,2026-08-14T19:14:41Z,Load Balancer,japaneast,0,0,0,,,,USD,False
2026-08-14,2026-08-14T19:14:41Z,Load Balancer,northeurope,0,0,0,,,,USD,False
2026-08-14,2026-08-14T19:14:41Z,Load Balancer,southeastasia,0,0,0,,,,USD,False
2026-08-14,2026-08-14T19:14:41Z,Load Balancer,swedencentral,0,0,0,,,,USD,False
2026-08-14,2026-08-14T19:14:41Z,Load Balancer,westeurope,0,0,0,,,,USD,False
2026-08-14,2026-08-14T19:14:41Z,Load Balancer,westus2,0,0,0,,,,USD,False
2026-08-14,2026-08-14T19:14:41Z,SQL Database,australiaeast,154,37,77,0.0,571.408,22.78711522,USD,False
2026-08-14,2026-08-14T19:14:41Z,SQL Database,brazilsouth,109,35,71,0.0,627.26,31.3701431,USD,False
2026-08-14,2026-08-14T19:14:41Z,SQL Database,eastus,113,30,37,0.0,24.36,2.87434587,USD,False
2026-08-14,2026-08-14T19:14:41Z,SQL Database,eastus2,108,29,36,0.0,24.36,2.98343595,USD,False
2026-08-14,2026-08-14T19:14:41Z,SQL Database,japaneast,150,37,75,0.0,584.208,23.84588713,USD,False
2026-08-14,2026-08-14T19:14:41Z,SQL Database,northeurope,113,30,37,0.0,29.22,3.43563935,USD,False
2026-08-14,2026-08-14T19:14:41Z,SQL Database,southeastasia,111,29,37,0.0,31.66,3.77798125,USD,False
2026-08-14,2026-08-14T19:14:41Z,SQL Database,swedencentral,106,30,74,0.0,516.128,26.50978892,USD,False
2026-08-14,2026-08-14T19:14:41Z,SQL Database,westeurope,113,30,37,0.0,31.66,3.72220855,USD,False
2026-08-14,2026-08-14T19:14:41Z,SQL Database,westus2,111,29,37,0.0,24.36,2.91339714,USD,False
2026-08-14,2026-08-14T19:14:41Z,Storage,australiaeast,200,23,68,0.0,3342.34,23.89177272,USD,True
2026-08-14,2026-08-14T19:14:41Z,Storage,brazilsouth,200,27,62,0.0,4669.71,74.65290366,USD,True
2026-08-14,2026-08-14T19:14:41Z,Storage,eastus,200,28,70,0.0,3686.4,51.35685995,USD,False
2026-08-14,2026-08-14T19:14:41Z,Storage,eastus2,200,25,72,0.0,3686.4,24.146832,USD,False
2026-08-14,2026-08-14T19:14:41Z,Storage,japaneast,200,26,71,0.0,3109.035,41.43337182,USD,False
2026-08-14,2026-08-14T19:14:41Z,Storage,northeurope,200,26,69,0.0,3604.11,53.98662846,USD,False
2026-08-14,2026-08-14T19:14:41Z,Storage,southeastasia,200,28,79,0.0,3686.4,33.44616051,USD,False
2026-08-14,2026-08-14T19:14:41Z,Storage,swedencentral,200,26,76,0.0,3686.4,31.87963216,USD,True
2026-08-14,2026-08-14T19:14:41Z,Storage,westeurope,200,25,73,0.0,1982.17,32.12951834,USD,False
2026-08-14,2026-08-14T19:14:41Z,Storage,westus2,200,26,73,0.0,3686.4,34.08984903,USD,False
2026-08-14,2026-08-14T19:14:41Z,Virtual Machines,australiaeast,200,133,189,0.014026,41.918,2.8230689,USD,True
2026-08-14,2026-08-14T19:14:41Z,Virtual Machines,brazilsouth,200,136,191,0.00303,133.07446,5.01253949,USD,True
2026-08-14,2026-08-14T19:14:41Z,Virtual Machines,eastus,200,138,187,0.0,117.7788,3.7808078,USD,True
2026-08-14,2026-08-14T19:14:41Z,Virtual Machines,eastus2,200,141,184,0.0,116.052,4.37934673,USD,True
2026-08-14,2026-08-14T19:14:41Z,Virtual Machines,japaneast,200,129,198,0.00864,179.244241,4.59030583,USD,True
2026-08-14,2026-08-14T19:14:41Z,Virtual Machines,northeurope,200,137,184,0.00204,71.50672,2.45817863,USD,True
2026-08-14,2026-08-14T19:14:41Z,Virtual Machines,southeastasia,200,136,191,0.021067,213.0211,6.08845096,USD,True
2026-08-14,2026-08-14T19:14:41Z,Virtual Machines,swedencentral,200,123,190,0.011,196.6272,4.34583481,USD,True
2026-08-14,2026-08-14T19:14:41Z,Virtual Machines,westeurope,200,133,191,0.002,139.89936,5.88753348,USD,True
2026-08-14,2026-08-14T19:14:41Z,Virtual Machines,westus2,200,145,186,0.004,451.616,7.50804888,USD,True
2026-08-15,2026-08-15T18:47:43Z,Application Gateway,australiaeast,22,8,5,0.008,0.522,0.15022182,USD,False
2026-08-15,2026-08-15T18:47:43Z,Application Gateway,brazilsouth,18,7,5,0.008,0.72,0.20858,USD,False
2026-08-15,2026-08-15T18:47:43Z,Application Gateway,eastus,22,8,5,0.008,0.448,0.12017727,USD,False
2026-08-15,2026-08-15T18:47:43Z,Application Gateway,eastus2,22,8,5,0.008,0.448,0.12017727,USD,False
2026-08-15,2026-08-15T18:47:43Z,Application Gateway,japaneast,18,7,5,0.008,0.522,0.16874278,USD,False
2026-08-15,2026-08-15T18:47:43Z,Application Gateway,northeurope,22,8,5,0.008,0.50176,0.13672182,USD,False
2026-08-15,2026-08-15T18:47:43Z,Application Gateway,southeastasia,22,8,5,0.008,0.50176,0.14207636,USD,False
2026-08-15,2026-08-15T18:47:43Z,Application Gateway,swedencentral,18,7,5,0.0076,0.50176,0.16225667,USD,False
2026-08-15,2026-08-15T18:47:43Z,Application Gateway,westeurope,22,8,5,0.008,0.50176,0.14206727,USD,False
2026-08-15,2026-08-15T18:47:43Z,Application Gateway,westus2,18,7,5,0.008,0.448,0.13827222,USD,False
2026-08-15,2026-08-15T18:47:43Z,Azure App Service,australiaeast,124,20,67,0.016,80.0,3.33422719,USD,False
2026-08-15,2026-08-15T18:47:43Z,Azure App Service,brazilsouth,102,18,56,0.0158,80.0,2.96177998,USD,False
2026-08-15,2026-08-15T18:47:43Z,Azure App Service,eastus,113,16,62,0.017,80.0,3.05313451,USD,False
2026-08-15,2026-08-15T18:47:43Z,Azure App Service,eastus2,117,17,63,0.0,80.0,3.02458982,USD,False
2026-08-15,2026-08-15T18:47:43Z,Azure App Service,japaneast,128,21,68,0.0,80.0,3.31481827,USD,False
2026-08-15,2026-08-15T18:47:43Z,Azure App Service,northeurope,113,16,62,0.018,80.0,3.45700196,USD,False
2026-08-15,2026-08-15T18:47:43Z,Azure App Service,southeastasia,113,16,62,0.018,80.0,3.50719758,USD,False
2026-08-15,2026-08-15T18:47:43Z,Azure App Service,swedencentral,111,17,60,0.0,80.0,3.06190559,USD,False
2026-08-15,2026-08-15T18:47:43Z,Azure App Service,westeurope,117,17,63,0.0,80.0,3.48324291,USD,False
2026-08-15,2026-08-15T18:47:43Z,Azure App Service,westus2,117,17,63,0.0,80.0,3.01730191,USD,False
2026-08-15,2026-08-15T18:47:43Z,Azure Cosmos DB,australiaeast,106,14,81,0.0,32.553,2.54770911,USD,False
2026-08-15,2026-08-15T18:47:43Z,Azure Cosmos DB,brazilsouth,103,14,78,0.0,44.9,3.58415748,USD,False
2026-08-15,2026-08-15T18:47:43Z,Azure Cosmos DB,eastus,99,14,76,0.0,22.45,2.07406196,USD,False
2026-08-15,2026-08-15T18:47:43Z,Azure Cosmos DB,eastus2,99,14,76,0.0,22.45,2.07625388,USD,False
2026-08-15,2026-08-15T18:47:43Z,Azure Cosmos DB,japaneast,106,14,81,0.0,32.553,2.5569471,USD,False
2026-08-15,2026-08-15T18:47:43Z,Azure Cosmos DB,northeurope,106,14,81,0.0,26.94,2.21805191,USD,False
2026-08-15,2026-08-15T18:47:43Z,Azure Cosmos DB,southeastasia,106,14,81,0.0,29.185,2.30645925,USD,False
2026-08-15,2026-08-15T18:47:43Z,Azure Cosmos DB,swedencentral,97,14,73,0.0,29.185,2.587158,USD,False
2026-08-15,2026-08-15T18:47:43Z,Azure Cosmos DB,westeurope,106,14,81,0.0,29.185,2.39201482,USD,False
2026-08-15,2026-08-15T18:47:43Z,Azure Cosmos DB,westus2,99,14,76,0.0,22.45,2.04923503,USD,False
2026-08-15,2026-08-15T18:47:43Z,Azure Database for PostgreSQL,australiaeast,115,41,52,0.0,76.343,4.03472331,USD,False
2026-08-15,2026-08-15T18:47:43Z,Azure Database for PostgreSQL,brazilsouth,119,43,52,0.0,133.345,6.3454915,USD,False
2026-08-15,2026-08-15T18:47:43Z,Azure Database for PostgreSQL,eastus,118,43,52,0.0,63.619,3.20475014,USD,False
2026-08-15,2026-08-15T18:47:43Z,Azure Database for PostgreSQL,eastus2,119,44,52,0.0,63.619,3.18101695,USD,False
2026-08-15,2026-08-15T18:47:43Z,Azure Database for PostgreSQL,japaneast,118,43,52,0.0,76.343,3.93456459,USD,False
2026-08-15,2026-08-15T18:47:43Z,Azure Database for PostgreSQL,northeurope,120,45,52,0.0,71.253,3.52114508,USD,False
2026-08-15,2026-08-15T18:47:43Z,Azure Database for PostgreSQL,southeastasia,118,43,52,0.0,76.343,3.93179301,USD,False
2026-08-15,2026-08-15T18:47:43Z,Azure Database for PostgreSQL,swedencentral,112,41,51,0.0,65.4,3.4696243,USD,False
2026-08-15,2026-08-15T18:47:43Z,Azure Database for PostgreSQL,westeurope,122,47,52,0.0,77.615,3.76333552,USD,False
2026-08-15,2026-08-15T18:47:43Z,Azure Database for PostgreSQL,westus2,115,41,52,0.0,63.619,3.2869645,USD,False
2026-08-15,2026-08-15T18:47:43Z,Azure Kubernetes Service,australiaeast,8,1,1,0.010602,0.16,0.0385475,USD,False
2026-08-15,2026-08-15T18:47:43Z,Azure Kubernetes Service,brazilsouth,8,1,1,0.014624,0.16,0.045583,USD,False
2026-08-15,2026-08-15T18:47:43Z,Azure Kubernetes Service,eastus,9,2,2,0.007312,0.6,0.09581467,USD,False
2026-08-15,2026-08-15T18:47:43Z,Azure Kubernetes Service,eastus2,8,1,1,0.007312,0.16,0.0327915,USD,False
2026-08-15,2026-08-15T18:47:43Z,Azure Kubernetes Service,japaneast,8,1,1,0.010602,0.16,0.0385475,USD,False
2026-08-15,2026-08-15T18:47:43Z,Azure Kubernetes Service,northeurope,8,1,1,0.008774,0.16,0.0353495,USD,False
2026-08-15,2026-08-15T18:47:43Z,Azure Kubernetes Service,southeastasia,8,1,1,0.009506,0.16,0.036629,USD,False
2026-08-15,2026-08-15T18:47:43Z,Azure Kubernetes Service,swedencentral,8,1,1,0.009506,0.16,0.036629,USD,False
2026-08-15,2026-08-15T18:47:43Z,Azure Kubernetes Service,westeurope,8,1,1,0.010456,0.16,0.03829175,USD,False
2026-08-15,2026-08-15T18:47:43Z,Azure Kubernetes Service,westus2,8,1,1,0.007312,0.16,0.0327915,USD,False
2026-08-15,2026-08-15T18:47:43Z,Functions,australiaeast,9,2,3,0.0,0.182,0.02167433,USD,False
2026-08-15,2026-08-15T18:47:43Z,Functions,brazilsouth,9,2,3,0.0,0.183,0.02179656,USD,False
2026-08-15,2026-08-15T18:47:43Z,Functions,eastus,9,2,3,0.0,0.173,0.02059489,USD,False
2026-08-15,2026-08-15T18:47:43Z,Functions,eastus2,9,2,3,0.0,0.16,0.01905044,USD,False
2026-08-15,2026-08-15T18:47:43Z,Functions,japaneast,9,2,3,0.0,0.196,0.02333933,USD,False
2026-08-15,2026-08-15T18:47:43Z,Functions,northeurope,9,2,3,0.0,0.167,0.01988378,USD,False
2026-08-15,2026-08-15T18:47:43Z,Functions,southeastasia,9,2,3,0.0,0.178,0.02119656,USD,False
2026-08-15,2026-08-15T18:47:43Z,Functions,swedencentral,9,2,3,0.0,0.169,0.02012822,USD,False
2026-08-15,2026-08-15T18:47:43Z,Functions,westeurope,9,2,3,0.0,0.169,0.02012822,USD,False
2026-08-15,2026-08-15T18:47:43Z,Functions,westus2,9,2,3,0.0,0.16,0.01905044,USD,False
2026-08-15,2026-08-15T18:47:43Z,Load Balancer,australiaeast,0,0,0,,,,USD,False
2026-08-15,2026-08-15T18:47:43Z,Load Balancer,brazilsouth,0,0,0,,,,USD,False
2026-08-15,2026-08-15T18:47:43Z,Load Balancer,eastus,0,0,0,,,,USD,False
2026-08-15,2026-08-15T18:47:43Z,Load Balancer,eastus2,0,0,0,,,,USD,False
2026-08-15,2026-08-15T18:47:43Z,Load Balancer,japaneast,0,0,0,,,,USD,False
2026-08-15,2026-08-15T18:47:43Z,Load Balancer,northeurope,0,0,0,,,,USD,False
2026-08-15,2026-08-15T18:47:43Z,Load Balancer,southeastasia,0,0,0,,,,USD,False
2026-08-15,2026-08-15T18:47:43Z,Load Balancer,swedencentral,0,0,0,,,,USD,False
2026-08-15,2026-08-15T18:47:43Z,Load Balancer,westeurope,0,0,0,,,,USD,False
2026-08-15,2026-08-15T18:47:43Z,Load Balancer,westus2,0,0,0,,,,USD,False
2026-08-15,2026-08-15T18:47:43Z,SQL Database,australiaeast,154,37,77,0.0,571.408,22.78711522,USD,False
2026-08-15,2026-08-15T18:47:43Z,SQL Database,brazilsouth,109,35,71,0.0,627.26,31.3701431,USD,False
2026-08-15,2026-08-15T18:47:43Z,SQL Database,eastus,113,30,37,0.0,24.36,2.87434587,USD,False
2026-08-15,2026-08-15T18:47:43Z,SQL Database,eastus2,108,29,36,0.0,24.36,2.98343595,USD,False
2026-08-15,2026-08-15T18:47:43Z,SQL Database,japaneast,150,37,75,0.0,584.208,23.84588713,USD,False
2026-08-15,2026-08-15T18:47:43Z,SQL Database,northeurope,113,30,37,0.0,29.22,3.43563935,USD,False
2026-08-15,2026-08-15T18:47:43Z,SQL Database,southeastasia,111,29,37,0.0,31.66,3.77798125,USD,False
2026-08-15,2026-08-15T18:47:43Z,SQL Database,swedencentral,106,30,74,0.0,516.128,26.50978892,USD,False
2026-08-15,2026-08-15T18:47:43Z,SQL Database,westeurope,113,30,37,0.0,31.66,3.72220855,USD,False
2026-08-15,2026-08-15T18:47:43Z,SQL Database,westus2,111,29,37,0.0,24.36,2.91339714,USD,False
2026-08-15,2026-08-15T18:47:43Z,Storage,australiaeast,200,23,68,0.0,3342.34,23.89177272,USD,True
2026-08-15,2026-08-15T18:47:43Z,Storage,brazilsouth,200,27,62,0.0,4669.71,74.65290366,USD,True
2026-08-15,2026-08-15T18:47:43Z,Storage,eastus,200,28,70,0.0,3686.4,51.35685995,USD,False
2026-08-15,2026-08-15T18:47:43Z,Storage,eastus2,200,25,72,0.0,3686.4,24.146832,USD,False
2026-08-15,2026-08-15T18:47:43Z,Storage,japaneast,200,26,71,0.0,3109.035,41.43337182,USD,False
2026-08-15,2026-08-15T18:47:43Z,Storage,northeurope,200,26,69,0.0,3604.11,53.98662846,USD,False
2026-08-15,2026-08-15T18:47:43Z,Storage,southeastasia,200,28,79,0.0,3686.4,33.44616051,USD,False
2026-08-15,2026-08-15T18:47:43Z,Storage,swedencentral,200,26,76,0.0,3686.4,31.87963216,USD,True
2026-08-15,2026-08-15T18:47:43Z,Storage,westeurope,200,25,73,0.0,1982.17,32.12951834,USD,False
2026-08-15,2026-08-15T18:47:43Z,Storage,westus2,200,26,73,0.0,3686.4,34.08984903,USD,False
2026-08-15,2026-08-15T18:47:43Z,Virtual Machines,australiaeast,200,133,189,0.014026,41.918,2.8230689,USD,True
2026-08-15,2026-08-15T18:47:43Z,Virtual Machines,brazilsouth,200,136,191,0.00303,133.07446,5.01253949,USD,True
2026-08-15,2026-08-15T18:47:43Z,Virtual Machines,eastus,200,138,187,0.0,117.7788,3.7808078,USD,True
2026-08-15,2026-08-15T18:47:43Z,Virtual Machines,eastus2,200,141,184,0.0,116.052,4.37934673,USD,True
2026-08-15,2026-08-15T18:47:43Z,Virtual Machines,japaneast,200,129,198,0.00864,179.244241,4.59030583,USD,True
2026-08-15,2026-08-15T18:47:43Z,Virtual Machines,northeurope,200,137,184,0.00204,71.50672,2.45817863,USD,True
2026-08-15,2026-08-15T18:47:43Z,Virtual Machines,southeastasia,200,136,191,0.021067,213.0211,6.08845096,USD,True
2026-08-15,2026-08-15T18:47:43Z,Virtual Machines,swedencentral,200,123,190,0.011,196.6272,4.34583481,USD,True
2026-08-15,2026-08-15T18:47:43Z,Virtual Machines,westeurope,200,133,191,0.002,139.89936,5.88753348,USD,True
2026-08-15,2026-08-15T18:47:43Z,Virtual Machines,westus2,200,145,186,0.004,451.616,7.50804888,USD,True
2026-08-16,2026-08-16T18:47:26Z,Application Gateway,australiaeast,22,8,5,0.008,0.522,0.15022182,USD,False
2026-08-16,2026-08-16T18:47:26Z,Application Gateway,brazilsouth,18,7,5,0.008,0.72,0.20858,USD,False
2026-08-16,2026-08-16T18:47:26Z,Application Gateway,eastus,22,8,5,0.008,0.448,0.12017727,USD,False
2026-08-16,2026-08-16T18:47:26Z,Application Gateway,eastus2,22,8,5,0.008,0.448,0.12017727,USD,False
2026-08-16,2026-08-16T18:47:26Z,Application Gateway,japaneast,18,7,5,0.008,0.522,0.16874278,USD,False
2026-08-16,2026-08-16T18:47:26Z,Application Gateway,northeurope,22,8,5,0.008,0.50176,0.13672182,USD,False
2026-08-16,2026-08-16T18:47:26Z,Application Gateway,southeastasia,22,8,5,0.008,0.50176,0.14207636,USD,False
2026-08-16,2026-08-16T18:47:26Z,Application Gateway,swedencentral,18,7,5,0.0076,0.50176,0.16225667,USD,False
2026-08-16,2026-08-16T18:47:26Z,Application Gateway,westeurope,22,8,5,0.008,0.50176,0.14206727,USD,False
2026-08-16,2026-08-16T18:47:26Z,Application Gateway,westus2,18,7,5,0.008,0.448,0.13827222,USD,False
2026-08-16,2026-08-16T18:47:26Z,Azure App Service,australiaeast,124,20,67,0.016,80.0,3.33422719,USD,False
2026-08-16,2026-08-16T18:47:26Z,Azure App Service,brazilsouth,102,18,56,0.0158,80.0,2.96177998,USD,False
2026-08-16,2026-08-16T18:47:26Z,Azure App Service,eastus,113,16,62,0.017,80.0,3.05313451,USD,False
2026-08-16,2026-08-16T18:47:26Z,Azure App Service,eastus2,117,17,63,0.0,80.0,3.02458982,USD,False
2026-08-16,2026-08-16T18:47:26Z,Azure App Service,japaneast,128,21,68,0.0,80.0,3.31481827,USD,False
2026-08-16,2026-08-16T18:47:26Z,Azure App Service,northeurope,113,16,62,0.018,80.0,3.45700196,USD,False
2026-08-16,2026-08-16T18:47:26Z,Azure App Service,southeastasia,113,16,62,0.018,80.0,3.50719758,USD,False
2026-08-16,2026-08-16T18:47:26Z,Azure App Service,swedencentral,111,17,60,0.0,80.0,3.06190559,USD,False
2026-08-16,2026-08-16T18:47:26Z,Azure App Service,westeurope,117,17,63,0.0,80.0,3.48324291,USD,False
2026-08-16,2026-08-16T18:47:26Z,Azure App Service,westus2,117,17,63,0.0,80.0,3.01730191,USD,False
2026-08-16,2026-08-16T18:47:26Z,Azure Cosmos DB,australiaeast,106,14,81,0.0,32.553,2.54770911,USD,False
2026-08-16,2026-08-16T18:47:26Z,Azure Cosmos DB,brazilsouth,103,14,78,0.0,44.9,3.58415748,USD,False
2026-08-16,2026-08-16T18:47:26Z,Azure Cosmos DB,eastus,99,14,76,0.0,22.45,2.07406196,USD,False
2026-08-16,2026-08-16T18:47:26Z,Azure Cosmos DB,eastus2,99,14,76,0.0,22.45,2.07625388,USD,False
2026-08-16,2026-08-16T18:47:26Z,Azure Cosmos DB,japaneast,106,14,81,0.0,32.553,2.5569471,USD,False
2026-08-16,2026-08-16T18:47:26Z,Azure Cosmos DB,northeurope,106,14,81,0.0,26.94,2.21805191,USD,False
2026-08-16,2026-08-16T18:47:26Z,Azure Cosmos DB,southeastasia,106,14,81,0.0,29.185,2.30645925,USD,False
2026-08-16,2026-08-16T18:47:26Z,Azure Cosmos DB,swedencentral,97,14,73,0.0,29.185,2.587158,USD,False
2026-08-16,2026-08-16T18:47:26Z,Azure Cosmos DB,westeurope,106,14,81,0.0,29.185,2.39201482,USD,False
2026-08-16,2026-08-16T18:47:26Z,Azure Cosmos DB,westus2,99,14,76,0.0,22.45,2.04923503,USD,False
2026-08-16,2026-08-16T18:47:26Z,Azure Database for PostgreSQL,australiaeast,115,41,52,0.0,76.343,4.03472331,USD,False
2026-08-16,2026-08-16T18:47:26Z,Azure Database for PostgreSQL,brazilsouth,119,43,52,0.0,133.345,6.3454915,USD,False
2026-08-16,2026-08-16T18:47:26Z,Azure Database for PostgreSQL,eastus,118,43,52,0.0,63.619,3.20475014,USD,False
2026-08-16,2026-08-16T18:47:26Z,Azure Database for PostgreSQL,eastus2,119,44,52,0.0,63.619,3.18101695,USD,False
2026-08-16,2026-08-16T18:47:26Z,Azure Database for PostgreSQL,japaneast,118,43,52,0.0,76.343,3.93456459,USD,False
2026-08-16,2026-08-16T18:47:26Z,Azure Database for PostgreSQL,northeurope,120,45,52,0.0,71.253,3.52114508,USD,False
2026-08-16,2026-08-16T18:47:26Z,Azure Database for PostgreSQL,southeastasia,118,43,52,0.0,76.343,3.93179301,USD,False
2026-08-16,2026-08-16T18:47:26Z,Azure Database for PostgreSQL,swedencentral,112,41,51,0.0,65.4,3.4696243,USD,False
2026-08-16,2026-08-16T18:47:26Z,Azure Database for PostgreSQL,westeurope,122,47,52,0.0,77.615,3.76333552,USD,False
2026-08-16,2026-08-16T18:47:26Z,Azure Database for PostgreSQL,westus2,115,41,52,0.0,63.619,3.2869645,USD,False
2026-08-16,2026-08-16T18:47:26Z,Azure Kubernetes Service,australiaeast,8,1,1,0.010602,0.16,0.0385475,USD,False
2026-08-16,2026-08-16T18:47:26Z,Azure Kubernetes Service,brazilsouth,8,1,1,0.014624,0.16,0.045583,USD,False
2026-08-16,2026-08-16T18:47:26Z,Azure Kubernetes Service,eastus,9,2,2,0.007312,0.6,0.09581467,USD,False
2026-08-16,2026-08-16T18:47:26Z,Azure Kubernetes Service,eastus2,8,1,1,0.007312,0.16,0.0327915,USD,False
2026-08-16,2026-08-16T18:47:26Z,Azure Kubernetes Service,japaneast,8,1,1,0.010602,0.16,0.0385475,USD,False
2026-08-16,2026-08-16T18:47:26Z,Azure Kubernetes Service,northeurope,8,1,1,0.008774,0.16,0.0353495,USD,False
2026-08-16,2026-08-16T18:47:26Z,Azure Kubernetes Service,southeastasia,8,1,1,0.009506,0.16,0.036629,USD,False
2026-08-16,2026-08-16T18:47:26Z,Azure Kubernetes Service,swedencentral,8,1,1,0.009506,0.16,0.036629,USD,False
2026-08-16,2026-08-16T18:47:26Z,Azure Kubernetes Service,westeurope,8,1,1,0.010456,0.16,0.03829175,USD,False
2026-08-16,2026-08-16T18:47:26Z,Azure Kubernetes Service,westus2,8,1,1,0.007312,0.16,0.0327915,USD,False
2026-08-16,2026-08-16T18:47:26Z,Functions,australiaeast,9,2,3,0.0,0.182,0.02167433,USD,False
2026-08-16,2026-08-16T18:47:26Z,Functions,brazilsouth,9,2,3,0.0,0.183,0.02179656,USD,False
2026-08-16,2026-08-16T18:47:26Z,Functions,eastus,9,2,3,0.0,0.173,0.02059489,USD,False
2026-08-16,2026-08-16T18:47:26Z,Functions,eastus2,9,2,3,0.0,0.16,0.01905044,USD,False
2026-08-16,2026-08-16T18:47:26Z,Functions,japaneast,9,2,3,0.0,0.196,0.02333933,USD,False
2026-08-16,2026-08-16T18:47:26Z,Functions,northeurope,9,2,3,0.0,0.167,0.01988378,USD,False
2026-08-16,2026-08-16T18:47:26Z,Functions,southeastasia,9,2,3,0.0,0.178,0.02119656,USD,False
2026-08-16,2026-08-16T18:47:26Z,Functions,swedencentral,9,2,3,0.0,0.169,0.02012822,USD,False
2026-08-16,2026-08-16T18:47:26Z,Functions,westeurope,9,2,3,0.0,0.169,0.02012822,USD,False
2026-08-16,2026-08-16T18:47:26Z,Functions,westus2,9,2,3,0.0,0.16,0.01905044,USD,False
2026-08-16,2026-08-16T18:47:26Z,Load Balancer,australiaeast,0,0,0,,,,USD,False
2026-08-16,2026-08-16T18:47:26Z,Load Balancer,brazilsouth,0,0,0,,,,USD,False
2026-08-16,2026-08-16T18:47:26Z,Load Balancer,eastus,0,0,0,,,,USD,False
2026-08-16,2026-08-16T18:47:26Z,Load Balancer,eastus2,0,0,0,,,,USD,False
2026-08-16,2026-08-16T18:47:26Z,Load Balancer,japaneast,0,0,0,,,,USD,False
2026-08-16,2026-08-16T18:47:26Z,Load Balancer,northeurope,0,0,0,,,,USD,False
2026-08-16,2026-08-16T18:47:26Z,Load Balancer,southeastasia,0,0,0,,,,USD,False
2026-08-16,2026-08-16T18:47:26Z,Load Balancer,swedencentral,0,0,0,,,,USD,False
2026-08-16,2026-08-16T18:47:26Z,Load Balancer,westeurope,0,0,0,,,,USD,False
2026-08-16,2026-08-16T18:47:26Z,Load Balancer,westus2,0,0,0,,,,USD,False
2026-08-16,2026-08-16T18:47:26Z,SQL Database,australiaeast,154,37,77,0.0,571.408,22.78711522,USD,False
2026-08-16,2026-08-16T18:47:26Z,SQL Database,brazilsouth,109,35,71,0.0,627.26,31.3701431,USD,False
2026-08-16,2026-08-16T18:47:26Z,SQL Database,eastus,113,30,37,0.0,24.36,2.87434587,USD,False
2026-08-16,2026-08-16T18:47:26Z,SQL Database,eastus2,108,29,36,0.0,24.36,2.98343595,USD,False
2026-08-16,2026-08-16T18:47:26Z,SQL Database,japaneast,150,37,75,0.0,584.208,23.84588713,USD,False
2026-08-16,2026-08-16T18:47:26Z,SQL Database,northeurope,113,30,37,0.0,29.22,3.43563935,USD,False
2026-08-16,2026-08-16T18:47:26Z,SQL Database,southeastasia,111,29,37,0.0,31.66,3.77798125,USD,False
2026-08-16,2026-08-16T18:47:26Z,SQL Database,swedencentral,106,30,74,0.0,516.128,26.50978892,USD,False
2026-08-16,2026-08-16T18:47:26Z,SQL Database,westeurope,113,30,37,0.0,31.66,3.72220855,USD,False
2026-08-16,2026-08-16T18:47:26Z,SQL Database,westus2,111,29,37,0.0,24.36,2.91339714,USD,False
2026-08-16,2026-08-16T18:47:26Z,Storage,australiaeast,200,23,68,0.0,3342.34,23.89177272,USD,True
2026-08-16,2026-08-16T18:47:26Z,Storage,brazilsouth,200,27,62,0.0,4669.71,74.65290366,USD,True
2026-08-16,2026-08-16T18:47:26Z,Storage,eastus,200,28,70,0.0,3686.4,51.35685995,USD,False
2026-08-16,2026-08-16T18:47:26Z,Storage,eastus2,200,25,72,0.0,3686.4,24.146832,USD,False
2026-08-16,2026-08-16T18:47:26Z,Storage,japaneast,200,26,71,0.0,3109.035,41.43337182,USD,False
2026-08-16,2026-08-16T18:47:26Z,Storage,northeurope,200,26,69,0.0,3604.11,53.98662846,USD,False
2026-08-16,2026-08-16T18:47:26Z,Storage,southeastasia,200,28,79,0.0,3686.4,33.44616051,USD,False
2026-08-16,2026-08-16T18:47:26Z,Storage,swedencentral,200,26,76,0.0,3686.4,31.87963216,USD,True
2026-08-16,2026-08-16T18:47:26Z,Storage,westeurope,200,25,73,0.0,1982.17,32.12951834,USD,False
2026-08-16,2026-08-16T18:47:26Z,Storage,westus2,200,26,73,0.0,3686.4,34.08984903,USD,False
2026-08-16,2026-08-16T18:47:26Z,Virtual Machines,australiaeast,200,133,189,0.014026,41.918,2.8230689,USD,True
2026-08-16,2026-08-16T18:47:26Z,Virtual Machines,brazilsouth,200,136,191,0.00303,133.07446,5.01253949,USD,True
2026-08-16,2026-08-16T18:47:26Z,Virtual Machines,eastus,200,138,187,0.0,117.7788,3.7808078,USD,True
2026-08-16,2026-08-16T18:47:26Z,Virtual Machines,eastus2,200,141,184,0.0,116.052,4.37934673,USD,True
2026-08-16,2026-08-16T18:47:26Z,Virtual Machines,japaneast,200,129,198,0.00864,179.244241,4.59030583,USD,True
2026-08-16,2026-08-16T18:47:26Z,Virtual Machines,northeurope,200,137,184,0.00204,71.50672,2.45817863,USD,True
2026-08-16,2026-08-16T18:47:26Z,Virtual Machines,southeastasia,200,136,191,0.021067,213.0211,6.08845096,USD,True
2026-08-16,2026-08-16T18:47:26Z,Virtual Machines,swedencentral,200,123,190,0.011,196.6272,4.34583481,USD,True
2026-08-16,2026-08-16T18:47:26Z,Virtual Machines,westeurope,200,133,191,0.002,139.89936,5.88753348,USD,True
2026-08-16,2026-08-16T18:47:26Z,Virtual Machines,westus2,200,145,186,0.004,451.616,7.50804888,USD,True
2026-08-17,2026-08-17T18:57:58Z,Application Gateway,australiaeast,22,8,5,0.008,0.522,0.15022182,USD,False
2026-08-17,2026-08-17T18:57:58Z,Application Gateway,brazilsouth,18,7,5,0.008,0.72,0.20858,USD,False
2026-08-17,2026-08-17T18:57:58Z,Application Gateway,eastus,22,8,5,0.008,0.448,0.12017727,USD,False
2026-08-17,2026-08-17T18:57:58Z,Application Gateway,eastus2,22,8,5,0.008,0.448,0.12017727,USD,False
2026-08-17,2026-08-17T18:57:58Z,Application Gateway,japaneast,18,7,5,0.008,0.522,0.16874278,USD,False
2026-08-17,2026-08-17T18:57:58Z,Application Gateway,northeurope,22,8,5,0.008,0.50176,0.13672182,USD,False
2026-08-17,2026-08-17T18:57:58Z,Application Gateway,southeastasia,22,8,5,0.008,0.50176,0.14207636,USD,False
2026-08-17,2026-08-17T18:57:58Z,Application Gateway,swedencentral,18,7,5,0.0076,0.50176,0.16225667,USD,False
2026-08-17,2026-08-17T18:57:58Z,Application Gateway,westeurope,22,8,5,0.008,0.50176,0.14206727,USD,False
2026-08-17,2026-08-17T18:57:58Z,Application Gateway,westus2,18,7,5,0.008,0.448,0.13827222,USD,False
2026-08-17,2026-08-17T18:57:58Z,Azure App Service,australiaeast,124,20,67,0.016,80.0,3.33422719,USD,False
2026-08-17,2026-08-17T18:57:58Z,Azure App Service,brazilsouth,102,18,56,0.0158,80.0,2.96177998,USD,False
2026-08-17,2026-08-17T18:57:58Z,Azure App Service,eastus,113,16,62,0.017,80.0,3.05313451,USD,False
2026-08-17,2026-08-17T18:57:58Z,Azure App Service,eastus2,117,17,63,0.0,80.0,3.02458982,USD,False
2026-08-17,2026-08-17T18:57:58Z,Azure App Service,japaneast,128,21,68,0.0,80.0,3.31481827,USD,False
2026-08-17,2026-08-17T18:57:58Z,Azure App Service,northeurope,113,16,62,0.018,80.0,3.45700196,USD,False
2026-08-17,2026-08-17T18:57:58Z,Azure App Service,southeastasia,113,16,62,0.018,80.0,3.50719758,USD,False
2026-08-17,2026-08-17T18:57:58Z,Azure App Service,swedencentral,111,17,60,0.0,80.0,3.06190559,USD,False
2026-08-17,2026-08-17T18:57:58Z,Azure App Service,westeurope,117,17,63,0.0,80.0,3.48324291,USD,False
2026-08-17,2026-08-17T18:57:58Z,Azure App Service,westus2,117,17,63,0.0,80.0,3.01730191,USD,False
2026-08-17,2026-08-17T18:57:58Z,Azure Cosmos DB,australiaeast,106,14,81,0.0,32.553,2.54770911,USD,False
2026-08-17,2026-08-17T18:57:58Z,Azure Cosmos DB,brazilsouth,103,14,78,0.0,44.9,3.58415748,USD,False
2026-08-17,2026-08-17T18:57:58Z,Azure Cosmos DB,eastus,99,14,76,0.0,22.45,2.07406196,USD,False
2026-08-17,2026-08-17T18:57:58Z,Azure Cosmos DB,eastus2,99,14,76,0.0,22.45,2.07625388,USD,False
2026-08-17,2026-08-17T18:57:58Z,Azure Cosmos DB,japaneast,106,14,81,0.0,32.553,2.5569471,USD,False
2026-08-17,2026-08-17T18:57:58Z,Azure Cosmos DB,northeurope,106,14,81,0.0,26.94,2.21805191,USD,False
2026-08-17,2026-08-17T18:57:58Z,Azure Cosmos DB,southeastasia,106,14,81,0.0,29.185,2.30645925,USD,False
2026-08-17,2026-08-17T18:57:58Z,Azure Cosmos DB,swedencentral,97,14,73,0.0,29.185,2.587158,USD,False
2026-08-17,2026-08-17T18:57:58Z,Azure Cosmos DB,westeurope,106,14,81,0.0,29.185,2.39201482,USD,False
2026-08-17,2026-08-17T18:57:58Z,Azure Cosmos DB,westus2,99,14,76,0.0,22.45,2.04923503,USD,False
2026-08-17,2026-08-17T18:57:58Z,Azure Database for PostgreSQL,australiaeast,115,41,52,0.0,76.343,4.03472331,USD,False
2026-08-17,2026-08-17T18:57:58Z,Azure Database for PostgreSQL,brazilsouth,119,43,52,0.0,133.345,6.3454915,USD,False
2026-08-17,2026-08-17T18:57:58Z,Azure Database for PostgreSQL,eastus,118,43,52,0.0,63.619,3.20475014,USD,False
2026-08-17,2026-08-17T18:57:58Z,Azure Database for PostgreSQL,eastus2,119,44,52,0.0,63.619,3.18101695,USD,False
2026-08-17,2026-08-17T18:57:58Z,Azure Database for PostgreSQL,japaneast,118,43,52,0.0,76.343,3.93456459,USD,False
2026-08-17,2026-08-17T18:57:58Z,Azure Database for PostgreSQL,northeurope,120,45,52,0.0,71.253,3.52114508,USD,False
2026-08-17,2026-08-17T18:57:58Z,Azure Database for PostgreSQL,southeastasia,118,43,52,0.0,76.343,3.93179301,USD,False
2026-08-17,2026-08-17T18:57:58Z,Azure Database for PostgreSQL,swedencentral,112,41,51,0.0,65.4,3.4696243,USD,False
2026-08-17,2026-08-17T18:57:58Z,Azure Database for PostgreSQL,westeurope,122,47,52,0.0,77.615,3.76333552,USD,False
2026-08-17,2026-08-17T18:57:58Z,Azure Database for PostgreSQL,westus2,115,41,52,0.0,63.619,3.2869645,USD,False
2026-08-17,2026-08-17T18:57:58Z,Azure Kubernetes Service,australiaeast,8,1,1,0.010602,0.16,0.0385475,USD,False
2026-08-17,2026-08-17T18:57:58Z,Azure Kubernetes Service,brazilsouth,8,1,1,0.014624,0.16,0.045583,USD,False
2026-08-17,2026-08-17T18:57:58Z,Azure Kubernetes Service,eastus,9,2,2,0.007312,0.6,0.09581467,USD,False
2026-08-17,2026-08-17T18:57:58Z,Azure Kubernetes Service,eastus2,8,1,1,0.007312,0.16,0.0327915,USD,False
2026-08-17,2026-08-17T18:57:58Z,Azure Kubernetes Service,japaneast,8,1,1,0.010602,0.16,0.0385475,USD,False
2026-08-17,2026-08-17T18:57:58Z,Azure Kubernetes Service,northeurope,8,1,1,0.008774,0.16,0.0353495,USD,False
2026-08-17,2026-08-17T18:57:58Z,Azure Kubernetes Service,southeastasia,8,1,1,0.009506,0.16,0.036629,USD,False
2026-08-17,2026-08-17T18:57:58Z,Azure Kubernetes Service,swedencentral,8,1,1,0.009506,0.16,0.036629,USD,False
2026-08-17,2026-08-17T18:57:58Z,Azure Kubernetes Service,westeurope,8,1,1,0.010456,0.16,0.03829175,USD,False
2026-08-17,2026-08-17T18:57:58Z,Azure Kubernetes Service,westus2,8,1,1,0.007312,0.16,0.0327915,USD,False
2026-08-17,2026-08-17T18:57:58Z,Functions,australiaeast,9,2,3,0.0,0.182,0.02167433,USD,False
2026-08-17,2026-08-17T18:57:58Z,Functions,brazilsouth,9,2,3,0.0,0.183,0.02179656,USD,False
2026-08-17,2026-08-17T18:57:58Z,Functions,eastus,9,2,3,0.0,0.173,0.02059489,USD,False
2026-08-17,2026-08-17T18:57:58Z,Functions,eastus2,9,2,3,0.0,0.16,0.01905044,USD,False
2026-08-17,2026-08-17T18:57:58Z,Functions,japaneast,9,2,3,0.0,0.196,0.02333933,USD,False
2026-08-17,2026-08-17T18:57:58Z,Functions,northeurope,9,2,3,0.0,0.167,0.01988378,USD,False
2026-08-17,2026-08-17T18:57:58Z,Functions,southeastasia,9,2,3,0.0,0.178,0.02119656,USD,False
2026-08-17,2026-08-17T18:57:58Z,Functions,swedencentral,9,2,3,0.0,0.169,0.02012822,USD,False
2026-08-17,2026-08-17T18:57:58Z,Functions,westeurope,9,2,3,0.0,0.169,0.02012822,USD,False
2026-08-17,2026-08-17T18:57:58Z,Functions,westus2,9,2,3,0.0,0.16,0.01905044,USD,False
2026-08-17,2026-08-17T18:57:58Z,Load Balancer,australiaeast,0,0,0,,,,USD,False
2026-08-17,2026-08-17T18:57:58Z,Load Balancer,brazilsouth,0,0,0,,,,USD,False
2026-08-17,2026-08-17T18:57:58Z,Load Balancer,eastus,0,0,0,,,,USD,False
2026-08-17,2026-08-17T18:57:58Z,Load Balancer,eastus2,0,0,0,,,,USD,False
2026-08-17,2026-08-17T18:57:58Z,Load Balancer,japaneast,0,0,0,,,,USD,False
2026-08-17,2026-08-17T18:57:58Z,Load Balancer,northeurope,0,0,0,,,,USD,False
2026-08-17,2026-08-17T18:57:58Z,Load Balancer,southeastasia,0,0,0,,,,USD,False
2026-08-17,2026-08-17T18:57:58Z,Load Balancer,swedencentral,0,0,0,,,,USD,False
2026-08-17,2026-08-17T18:57:58Z,Load Balancer,westeurope,0,0,0,,,,USD,False
2026-08-17,2026-08-17T18:57:58Z,Load Balancer,westus2,0,0,0,,,,USD,False
2026-08-17,2026-08-17T18:57:58Z,SQL Database,australiaeast,154,37,77,0.0,571.408,22.78711522,USD,False
2026-08-17,2026-08-17T18:57:58Z,SQL Database,brazilsouth,109,35,71,0.0,627.26,31.3701431,USD,False
2026-08-17,2026-08-17T18:57:58Z,SQL Database,eastus,113,30,37,0.0,24.36,2.87434587,USD,False
2026-08-17,2026-08-17T18:57:58Z,SQL Database,eastus2,108,29,36,0.0,24.36,2.98343595,USD,False
2026-08-17,2026-08-17T18:57:58Z,SQL Database,japaneast,150,37,75,0.0,584.208,23.84588713,USD,False
2026-08-17,2026-08-17T18:57:58Z,SQL Database,northeurope,113,30,37,0.0,29.22,3.43563935,USD,False
2026-08-17,2026-08-17T18:57:58Z,SQL Database,southeastasia,111,29,37,0.0,31.66,3.77798125,USD,False
2026-08-17,2026-08-17T18:57:58Z,SQL Database,swedencentral,106,30,74,0.0,516.128,26.50978892,USD,False
2026-08-17,2026-08-17T18:57:58Z,SQL Database,westeurope,113,30,37,0.0,31.66,3.72220855,USD,False
2026-08-17,2026-08-17T18:57:58Z,SQL Database,westus2,111,29,37,0.0,24.36,2.91339714,USD,False
2026-08-17,2026-08-17T18:57:58Z,Storage,australiaeast,200,23,68,0.0,3342.34,23.89177272,USD,True
2026-08-17,2026-08-17T18:57:58Z,Storage,brazilsouth,200,27,62,0.0,4669.71,74.65290366,USD,True
2026-08-17,2026-08-17T18:57:58Z,Storage,eastus,200,28,70,0.0,3686.4,51.35685995,USD,False
2026-08-17,2026-08-17T18:57:58Z,Storage,eastus2,200,25,72,0.0,3686.4,24.146832,USD,False
2026-08-17,2026-08-17T18:57:58Z,Storage,japaneast,200,26,71,0.0,3109.035,41.43337182,USD,False
2026-08-17,2026-08-17T18:57:58Z,Storage,northeurope,200,26,69,0.0,3604.11,53.98662846,USD,False
2026-08-17,2026-08-17T18:57:58Z,Storage,southeastasia,200,28,79,0.0,3686.4,33.44616051,USD,False
2026-08-17,2026-08-17T18:57:58Z,Storage,swedencentral,200,26,76,0.0,3686.4,31.87963216,USD,True
2026-08-17,2026-08-17T18:57:58Z,Storage,westeurope,200,25,73,0.0,1982.17,32.12951834,USD,False
2026-08-17,2026-08-17T18:57:58Z,Storage,westus2,200,26,73,0.0,3686.4,34.08984903,USD,False
2026-08-17,2026-08-17T18:57:58Z,Virtual Machines,australiaeast,200,133,189,0.014026,41.918,2.8230689,USD,True
2026-08-17,2026-08-17T18:57:58Z,Virtual Machines,brazilsouth,200,136,191,0.00303,133.07446,5.01253949,USD,True
2026-08-17,2026-08-17T18:57:58Z,Virtual Machines,eastus,200,138,187,0.0,117.7788,3.7808078,USD,True
2026-08-17,2026-08-17T18:57:58Z,Virtual Machines,eastus2,200,141,184,0.0,116.052,4.37934673,USD,True
2026-08-17,2026-08-17T18:57:58Z,Virtual Machines,japaneast,200,129,198,0.00864,179.244241,4.59030583,USD,True
2026-08-17,2026-08-17T18:57:58Z,Virtual Machines,northeurope,200,137,184,0.00204,71.50672,2.45817863,USD,True
2026-08-17,2026-08-17T18:57:58Z,Virtual Machines,southeastasia,200,136,191,0.021067,213.0211,6.08845096,USD,True
2026-08-17,2026-08-17T18:57:58Z,Virtual Machines,swedencentral,200,123,190,0.011,196.6272,4.34583481,USD,True
2026-08-17,2026-08-17T18:57:58Z,Virtual Machines,westeurope,200,133,191,0.002,139.89936,5.88753348,USD,True
2026-08-17,2026-08-17T18:57:58Z,Virtual Machines,westus2,200,145,186,0.004,451.616,7.50804888,USD,True
2026-08-18,2026-08-18T07:04:57Z,Application Gateway,australiaeast,22,8,5,0.008,0.522,0.15022182,USD,False
2026-08-18,2026-08-18T07:04:57Z,Application Gateway,brazilsouth,18,7,5,0.008,0.72,0.20858,USD,False
2026-08-18,2026-08-18T07:04:57Z,Application Gateway,eastus,22,8,5,0.008,0.448,0.12017727,USD,False
2026-08-18,2026-08-18T07:04:57Z,Application Gateway,eastus2,22,8,5,0.008,0.448,0.12017727,USD,False
2026-08-18,2026-08-18T07:04:57Z,Application Gateway,japaneast,18,7,5,0.008,0.522,0.16874278,USD,False
2026-08-18,2026-08-18T07:04:57Z,Application Gateway,northeurope,22,8,5,0.008,0.50176,0.13672182,USD,False
2026-08-18,2026-08-18T07:04:57Z,Application Gateway,southeastasia,22,8,5,0.008,0.50176,0.14207636,USD,False
2026-08-18,2026-08-18T07:04:57Z,Application Gateway,swedencentral,18,7,5,0.0076,0.50176,0.16225667,USD,False
2026-08-18,2026-08-18T07:04:57Z,Application Gateway,westeurope,22,8,5,0.008,0.50176,0.14206727,USD,False
2026-08-18,2026-08-18T07:04:57Z,Application Gateway,westus2,18,7,5,0.008,0.448,0.13827222,USD,False
2026-08-18,2026-08-18T07:04:57Z,Azure App Service,australiaeast,124,20,67,0.016,80.0,3.33422719,USD,False
2026-08-18,2026-08-18T07:04:57Z,Azure App Service,brazilsouth,102,18,56,0.0158,80.0,2.96177998,USD,False
2026-08-18,2026-08-18T07:04:57Z,Azure App Service,eastus,113,16,62,0.017,80.0,3.05313451,USD,False
2026-08-18,2026-08-18T07:04:57Z,Azure App Service,eastus2,117,17,63,0.0,80.0,3.02458982,USD,False
2026-08-18,2026-08-18T07:04:57Z,Azure App Service,japaneast,128,21,68,0.0,80.0,3.31481827,USD,False
2026-08-18,2026-08-18T07:04:57Z,Azure App Service,northeurope,113,16,62,0.018,80.0,3.45700196,USD,False
2026-08-18,2026-08-18T07:04:57Z,Azure App Service,southeastasia,113,16,62,0.018,80.0,3.50719758,USD,False
2026-08-18,2026-08-18T07:04:57Z,Azure App Service,swedencentral,111,17,60,0.0,80.0,3.06190559,USD,False
2026-08-18,2026-08-18T07:04:57Z,Azure App Service,westeurope,117,17,63,0.0,80.0,3.48324291,USD,False
2026-08-18,2026-08-18T07:04:57Z,Azure App Service,westus2,117,17,63,0.0,80.0,3.01730191,USD,False
2026-08-18,2026-08-18T07:04:57Z,Azure Cosmos DB,australiaeast,106,14,81,0.0,32.553,2.54770911,USD,False
2026-08-18,2026-08-18T07:04:57Z,Azure Cosmos DB,brazilsouth,103,14,78,0.0,44.9,3.58415748,USD,False
2026-08-18,2026-08-18T07:04:57Z,Azure Cosmos DB,eastus,99,14,76,0.0,22.45,2.07406196,USD,False
2026-08-18,2026-08-18T07:04:57Z,Azure Cosmos DB,eastus2,99,14,76,0.0,22.45,2.07625388,USD,False
2026-08-18,2026-08-18T07:04:57Z,Azure Cosmos DB,japaneast,106,14,81,0.0,32.553,2.5569471,USD,False
2026-08-18,2026-08-18T07:04:57Z,Azure Cosmos DB,northeurope,106,14,81,0.0,26.94,2.21805191,USD,False
2026-08-18,2026-08-18T07:04:57Z,Azure Cosmos DB,southeastasia,106,14,81,0.0,29.185,2.30645925,USD,False
2026-08-18,2026-08-18T07:04:57Z,Azure Cosmos DB,swedencentral,97,14,73,0.0,29.185,2.587158,USD,False
2026-08-18,2026-08-18T07:04:57Z,Azure Cosmos DB,westeurope,106,14,81,0.0,29.185,2.39201482,USD,False
2026-08-18,2026-08-18T07:04:57Z,Azure Cosmos DB,westus2,99,14,76,0.0,22.45,2.04923503,USD,False
2026-08-18,2026-08-18T07:04:57Z,Azure Database for PostgreSQL,australiaeast,115,41,52,0.0,76.343,4.03472331,USD,False
2026-08-18,2026-08-18T07:04:57Z,Azure Database for PostgreSQL,brazilsouth,119,43,52,0.0,133.345,6.3454915,USD,False
2026-08-18,2026-08-18T07:04:57Z,Azure Database for PostgreSQL,eastus,118,43,52,0.0,63.619,3.20475014,USD,False
2026-08-18,2026-08-18T07:04:57Z,Azure Database for PostgreSQL,eastus2,119,44,52,0.0,63.619,3.18101695,USD,False
2026-08-18,2026-08-18T07:04:57Z,Azure Database for PostgreSQL,japaneast,118,43,52,0.0,76.343,3.93456459,USD,False
2026-08-18,2026-08-18T07:04:57Z,Azure Database for PostgreSQL,northeurope,120,45,52,0.0,71.253,3.52114508,USD,False
2026-08-18,2026-08-18T07:04:57Z,Azure Database for PostgreSQL,southeastasia,118,43,52,0.0,76.343,3.93179301,USD,False
2026-08-18,2026-08-18T07:04:57Z,Azure Database for PostgreSQL,swedencentral,112,41,51,0.0,65.4,3.4696243,USD,False
2026-08-18,2026-08-18T07:04:57Z,Azure Database for PostgreSQL,westeurope,122,47,52,0.0,77.615,3.76333552,USD,False
2026-08-18,2026-08-18T07:04:57Z,Azure Database for PostgreSQL,westus2,115,41,52,0.0,63.619,3.2869645,USD,False
2026-08-18,2026-08-18T07:04:57Z,Azure Kubernetes Service,australiaeast,8,1,1,0.010602,0.16,0.0385475,USD,False
2026-08-18,2026-08-18T07:04:57Z,Azure Kubernetes Service,brazilsouth,8,1,1,0.014624,0.16,0.045583,USD,False
2026-08-18,2026-08-18T07:04:57Z,Azure Kubernetes Service,eastus,9,2,2,0.007312,0.6,0.09581467,USD,False
2026-08-18,2026-08-18T07:04:57Z,Azure Kubernetes Service,eastus2,8,1,1,0.007312,0.16,0.0327915,USD,False
2026-08-18,2026-08-18T07:04:57Z,Azure Kubernetes Service,japaneast,8,1,1,0.010602,0.16,0.0385475,USD,False
2026-08-18,2026-08-18T07:04:57Z,Azure Kubernetes Service,northeurope,8,1,1,0.008774,0.16,0.0353495,USD,False
2026-08-18,2026-08-18T07:04:57Z,Azure Kubernetes Service,southeastasia,8,1,1,0.009506,0.16,0.036629,USD,False
2026-08-18,2026-08-18T07:04:57Z,Azure Kubernetes Service,swedencentral,8,1,1,0.009506,0.16,0.036629,USD,False
2026-08-18,2026-08-18T07:04:57Z,Azure Kubernetes Service,westeurope,8,1,1,0.010456,0.16,0.03829175,USD,False
2026-08-18,2026-08-18T07:04:57Z,Azure Kubernetes Service,westus2,8,1,1,0.007312,0.16,0.0327915,USD,False
2026-08-18,2026-08-18T07:04:57Z,Functions,australiaeast,9,2,3,0.0,0.182,0.02167433,USD,False
2026-08-18,2026-08-18T07:04:57Z,Functions,brazilsouth,9,2,3,0.0,0.183,0.02179656,USD,False
2026-08-18,2026-08-18T07:04:57Z,Functions,eastus,9,2,3,0.0,0.173,0.02059489,USD,False
2026-08-18,2026-08-18T07:04:57Z,Functions,eastus2,9,2,3,0.0,0.16,0.01905044,USD,False
2026-08-18,2026-08-18T07:04:57Z,Functions,japaneast,9,2,3,0.0,0.196,0.02333933,USD,False
2026-08-18,2026-08-18T07:04:57Z,Functions,northeurope,9,2,3,0.0,0.167,0.01988378,USD,False
2026-08-18,2026-08-18T07:04:57Z,Functions,southeastasia,9,2,3,0.0,0.178,0.02119656,USD,False
2026-08-18,2026-08-18T07:04:57Z,Functions,swedencentral,9,2,3,0.0,0.169,0.02012822,USD,False
2026-08-18,2026-08-18T07:04:57Z,Functions,westeurope,9,2,3,0.0,0.169,0.02012822,USD,False
2026-08-18,2026-08-18T07:04:57Z,Functions,westus2,9,2,3,0.0,0.16,0.01905044,USD,False
2026-08-18,2026-08-18T07:04:57Z,Load Balancer,australiaeast,0,0,0,,,,USD,False
2026-08-18,2026-08-18T07:04:57Z,Load Balancer,brazilsouth,0,0,0,,,,USD,False
2026-08-18,2026-08-18T07:04:57Z,Load Balancer,eastus,0,0,0,,,,USD,False
2026-08-18,2026-08-18T07:04:57Z,Load Balancer,eastus2,0,0,0,,,,USD,False
2026-08-18,2026-08-18T07:04:57Z,Load Balancer,japaneast,0,0,0,,,,USD,False
2026-08-18,2026-08-18T07:04:57Z,Load Balancer,northeurope,0,0,0,,,,USD,False
2026-08-18,2026-08-18T07:04:57Z,Load Balancer,southeastasia,0,0,0,,,,USD,False
2026-08-18,2026-08-18T07:04:57Z,Load Balancer,swedencentral,0,0,0,,,,USD,False
2026-08-18,2026-08-18T07:04:57Z,Load Balancer,westeurope,0,0,0,,,,USD,False
2026-08-18,2026-08-18T07:04:57Z,Load Balancer,westus2,0,0,0,,,,USD,False
2026-08-18,2026-08-18T07:04:57Z,SQL Database,australiaeast,154,37,77,0.0,571.408,22.78711522,USD,False
2026-08-18,2026-08-18T07:04:57Z,SQL Database,brazilsouth,109,35,71,0.0,627.26,31.3701431,USD,False
2026-08-18,2026-08-18T07:04:57Z,SQL Database,eastus,113,30,37,0.0,24.36,2.87434587,USD,False
2026-08-18,2026-08-18T07:04:57Z,SQL Database,eastus2,108,29,36,0.0,24.36,2.98343595,USD,False
2026-08-18,2026-08-18T07:04:57Z,SQL Database,japaneast,150,37,75,0.0,584.208,23.84588713,USD,False
2026-08-18,2026-08-18T07:04:57Z,SQL Database,northeurope,113,30,37,0.0,29.22,3.43563935,USD,False
2026-08-18,2026-08-18T07:04:57Z,SQL Database,southeastasia,111,29,37,0.0,31.66,3.77798125,USD,False
2026-08-18,2026-08-18T07:04:57Z,SQL Database,swedencentral,106,30,74,0.0,516.128,26.50978892,USD,False
2026-08-18,2026-08-18T07:04:57Z,SQL Database,westeurope,113,30,37,0.0,31.66,3.72220855,USD,False
2026-08-18,2026-08-18T07:04:57Z,SQL Database,westus2,111,29,37,0.0,24.36,2.91339714,USD,False
2026-08-18,2026-08-18T07:04:57Z,Storage,australiaeast,200,23,68,0.0,3342.34,23.89177272,USD,True
2026-08-18,2026-08-18T07:04:57Z,Storage,brazilsouth,200,27,62,0.0,4669.71,74.65290366,USD,True
2026-08-18,2026-08-18T07:04:57Z,Storage,eastus,200,28,70,0.0,3686.4,51.35685995,USD,False
2026-08-18,2026-08-18T07:04:57Z,Storage,eastus2,200,25,72,0.0,3686.4,24.146832,USD,False
2026-08-18,2026-08-18T07:04:57Z,Storage,japaneast,200,26,71,0.0,3109.035,41.43337182,USD,False
2026-08-18,2026-08-18T07:04:57Z,Storage,northeurope,200,26,69,0.0,3604.11,53.98662846,USD,False
2026-08-18,2026-08-18T07:04:57Z,Storage,southeastasia,200,28,79,0.0,3686.4,33.44616051,USD,False
2026-08-18,2026-08-18T07:04:57Z,Storage,swedencentral,200,26,76,0.0,3686.4,31.87963216,USD,True
2026-08-18,2026-08-18T07:04:57Z,Storage,westeurope,200,25,73,0.0,1982.17,32.12951834,USD,False
2026-08-18,2026-08-18T07:04:57Z,Storage,westus2,200,26,73,0.0,3686.4,34.08984903,USD,False
2026-08-18,2026-08-18T07:04:57Z,Virtual Machines,australiaeast,200,133,189,0.014026,41.918,2.8230689,USD,True
2026-08-18,2026-08-18T07:04:57Z,Virtual Machines,brazilsouth,200,136,191,0.00303,133.07446,5.01253949,USD,True
2026-08-18,2026-08-18T07:04:57Z,Virtual Machines,eastus,200,138,187,0.0,117.7788,3.7808078,USD,True
2026-08-18,2026-08-18T07:04:57Z,Virtual Machines,eastus2,200,141,184,0.0,116.052,4.37934673,USD,True
2026-08-18,2026-08-18T07:04:57Z,Virtual Machines,japaneast,200,129,198,0.00864,179.244241,4.59030583,USD,True
2026-08-18,2026-08-18T07:04:57Z,Virtual Machines,northeurope,200,137,184,0.00204,71.50672,2.45817863,USD,True
2026-08-18,2026-08-18T07:04:57Z,Virtual Machines,southeastasia,200,136,191,0.021067,213.0211,6.08845096,USD,True
2026-08-18,2026-08-18T07:04:57Z,Virtual Machines,swedencentral,200,123,190,0.011,196.6272,4.34583481,USD,True
2026-08-18,2026-08-18T07:04:57Z,Virtual Machines,westeurope,200,133,191,0.002,139.89936,5.88753348,USD,True
2026-08-18,2026-08-18T07:04:57Z,Virtual Machines,westus2,200,145,186,0.004,451.616,7.50804888,USD,True
2026-08-20,2026-08-20T18:59:51Z,Application Gateway,australiaeast,22,8,5,0.008,0.522,0.15022182,USD,False
2026-08-20,2026-08-20T18:59:51Z,Application Gateway,brazilsouth,18,7,5,0.008,0.72,0.20858,USD,False
2026-08-20,2026-08-20T18:59:51Z,Application Gateway,eastus,22,8,5,0.008,0.448,0.12017727,USD,False
2026-08-20,2026-08-20T18:59:51Z,Application Gateway,eastus2,22,8,5,0.008,0.448,0.12017727,USD,False
2026-08-20,2026-08-20T18:59:51Z,Application Gateway,japaneast,18,7,5,0.008,0.522,0.16874278,USD,False
2026-08-20,2026-08-20T18:59:51Z,Application Gateway,northeurope,22,8,5,0.008,0.50176,0.13672182,USD,False
2026-08-20,2026-08-20T18:59:51Z,Application Gateway,southeastasia,22,8,5,0.008,0.50176,0.14207636,USD,False
2026-08-20,2026-08-20T18:59:51Z,Application Gateway,swedencentral,18,7,5,0.0076,0.50176,0.16225667,USD,False
2026-08-20,2026-08-20T18:59:51Z,Application Gateway,westeurope,22,8,5,0.008,0.50176,0.14206727,USD,False
2026-08-20,2026-08-20T18:59:51Z,Application Gateway,westus2,18,7,5,0.008,0.448,0.13827222,USD,False
2026-08-20,2026-08-20T18:59:51Z,Azure App Service,australiaeast,124,20,67,0.016,80.0,3.33422719,USD,False
2026-08-20,2026-08-20T18:59:51Z,Azure App Service,brazilsouth,102,18,56,0.0158,80.0,2.96177998,USD,False
2026-08-20,2026-08-20T18:59:51Z,Azure App Service,eastus,113,16,62,0.017,80.0,3.05313451,USD,False
2026-08-20,2026-08-20T18:59:51Z,Azure App Service,eastus2,117,17,63,0.0,80.0,3.02458982,USD,False
2026-08-20,2026-08-20T18:59:51Z,Azure App Service,japaneast,128,21,68,0.0,80.0,3.31481827,USD,False
2026-08-20,2026-08-20T18:59:51Z,Azure App Service,northeurope,113,16,62,0.018,80.0,3.45700196,USD,False
2026-08-20,2026-08-20T18:59:51Z,Azure App Service,southeastasia,113,16,62,0.018,80.0,3.50719758,USD,False
2026-08-20,2026-08-20T18:59:51Z,Azure App Service,swedencentral,111,17,60,0.0,80.0,3.06190559,USD,False
2026-08-20,2026-08-20T18:59:51Z,Azure App Service,westeurope,117,17,63,0.0,80.0,3.48324291,USD,False
2026-08-20,2026-08-20T18:59:51Z,Azure App Service,westus2,117,17,63,0.0,80.0,3.01730191,USD,False
2026-08-20,2026-08-20T18:59:51Z,Azure Cosmos DB,australiaeast,107,15,82,0.0,32.553,2.52593146,USD,False
2026-08-20,2026-08-20T18:59:51Z,Azure Cosmos DB,brazilsouth,104,15,79,0.0,44.9,3.55257904,USD,False
2026-08-20,2026-08-20T18:59:51Z,Azure Cosmos DB,eastus,99,14,76,0.0,22.45,2.07406196,USD,False
2026-08-20,2026-08-20T18:59:51Z,Azure Cosmos DB,eastus2,99,14,76,0.0,22.45,2.07625388,USD,False
2026-08-20,2026-08-20T18:59:51Z,Azure Cosmos DB,japaneast,107,15,82,0.0,32.553,2.53508311,USD,False
2026-08-20,2026-08-20T18:59:51Z,Azure Cosmos DB,northeurope,107,15,82,0.0,26.94,2.19932712,USD,False
2026-08-20,2026-08-20T18:59:51Z,Azure Cosmos DB,southeastasia,107,15,82,0.0,29.185,2.28686618,USD,False
2026-08-20,2026-08-20T18:59:51Z,Azure Cosmos DB,swedencentral,98,15,74,0.0,29.185,2.56274822,USD,False
2026-08-20,2026-08-20T18:59:51Z,Azure Cosmos DB,westeurope,107,15,82,0.0,29.185,2.37166421,USD,False
2026-08-20,2026-08-20T18:59:51Z,Azure Cosmos DB,westus2,99,14,76,0.0,22.45,2.04923503,USD,False
2026-08-20,2026-08-20T18:59:51Z,Azure Database for PostgreSQL,australiaeast,111,41,52,0.0,76.343,4.18510888,USD,False
2026-08-20,2026-08-20T18:59:51Z,Azure Database for PostgreSQL,brazilsouth,115,43,52,0.0,133.345,6.57288077,USD,False
2026-08-20,2026-08-20T18:59:51Z,Azure Database for PostgreSQL,eastus,114,43,52,0.0,63.619,3.3205212,USD,False
2026-08-20,2026-08-20T18:59:51Z,Azure Database for PostgreSQL,eastus2,115,44,52,0.0,63.619,3.2949558,USD,False
2026-08-20,2026-08-20T18:59:51Z,Azure Database for PostgreSQL,japaneast,114,43,52,0.0,76.343,4.07747831,USD,False
2026-08-20,2026-08-20T18:59:51Z,Azure Database for PostgreSQL,northeurope,116,45,52,0.0,71.253,3.64768923,USD,False
2026-08-20,2026-08-20T18:59:51Z,Azure Database for PostgreSQL,southeastasia,114,43,52,0.0,76.343,4.07462355,USD,False
2026-08-20,2026-08-20T18:59:51Z,Azure Database for PostgreSQL,swedencentral,108,41,51,0.0,65.4,3.60271752,USD,False
2026-08-20,2026-08-20T18:59:51Z,Azure Database for PostgreSQL,westeurope,118,47,52,0.0,77.615,3.89576631,USD,False
2026-08-20,2026-08-20T18:59:51Z,Azure Database for PostgreSQL,westus2,111,41,52,0.0,63.619,3.40882718,USD,False
2026-08-20,2026-08-20T18:59:51Z,Azure Kubernetes Service,australiaeast,8,1,1,0.010602,0.16,0.0385475,USD,False
2026-08-20,2026-08-20T18:59:51Z,Azure Kubernetes Service,brazilsouth,8,1,1,0.014624,0.16,0.045583,USD,False
2026-08-20,2026-08-20T18:59:51Z,Azure Kubernetes Service,eastus,9,2,2,0.007312,0.6,0.09581467,USD,False
2026-08-20,2026-08-20T18:59:51Z,Azure Kubernetes Service,eastus2,8,1,1,0.007312,0.16,0.0327915,USD,False
2026-08-20,2026-08-20T18:59:51Z,Azure Kubernetes Service,japaneast,8,1,1,0.010602,0.16,0.0385475,USD,False
2026-08-20,2026-08-20T18:59:51Z,Azure Kubernetes Service,northeurope,8,1,1,0.008774,0.16,0.0353495,USD,False
2026-08-20,2026-08-20T18:59:51Z,Azure Kubernetes Service,southeastasia,8,1,1,0.009506,0.16,0.036629,USD,False
2026-08-20,2026-08-20T18:59:51Z,Azure Kubernetes Service,swedencentral,8,1,1,0.009506,0.16,0.036629,USD,False
2026-08-20,2026-08-20T18:59:51Z,Azure Kubernetes Service,westeurope,8,1,1,0.010456,0.16,0.03829175,USD,False
2026-08-20,2026-08-20T18:59:51Z,Azure Kubernetes Service,westus2,8,1,1,0.007312,0.16,0.0327915,USD,False
2026-08-20,2026-08-20T18:59:51Z,Functions,australiaeast,9,2,3,0.0,0.182,0.02167433,USD,False
2026-08-20,2026-08-20T18:59:51Z,Functions,brazilsouth,9,2,3,0.0,0.183,0.02179656,USD,False
2026-08-20,2026-08-20T18:59:51Z,Functions,eastus,9,2,3,0.0,0.173,0.02059489,USD,False
2026-08-20,2026-08-20T18:59:51Z,Functions,eastus2,9,2,3,0.0,0.16,0.01905044,USD,False
2026-08-20,2026-08-20T18:59:51Z,Functions,japaneast,9,2,3,0.0,0.196,0.02333933,USD,False
2026-08-20,2026-08-20T18:59:51Z,Functions,northeurope,9,2,3,0.0,0.167,0.01988378,USD,False
2026-08-20,2026-08-20T18:59:51Z,Functions,southeastasia,9,2,3,0.0,0.178,0.02119656,USD,False
2026-08-20,2026-08-20T18:59:51Z,Functions,swedencentral,9,2,3,0.0,0.169,0.02012822,USD,False
2026-08-20,2026-08-20T18:59:51Z,Functions,westeurope,9,2,3,0.0,0.169,0.02012822,USD,False
2026-08-20,2026-08-20T18:59:51Z,Functions,westus2,9,2,3,0.0,0.16,0.01905044,USD,False
2026-08-20,2026-08-20T18:59:51Z,Load Balancer,australiaeast,0,0,0,,,,USD,False
2026-08-20,2026-08-20T18:59:51Z,Load Balancer,brazilsouth,0,0,0,,,,USD,False
2026-08-20,2026-08-20T18:59:51Z,Load Balancer,eastus,0,0,0,,,,USD,False
2026-08-20,2026-08-20T18:59:51Z,Load Balancer,eastus2,0,0,0,,,,USD,False
2026-08-20,2026-08-20T18:59:51Z,Load Balancer,japaneast,0,0,0,,,,USD,False
2026-08-20,2026-08-20T18:59:51Z,Load Balancer,northeurope,0,0,0,,,,USD,False
2026-08-20,2026-08-20T18:59:51Z,Load Balancer,southeastasia,0,0,0,,,,USD,False
2026-08-20,2026-08-20T18:59:51Z,Load Balancer,swedencentral,0,0,0,,,,USD,False
2026-08-20,2026-08-20T18:59:51Z,Load Balancer,westeurope,0,0,0,,,,USD,False
2026-08-20,2026-08-20T18:59:51Z,Load Balancer,westus2,0,0,0,,,,USD,False
2026-08-20,2026-08-20T18:59:51Z,SQL Database,australiaeast,154,37,77,0.0,571.408,22.78711522,USD,False
2026-08-20,2026-08-20T18:59:51Z,SQL Database,brazilsouth,109,35,71,0.0,627.26,31.3701431,USD,False
2026-08-20,2026-08-20T18:59:51Z,SQL Database,eastus,113,30,37,0.0,24.36,2.87434587,USD,False
2026-08-20,2026-08-20T18:59:51Z,SQL Database,eastus2,108,29,36,0.0,24.36,2.98343595,USD,False
2026-08-20,2026-08-20T18:59:51Z,SQL Database,japaneast,150,37,75,0.0,584.208,23.84588713,USD,False
2026-08-20,2026-08-20T18:59:51Z,SQL Database,northeurope,113,30,37,0.0,29.22,3.43563935,USD,False
2026-08-20,2026-08-20T18:59:51Z,SQL Database,southeastasia,111,29,37,0.0,31.66,3.77798125,USD,False
2026-08-20,2026-08-20T18:59:51Z,SQL Database,swedencentral,106,30,74,0.0,516.128,26.50978892,USD,False
2026-08-20,2026-08-20T18:59:51Z,SQL Database,westeurope,113,30,37,0.0,31.66,3.72220855,USD,False
2026-08-20,2026-08-20T18:59:51Z,SQL Database,westus2,111,29,37,0.0,24.36,2.91339714,USD,False
2026-08-20,2026-08-20T18:59:51Z,Storage,australiaeast,200,23,68,0.0,3342.34,23.89177272,USD,True
2026-08-20,2026-08-20T18:59:51Z,Storage,brazilsouth,200,27,62,0.0,4669.71,74.65290366,USD,True
2026-08-20,2026-08-20T18:59:51Z,Storage,eastus,200,28,70,0.0,3686.4,51.35685995,USD,False
2026-08-20,2026-08-20T18:59:51Z,Storage,eastus2,200,25,72,0.0,3686.4,24.146832,USD,False
2026-08-20,2026-08-20T18:59:51Z,Storage,japaneast,200,26,71,0.0,3109.035,41.43337182,USD,False
2026-08-20,2026-08-20T18:59:51Z,Storage,northeurope,200,26,69,0.0,3604.11,53.98662846,USD,False
2026-08-20,2026-08-20T18:59:51Z,Storage,southeastasia,200,28,79,0.0,3686.4,33.44616051,USD,False
2026-08-20,2026-08-20T18:59:51Z,Storage,swedencentral,200,26,76,0.0,3686.4,31.87963216,USD,True
2026-08-20,2026-08-20T18:59:51Z,Storage,westeurope,200,25,73,0.0,1982.17,32.12951834,USD,False
2026-08-20,2026-08-20T18:59:51Z,Storage,westus2,200,26,73,0.0,3686.4,34.08984903,USD,False
2026-08-20,2026-08-20T18:59:51Z,Virtual Machines,australiaeast,200,135,193,0.014026,41.918,2.82755354,USD,True
2026-08-20,2026-08-20T18:59:51Z,Virtual Machines,brazilsouth,200,139,196,0.00303,133.07446,4.95829367,USD,True
2026-08-20,2026-08-20T18:59:51Z,Virtual Machines,eastus,200,143,198,0.0,117.7788,3.84629311,USD,True
2026-08-20,2026-08-20T18:59:51Z,Virtual Machines,eastus2,200,148,200,0.00846,116.052,4.38622156,USD,True
2026-08-20,2026-08-20T18:59:51Z,Virtual Machines,japaneast,200,129,198,0.00864,179.244241,4.59030583,USD,True
2026-08-20,2026-08-20T18:59:51Z,Virtual Machines,northeurope,200,150,200,0.00204,71.50672,2.80828054,USD,True
2026-08-20,2026-08-20T18:59:51Z,Virtual Machines,southeastasia,200,141,198,0.021067,213.0211,6.19225863,USD,True
2026-08-20,2026-08-20T18:59:51Z,Virtual Machines,swedencentral,200,127,198,0.011,196.6272,4.39442905,USD,True
2026-08-20,2026-08-20T18:59:51Z,Virtual Machines,westeurope,200,137,199,0.00216,139.89936,6.05897936,USD,True
2026-08-20,2026-08-20T18:59:51Z,Virtual Machines,westus2,200,152,196,0.004,451.616,7.56344765,USD,True
2026-08-21,2026-08-21T18:56:45Z,Application Gateway,australiaeast,22,8,5,0.008,0.522,0.15022182,USD,False
2026-08-21,2026-08-21T18:56:45Z,Application Gateway,brazilsouth,18,7,5,0.008,0.72,0.20858,USD,False
2026-08-21,2026-08-21T18:56:45Z,Application Gateway,eastus,22,8,5,0.008,0.448,0.12017727,USD,False
2026-08-21,2026-08-21T18:56:45Z,Application Gateway,eastus2,22,8,5,0.008,0.448,0.12017727,USD,False
2026-08-21,2026-08-21T18:56:45Z,Application Gateway,japaneast,18,7,5,0.008,0.522,0.16874278,USD,False
2026-08-21,2026-08-21T18:56:45Z,Application Gateway,northeurope,22,8,5,0.008,0.50176,0.13672182,USD,False
2026-08-21,2026-08-21T18:56:45Z,Application Gateway,southeastasia,22,8,5,0.008,0.50176,0.14207636,USD,False
2026-08-21,2026-08-21T18:56:45Z,Application Gateway,swedencentral,18,7,5,0.0076,0.50176,0.16225667,USD,False
2026-08-21,2026-08-21T18:56:45Z,Application Gateway,westeurope,22,8,5,0.008,0.50176,0.14206727,USD,False
2026-08-21,2026-08-21T18:56:45Z,Application Gateway,westus2,18,7,5,0.008,0.448,0.13827222,USD,False
2026-08-21,2026-08-21T18:56:45Z,Azure App Service,australiaeast,124,20,67,0.016,80.0,3.33422719,USD,False
2026-08-21,2026-08-21T18:56:45Z,Azure App Service,brazilsouth,102,18,56,0.0158,80.0,2.96177998,USD,False
2026-08-21,2026-08-21T18:56:45Z,Azure App Service,eastus,113,16,62,0.017,80.0,3.05313451,USD,False
2026-08-21,2026-08-21T18:56:45Z,Azure App Service,eastus2,117,17,63,0.0,80.0,3.02458982,USD,False
2026-08-21,2026-08-21T18:56:45Z,Azure App Service,japaneast,128,21,68,0.0,80.0,3.31481827,USD,False
2026-08-21,2026-08-21T18:56:45Z,Azure App Service,northeurope,113,16,62,0.018,80.0,3.45700196,USD,False
2026-08-21,2026-08-21T18:56:45Z,Azure App Service,southeastasia,113,16,62,0.018,80.0,3.50719758,USD,False
2026-08-21,2026-08-21T18:56:45Z,Azure App Service,swedencentral,111,17,60,0.0,80.0,3.06190559,USD,False
2026-08-21,2026-08-21T18:56:45Z,Azure App Service,westeurope,117,17,63,0.0,80.0,3.48324291,USD,False
2026-08-21,2026-08-21T18:56:45Z,Azure App Service,westus2,117,17,63,0.0,80.0,3.01730191,USD,False
2026-08-21,2026-08-21T18:56:45Z,Azure Cosmos DB,australiaeast,107,15,82,0.0,32.553,2.52593146,USD,False
2026-08-21,2026-08-21T18:56:45Z,Azure Cosmos DB,brazilsouth,104,15,79,0.0,44.9,3.55257904,USD,False
2026-08-21,2026-08-21T18:56:45Z,Azure Cosmos DB,eastus,99,14,76,0.0,22.45,2.07406196,USD,False
2026-08-21,2026-08-21T18:56:45Z,Azure Cosmos DB,eastus2,99,14,76,0.0,22.45,2.07625388,USD,False
2026-08-21,2026-08-21T18:56:45Z,Azure Cosmos DB,japaneast,107,15,82,0.0,32.553,2.53508311,USD,False
2026-08-21,2026-08-21T18:56:45Z,Azure Cosmos DB,northeurope,107,15,82,0.0,26.94,2.19932712,USD,False
2026-08-21,2026-08-21T18:56:45Z,Azure Cosmos DB,southeastasia,107,15,82,0.0,29.185,2.28686618,USD,False
2026-08-21,2026-08-21T18:56:45Z,Azure Cosmos DB,swedencentral,98,15,74,0.0,29.185,2.56274822,USD,False
2026-08-21,2026-08-21T18:56:45Z,Azure Cosmos DB,westeurope,107,15,82,0.0,29.185,2.37166421,USD,False
2026-08-21,2026-08-21T18:56:45Z,Azure Cosmos DB,westus2,99,14,76,0.0,22.45,2.04923503,USD,False
2026-08-21,2026-08-21T18:56:45Z,Azure Database for PostgreSQL,australiaeast,111,41,52,0.0,76.343,4.18510888,USD,False
2026-08-21,2026-08-21T18:56:45Z,Azure Database for PostgreSQL,brazilsouth,115,43,52,0.0,133.345,6.57288077,USD,False
2026-08-21,2026-08-21T18:56:45Z,Azure Database for PostgreSQL,eastus,114,43,52,0.0,63.619,3.3205212,USD,False
2026-08-21,2026-08-21T18:56:45Z,Azure Database for PostgreSQL,eastus2,115,44,52,0.0,63.619,3.2949558,USD,False
2026-08-21,2026-08-21T18:56:45Z,Azure Database for PostgreSQL,japaneast,114,43,52,0.0,76.343,4.07747831,USD,False
2026-08-21,2026-08-21T18:56:45Z,Azure Database for PostgreSQL,northeurope,116,45,52,0.0,71.253,3.64768923,USD,False
2026-08-21,2026-08-21T18:56:45Z,Azure Database for PostgreSQL,southeastasia,114,43,52,0.0,76.343,4.07462355,USD,False
2026-08-21,2026-08-21T18:56:45Z,Azure Database for PostgreSQL,swedencentral,108,41,51,0.0,65.4,3.60271752,USD,False
2026-08-21,2026-08-21T18:56:45Z,Azure Database for PostgreSQL,westeurope,118,47,52,0.0,77.615,3.89576631,USD,False
2026-08-21,2026-08-21T18:56:45Z,Azure Database for PostgreSQL,westus2,111,41,52,0.0,63.619,3.40882718,USD,False
2026-08-21,2026-08-21T18:56:45Z,Azure Kubernetes Service,australiaeast,8,1,1,0.010602,0.16,0.0385475,USD,False
2026-08-21,2026-08-21T18:56:45Z,Azure Kubernetes Service,brazilsouth,8,1,1,0.014624,0.16,0.045583,USD,False
2026-08-21,2026-08-21T18:56:45Z,Azure Kubernetes Service,eastus,9,2,2,0.007312,0.6,0.09581467,USD,False
2026-08-21,2026-08-21T18:56:45Z,Azure Kubernetes Service,eastus2,8,1,1,0.007312,0.16,0.0327915,USD,False
2026-08-21,2026-08-21T18:56:45Z,Azure Kubernetes Service,japaneast,8,1,1,0.010602,0.16,0.0385475,USD,False
2026-08-21,2026-08-21T18:56:45Z,Azure Kubernetes Service,northeurope,8,1,1,0.008774,0.16,0.0353495,USD,False
2026-08-21,2026-08-21T18:56:45Z,Azure Kubernetes Service,southeastasia,8,1,1,0.009506,0.16,0.036629,USD,False
2026-08-21,2026-08-21T18:56:45Z,Azure Kubernetes Service,swedencentral,8,1,1,0.009506,0.16,0.036629,USD,False
2026-08-21,2026-08-21T18:56:45Z,Azure Kubernetes Service,westeurope,8,1,1,0.010456,0.16,0.03829175,USD,False
2026-08-21,2026-08-21T18:56:45Z,Azure Kubernetes Service,westus2,8,1,1,0.007312,0.16,0.0327915,USD,False
2026-08-21,2026-08-21T18:56:45Z,Functions,australiaeast,9,2,3,0.0,0.182,0.02167433,USD,False
2026-08-21,2026-08-21T18:56:45Z,Functions,brazilsouth,9,2,3,0.0,0.183,0.02179656,USD,False
2026-08-21,2026-08-21T18:56:45Z,Functions,eastus,9,2,3,0.0,0.173,0.02059489,USD,False
2026-08-21,2026-08-21T18:56:45Z,Functions,eastus2,9,2,3,0.0,0.16,0.01905044,USD,False
2026-08-21,2026-08-21T18:56:45Z,Functions,japaneast,9,2,3,0.0,0.196,0.02333933,USD,False
2026-08-21,2026-08-21T18:56:45Z,Functions,northeurope,9,2,3,0.0,0.167,0.01988378,USD,False
2026-08-21,2026-08-21T18:56:45Z,Functions,southeastasia,9,2,3,0.0,0.178,0.02119656,USD,False
2026-08-21,2026-08-21T18:56:45Z,Functions,swedencentral,9,2,3,0.0,0.169,0.02012822,USD,False
2026-08-21,2026-08-21T18:56:45Z,Functions,westeurope,9,2,3,0.0,0.169,0.02012822,USD,False
2026-08-21,2026-08-21T18:56:45Z,Functions,westus2,9,2,3,0.0,0.16,0.01905044,USD,False
2026-08-21,2026-08-21T18:56:45Z,Load Balancer,australiaeast,0,0,0,,,,USD,False
2026-08-21,2026-08-21T18:56:45Z,Load Balancer,brazilsouth,0,0,0,,,,USD,False
2026-08-21,2026-08-21T18:56:45Z,Load Balancer,eastus,0,0,0,,,,USD,False
2026-08-21,2026-08-21T18:56:45Z,Load Balancer,eastus2,0,0,0,,,,USD,False
2026-08-21,2026-08-21T18:56:45Z,Load Balancer,japaneast,0,0,0,,,,USD,False
2026-08-21,2026-08-21T18:56:45Z,Load Balancer,northeurope,0,0,0,,,,USD,False
2026-08-21,2026-08-21T18:56:45Z,Load Balancer,southeastasia,0,0,0,,,,USD,False
2026-08-21,2026-08-21T18:56:45Z,Load Balancer,swedencentral,0,0,0,,,,USD,False
2026-08-21,2026-08-21T18:56:45Z,Load Balancer,westeurope,0,0,0,,,,USD,False
2026-08-21,2026-08-21T18:56:45Z,Load Balancer,westus2,0,0,0,,,,USD,False
2026-08-21,2026-08-21T18:56:45Z,SQL Database,australiaeast,154,37,77,0.0,571.408,22.78711522,USD,False
2026-08-21,2026-08-21T18:56:45Z,SQL Database,brazilsouth,109,35,71,0.0,627.26,31.3701431,USD,False
2026-08-21,2026-08-21T18:56:45Z,SQL Database,eastus,113,30,37,0.0,24.36,2.87434587,USD,False
2026-08-21,2026-08-21T18:56:45Z,SQL Database,eastus2,108,29,36,0.0,24.36,2.98343595,USD,False
2026-08-21,2026-08-21T18:56:45Z,SQL Database,japaneast,150,37,75,0.0,584.208,23.84588713,USD,False
2026-08-21,2026-08-21T18:56:45Z,SQL Database,northeurope,113,30,37,0.0,29.22,3.43563935,USD,False
2026-08-21,2026-08-21T18:56:45Z,SQL Database,southeastasia,111,29,37,0.0,31.66,3.77798125,USD,False
2026-08-21,2026-08-21T18:56:45Z,SQL Database,swedencentral,106,30,74,0.0,516.128,26.50978892,USD,False
2026-08-21,2026-08-21T18:56:45Z,SQL Database,westeurope,113,30,37,0.0,31.66,3.72220855,USD,False
2026-08-21,2026-08-21T18:56:45Z,SQL Database,westus2,111,29,37,0.0,24.36,2.91339714,USD,False
2026-08-21,2026-08-21T18:56:45Z,Storage,australiaeast,200,23,68,0.0,3342.34,23.89177272,USD,True
2026-08-21,2026-08-21T18:56:45Z,Storage,brazilsouth,200,27,62,0.0,4669.71,74.65290366,USD,True
2026-08-21,2026-08-21T18:56:45Z,Storage,eastus,200,28,70,0.0,3686.4,51.35685995,USD,False
2026-08-21,2026-08-21T18:56:45Z,Storage,eastus2,200,25,72,0.0,3686.4,24.146832,USD,False
2026-08-21,2026-08-21T18:56:45Z,Storage,japaneast,200,26,71,0.0,3109.035,41.43337182,USD,False
2026-08-21,2026-08-21T18:56:45Z,Storage,northeurope,200,26,69,0.0,3604.11,53.98662846,USD,False
2026-08-21,2026-08-21T18:56:45Z,Storage,southeastasia,200,28,79,0.0,3686.4,33.44616051,USD,False
2026-08-21,2026-08-21T18:56:45Z,Storage,swedencentral,200,26,76,0.0,3686.4,31.87963216,USD,True
2026-08-21,2026-08-21T18:56:45Z,Storage,westeurope,200,25,73,0.0,1982.17,32.12951834,USD,False
2026-08-21,2026-08-21T18:56:45Z,Storage,westus2,200,26,73,0.0,3686.4,34.08984903,USD,False
2026-08-21,2026-08-21T18:56:45Z,Virtual Machines,australiaeast,200,135,193,0.014026,41.918,2.82755354,USD,True
2026-08-21,2026-08-21T18:56:45Z,Virtual Machines,brazilsouth,200,139,196,0.00303,133.07446,4.95829367,USD,True
2026-08-21,2026-08-21T18:56:45Z,Virtual Machines,eastus,200,143,198,0.0,117.7788,3.84629311,USD,True
2026-08-21,2026-08-21T18:56:45Z,Virtual Machines,eastus2,200,148,200,0.00846,116.052,4.38622156,USD,True
2026-08-21,2026-08-21T18:56:45Z,Virtual Machines,japaneast,200,129,198,0.00864,179.244241,4.59030583,USD,True
2026-08-21,2026-08-21T18:56:45Z,Virtual Machines,northeurope,200,150,200,0.00204,71.50672,2.80828054,USD,True
2026-08-21,2026-08-21T18:56:45Z,Virtual Machines,southeastasia,200,141,198,0.021067,213.0211,6.19225863,USD,True
2026-08-21,2026-08-21T18:56:45Z,Virtual Machines,swedencentral,200,127,198,0.011,196.6272,4.39442905,USD,True
2026-08-21,2026-08-21T18:56:45Z,Virtual Machines,westeurope,200,137,199,0.00216,139.89936,6.05897936,USD,True
2026-08-21,2026-08-21T18:56:45Z,Virtual Machines,westus2,200,152,196,0.004,451.616,7.56344765,USD,True
2026-08-23,2026-08-23T18:48:40Z,Application Gateway,australiaeast,22,8,5,0.008,0.522,0.15022182,USD,False
2026-08-23,2026-08-23T18:48:40Z,Application Gateway,brazilsouth,18,7,5,0.008,0.72,0.20858,USD,False
2026-08-23,2026-08-23T18:48:40Z,Application Gateway,eastus,22,8,5,0.008,0.448,0.12017727,USD,False
2026-08-23,2026-08-23T18:48:40Z,Application Gateway,eastus2,22,8,5,0.008,0.448,0.12017727,USD,False
2026-08-23,2026-08-23T18:48:40Z,Application Gateway,japaneast,18,7,5,0.008,0.522,0.16874278,USD,False
2026-08-23,2026-08-23T18:48:40Z,Application Gateway,northeurope,22,8,5,0.008,0.50176,0.13672182,USD,False
2026-08-23,2026-08-23T18:48:40Z,Application Gateway,southeastasia,22,8,5,0.008,0.50176,0.14207636,USD,False
2026-08-23,2026-08-23T18:48:40Z,Application Gateway,swedencentral,18,7,5,0.0076,0.50176,0.16225667,USD,False
2026-08-23,2026-08-23T18:48:40Z,Application Gateway,westeurope,22,8,5,0.008,0.50176,0.14206727,USD,False
2026-08-23,2026-08-23T18:48:40Z,Application Gateway,westus2,18,7,5,0.008,0.448,0.13827222,USD,False
2026-08-23,2026-08-23T18:48:40Z,Azure App Service,australiaeast,124,20,67,0.016,80.0,3.33422719,USD,False
2026-08-23,2026-08-23T18:48:40Z,Azure App Service,brazilsouth,102,18,56,0.0158,80.0,2.96177998,USD,False
2026-08-23,2026-08-23T18:48:40Z,Azure App Service,eastus,113,16,62,0.017,80.0,3.05313451,USD,False
2026-08-23,2026-08-23T18:48:40Z,Azure App Service,eastus2,117,17,63,0.0,80.0,3.02458982,USD,False
2026-08-23,2026-08-23T18:48:40Z,Azure App Service,japaneast,128,21,68,0.0,80.0,3.31481827,USD,False
2026-08-23,2026-08-23T18:48:40Z,Azure App Service,northeurope,113,16,62,0.018,80.0,3.45700196,USD,False
2026-08-23,2026-08-23T18:48:40Z,Azure App Service,southeastasia,113,16,62,0.018,80.0,3.50719758,USD,False
2026-08-23,2026-08-23T18:48:40Z,Azure App Service,swedencentral,111,17,60,0.0,80.0,3.06190559,USD,False
2026-08-23,2026-08-23T18:48:40Z,Azure App Service,westeurope,117,17,63,0.0,80.0,3.48324291,USD,False
2026-08-23,2026-08-23T18:48:40Z,Azure App Service,westus2,117,17,63,0.0,80.0,3.01730191,USD,False
2026-08-23,2026-08-23T18:48:40Z,Azure Cosmos DB,australiaeast,107,15,82,0.0,32.553,2.52593146,USD,False
2026-08-23,2026-08-23T18:48:40Z,Azure Cosmos DB,brazilsouth,104,15,79,0.0,44.9,3.55257904,USD,False
2026-08-23,2026-08-23T18:48:40Z,Azure Cosmos DB,eastus,99,14,76,0.0,22.45,2.07406196,USD,False
2026-08-23,2026-08-23T18:48:40Z,Azure Cosmos DB,eastus2,99,14,76,0.0,22.45,2.07625388,USD,False
2026-08-23,2026-08-23T18:48:40Z,Azure Cosmos DB,japaneast,107,15,82,0.0,32.553,2.53508311,USD,False
2026-08-23,2026-08-23T18:48:40Z,Azure Cosmos DB,northeurope,107,15,82,0.0,26.94,2.19932712,USD,False
2026-08-23,2026-08-23T18:48:40Z,Azure Cosmos DB,southeastasia,107,15,82,0.0,29.185,2.28686618,USD,False
2026-08-23,2026-08-23T18:48:40Z,Azure Cosmos DB,swedencentral,98,15,74,0.0,29.185,2.56274822,USD,False
2026-08-23,2026-08-23T18:48:40Z,Azure Cosmos DB,westeurope,107,15,82,0.0,29.185,2.37166421,USD,False
2026-08-23,2026-08-23T18:48:40Z,Azure Cosmos DB,westus2,99,14,76,0.0,22.45,2.04923503,USD,False
2026-08-23,2026-08-23T18:48:40Z,Azure Database for PostgreSQL,australiaeast,111,41,52,0.0,76.343,4.18510888,USD,False
2026-08-23,2026-08-23T18:48:40Z,Azure Database for PostgreSQL,brazilsouth,115,43,52,0.0,133.345,6.57288077,USD,False
2026-08-23,2026-08-23T18:48:40Z,Azure Database for PostgreSQL,eastus,114,43,52,0.0,63.619,3.3205212,USD,False
2026-08-23,2026-08-23T18:48:40Z,Azure Database for PostgreSQL,eastus2,115,44,52,0.0,63.619,3.2949558,USD,False
2026-08-23,2026-08-23T18:48:40Z,Azure Database for PostgreSQL,japaneast,114,43,52,0.0,76.343,4.07747831,USD,False
2026-08-23,2026-08-23T18:48:40Z,Azure Database for PostgreSQL,northeurope,116,45,52,0.0,71.253,3.64768923,USD,False
2026-08-23,2026-08-23T18:48:40Z,Azure Database for PostgreSQL,southeastasia,114,43,52,0.0,76.343,4.07462355,USD,False
2026-08-23,2026-08-23T18:48:40Z,Azure Database for PostgreSQL,swedencentral,108,41,51,0.0,65.4,3.60271752,USD,False
2026-08-23,2026-08-23T18:48:40Z,Azure Database for PostgreSQL,westeurope,118,47,52,0.0,77.615,3.89576631,USD,False
2026-08-23,2026-08-23T18:48:40Z,Azure Database for PostgreSQL,westus2,111,41,52,0.0,63.619,3.40882718,USD,False
2026-08-23,2026-08-23T18:48:40Z,Azure Kubernetes Service,australiaeast,8,1,1,0.010602,0.16,0.0385475,USD,False
2026-08-23,2026-08-23T18:48:40Z,Azure Kubernetes Service,brazilsouth,8,1,1,0.014624,0.16,0.045583,USD,False
2026-08-23,2026-08-23T18:48:40Z,Azure Kubernetes Service,eastus,9,2,2,0.007312,0.6,0.09581467,USD,False
2026-08-23,2026-08-23T18:48:40Z,Azure Kubernetes Service,eastus2,8,1,1,0.007312,0.16,0.0327915,USD,False
2026-08-23,2026-08-23T18:48:40Z,Azure Kubernetes Service,japaneast,8,1,1,0.010602,0.16,0.0385475,USD,False
2026-08-23,2026-08-23T18:48:40Z,Azure Kubernetes Service,northeurope,8,1,1,0.008774,0.16,0.0353495,USD,False
2026-08-23,2026-08-23T18:48:40Z,Azure Kubernetes Service,southeastasia,8,1,1,0.009506,0.16,0.036629,USD,False
2026-08-23,2026-08-23T18:48:40Z,Azure Kubernetes Service,swedencentral,8,1,1,0.009506,0.16,0.036629,USD,False
2026-08-23,2026-08-23T18:48:40Z,Azure Kubernetes Service,westeurope,8,1,1,0.010456,0.16,0.03829175,USD,False
2026-08-23,2026-08-23T18:48:40Z,Azure Kubernetes Service,westus2,8,1,1,0.007312,0.16,0.0327915,USD,False
2026-08-23,2026-08-23T18:48:40Z,Functions,australiaeast,9,2,3,0.0,0.182,0.02167433,USD,False
2026-08-23,2026-08-23T18:48:40Z,Functions,brazilsouth,9,2,3,0.0,0.183,0.02179656,USD,False
2026-08-23,2026-08-23T18:48:40Z,Functions,eastus,9,2,3,0.0,0.173,0.02059489,USD,False
2026-08-23,2026-08-23T18:48:40Z,Functions,eastus2,9,2,3,0.0,0.16,0.01905044,USD,False
2026-08-23,2026-08-23T18:48:40Z,Functions,japaneast,9,2,3,0.0,0.196,0.02333933,USD,False
2026-08-23,2026-08-23T18:48:40Z,Functions,northeurope,9,2,3,0.0,0.167,0.01988378,USD,False
2026-08-23,2026-08-23T18:48:40Z,Functions,southeastasia,9,2,3,0.0,0.178,0.02119656,USD,False
2026-08-23,2026-08-23T18:48:40Z,Functions,swedencentral,9,2,3,0.0,0.169,0.02012822,USD,False
2026-08-23,2026-08-23T18:48:40Z,Functions,westeurope,9,2,3,0.0,0.169,0.02012822,USD,False
2026-08-23,2026-08-23T18:48:40Z,Functions,westus2,9,2,3,0.0,0.16,0.01905044,USD,False
2026-08-23,2026-08-23T18:48:40Z,Load Balancer,australiaeast,0,0,0,,,,USD,False
2026-08-23,2026-08-23T18:48:40Z,Load Balancer,brazilsouth,0,0,0,,,,USD,False
2026-08-23,2026-08-23T18:48:40Z,Load Balancer,eastus,0,0,0,,,,USD,False
2026-08-23,2026-08-23T18:48:40Z,Load Balancer,eastus2,0,0,0,,,,USD,False
2026-08-23,2026-08-23T18:48:40Z,Load Balancer,japaneast,0,0,0,,,,USD,False
2026-08-23,2026-08-23T18:48:40Z,Load Balancer,northeurope,0,0,0,,,,USD,False
2026-08-23,2026-08-23T18:48:40Z,Load Balancer,southeastasia,0,0,0,,,,USD,False
2026-08-23,2026-08-23T18:48:40Z,Load Balancer,swedencentral,0,0,0,,,,USD,False
2026-08-23,2026-08-23T18:48:40Z,Load Balancer,westeurope,0,0,0,,,,USD,False
2026-08-23,2026-08-23T18:48:40Z,Load Balancer,westus2,0,0,0,,,,USD,False
2026-08-23,2026-08-23T18:48:40Z,SQL Database,australiaeast,154,37,77,0.0,571.408,22.78711522,USD,False
2026-08-23,2026-08-23T18:48:40Z,SQL Database,brazilsouth,109,35,71,0.0,627.26,31.3701431,USD,False
2026-08-23,2026-08-23T18:48:40Z,SQL Database,eastus,113,30,37,0.0,24.36,2.87434587,USD,False
2026-08-23,2026-08-23T18:48:40Z,SQL Database,eastus2,108,29,36,0.0,24.36,2.98343595,USD,False
2026-08-23,2026-08-23T18:48:40Z,SQL Database,japaneast,150,37,75,0.0,584.208,23.84588713,USD,False
2026-08-23,2026-08-23T18:48:40Z,SQL Database,northeurope,113,30,37,0.0,29.22,3.43563935,USD,False
2026-08-23,2026-08-23T18:48:40Z,SQL Database,southeastasia,111,29,37,0.0,31.66,3.77798125,USD,False
2026-08-23,2026-08-23T18:48:40Z,SQL Database,swedencentral,106,30,74,0.0,516.128,26.50978892,USD,False
2026-08-23,2026-08-23T18:48:40Z,SQL Database,westeurope,113,30,37,0.0,31.66,3.72220855,USD,False
2026-08-23,2026-08-23T18:48:40Z,SQL Database,westus2,111,29,37,0.0,24.36,2.91339714,USD,False
2026-08-23,2026-08-23T18:48:40Z,Storage,australiaeast,200,23,68,0.0,3342.34,23.89177272,USD,True
2026-08-23,2026-08-23T18:48:40Z,Storage,brazilsouth,200,27,62,0.0,4669.71,74.65290366,USD,True
2026-08-23,2026-08-23T18:48:40Z,Storage,eastus,200,28,70,0.0,3686.4,51.35685995,USD,False
2026-08-23,2026-08-23T18:48:40Z,Storage,eastus2,200,25,72,0.0,3686.4,24.146832,USD,False
2026-08-23,2026-08-23T18:48:40Z,Storage,japaneast,200,26,71,0.0,3109.035,41.43337182,USD,False
2026-08-23,2026-08-23T18:48:40Z,Storage,northeurope,200,26,69,0.0,3604.11,53.98662846,USD,False
2026-08-23,2026-08-23T18:48:40Z,Storage,southeastasia,200,28,79,0.0,3686.4,33.44616051,USD,False
2026-08-23,2026-08-23T18:48:40Z,Storage,swedencentral,200,26,76,0.0,3686.4,31.87963216,USD,True
2026-08-23,2026-08-23T18:48:40Z,Storage,westeurope,200,25,73,0.0,1982.17,32.12951834,USD,False
2026-08-23,2026-08-23T18:48:40Z,Storage,westus2,200,26,73,0.0,3686.4,34.08984903,USD,False
2026-08-23,2026-08-23T18:48:40Z,Virtual Machines,australiaeast,200,135,193,0.014026,41.918,2.82755354,USD,True
2026-08-23,2026-08-23T18:48:40Z,Virtual Machines,brazilsouth,200,139,196,0.00303,133.07446,4.95829367,USD,True
2026-08-23,2026-08-23T18:48:40Z,Virtual Machines,eastus,200,143,198,0.0,117.7788,3.84629311,USD,True
2026-08-23,2026-08-23T18:48:40Z,Virtual Machines,eastus2,200,148,200,0.00846,116.052,4.38622156,USD,True
2026-08-23,2026-08-23T18:48:40Z,Virtual Machines,japaneast,200,129,198,0.00864,179.244241,4.59030583,USD,True
2026-08-23,2026-08-23T18:48:40Z,Virtual Machines,northeurope,200,150,200,0.00204,71.50672,2.80828054,USD,True
2026-08-23,2026-08-23T18:48:40Z,Virtual Machines,southeastasia,200,141,198,0.021067,213.0211,6.19225863,USD,True
2026-08-23,2026-08-23T18:48:40Z,Virtual Machines,swedencentral,200,127,198,0.011,196.6272,4.39442905,USD,True
2026-08-23,2026-08-23T18:48:40Z,Virtual Machines,westeurope,200,137,199,0.00216,139.89936,6.05897936,USD,True
2026-08-23,2026-08-23T18:48:40Z,Virtual Machines,westus2,200,152,196,0.004,451.616,7.56344765,USD,True
2026-08-24,2026-08-24T19:00:09Z,Application Gateway,australiaeast,22,8,5,0.008,0.522,0.15022182,USD,False
2026-08-24,2026-08-24T19:00:09Z,Application Gateway,brazilsouth,18,7,5,0.008,0.72,0.20858,USD,False
2026-08-24,2026-08-24T19:00:09Z,Application Gateway,eastus,22,8,5,0.008,0.448,0.12017727,USD,False
2026-08-24,2026-08-24T19:00:09Z,Application Gateway,eastus2,22,8,5,0.008,0.448,0.12017727,USD,False
2026-08-24,2026-08-24T19:00:09Z,Application Gateway,japaneast,18,7,5,0.008,0.522,0.16874278,USD,False
2026-08-24,2026-08-24T19:00:09Z,Application Gateway,northeurope,22,8,5,0.008,0.50176,0.13672182,USD,False
2026-08-24,2026-08-24T19:00:09Z,Application Gateway,southeastasia,22,8,5,0.008,0.50176,0.14207636,USD,False
2026-08-24,2026-08-24T19:00:09Z,Application Gateway,swedencentral,18,7,5,0.0076,0.50176,0.16225667,USD,False
2026-08-24,2026-08-24T19:00:09Z,Application Gateway,westeurope,22,8,5,0.008,0.50176,0.14206727,USD,False
2026-08-24,2026-08-24T19:00:09Z,Application Gateway,westus2,18,7,5,0.008,0.448,0.13827222,USD,False
2026-08-24,2026-08-24T19:00:09Z,Azure App Service,australiaeast,124,20,67,0.016,80.0,3.33422719,USD,False
2026-08-24,2026-08-24T19:00:09Z,Azure App Service,brazilsouth,102,18,56,0.0158,80.0,2.96177998,USD,False
2026-08-24,2026-08-24T19:00:09Z,Azure App Service,eastus,113,16,62,0.017,80.0,3.05313451,USD,False
2026-08-24,2026-08-24T19:00:09Z,Azure App Service,eastus2,117,17,63,0.0,80.0,3.02458982,USD,False
2026-08-24,2026-08-24T19:00:09Z,Azure App Service,japaneast,128,21,68,0.0,80.0,3.31481827,USD,False
2026-08-24,2026-08-24T19:00:09Z,Azure App Service,northeurope,113,16,62,0.018,80.0,3.45700196,USD,False
2026-08-24,2026-08-24T19:00:09Z,Azure App Service,southeastasia,113,16,62,0.018,80.0,3.50719758,USD,False
2026-08-24,2026-08-24T19:00:09Z,Azure App Service,swedencentral,111,17,60,0.0,80.0,3.06190559,USD,False
2026-08-24,2026-08-24T19:00:09Z,Azure App Service,westeurope,117,17,63,0.0,80.0,3.48324291,USD,False
2026-08-24,2026-08-24T19:00:09Z,Azure App Service,westus2,117,17,63,0.0,80.0,3.01730191,USD,False
2026-08-24,2026-08-24T19:00:09Z,Azure Cosmos DB,australiaeast,107,15,82,0.0,32.553,2.52593146,USD,False
2026-08-24,2026-08-24T19:00:09Z,Azure Cosmos DB,brazilsouth,104,15,79,0.0,44.9,3.55257904,USD,False
2026-08-24,2026-08-24T19:00:09Z,Azure Cosmos DB,eastus,99,14,76,0.0,22.45,2.07406196,USD,False
2026-08-24,2026-08-24T19:00:09Z,Azure Cosmos DB,eastus2,99,14,76,0.0,22.45,2.07625388,USD,False
2026-08-24,2026-08-24T19:00:09Z,Azure Cosmos DB,japaneast,107,15,82,0.0,32.553,2.53508311,USD,False
2026-08-24,2026-08-24T19:00:09Z,Azure Cosmos DB,northeurope,107,15,82,0.0,26.94,2.19932712,USD,False
2026-08-24,2026-08-24T19:00:09Z,Azure Cosmos DB,southeastasia,107,15,82,0.0,29.185,2.28686618,USD,False
2026-08-24,2026-08-24T19:00:09Z,Azure Cosmos DB,swedencentral,98,15,74,0.0,29.185,2.56274822,USD,False
2026-08-24,2026-08-24T19:00:09Z,Azure Cosmos DB,westeurope,107,15,82,0.0,29.185,2.37166421,USD,False
2026-08-24,2026-08-24T19:00:09Z,Azure Cosmos DB,westus2,99,14,76,0.0,22.45,2.04923503,USD,False
2026-08-24,2026-08-24T19:00:09Z,Azure Database for PostgreSQL,australiaeast,111,41,52,0.0,76.343,4.18510888,USD,False
2026-08-24,2026-08-24T19:00:09Z,Azure Database for PostgreSQL,brazilsouth,115,43,52,0.0,133.345,6.57288077,USD,False
2026-08-24,2026-08-24T19:00:09Z,Azure Database for PostgreSQL,eastus,114,43,52,0.0,63.619,3.3205212,USD,False
2026-08-24,2026-08-24T19:00:09Z,Azure Database for PostgreSQL,eastus2,115,44,52,0.0,63.619,3.2949558,USD,False
2026-08-24,2026-08-24T19:00:09Z,Azure Database for PostgreSQL,japaneast,114,43,52,0.0,76.343,4.07747831,USD,False
2026-08-24,2026-08-24T19:00:09Z,Azure Database for PostgreSQL,northeurope,116,45,52,0.0,71.253,3.64768923,USD,False
2026-08-24,2026-08-24T19:00:09Z,Azure Database for PostgreSQL,southeastasia,114,43,52,0.0,76.343,4.07462355,USD,False
2026-08-24,2026-08-24T19:00:09Z,Azure Database for PostgreSQL,swedencentral,108,41,51,0.0,65.4,3.60271752,USD,False
2026-08-24,2026-08-24T19:00:09Z,Azure Database for PostgreSQL,westeurope,118,47,52,0.0,77.615,3.89576631,USD,False
2026-08-24,2026-08-24T19:00:09Z,Azure Database for PostgreSQL,westus2,111,41,52,0.0,63.619,3.40882718,USD,False
2026-08-24,2026-08-24T19:00:09Z,Azure Kubernetes Service,australiaeast,8,1,1,0.010602,0.16,0.0385475,USD,False
2026-08-24,2026-08-24T19:00:09Z,Azure Kubernetes Service,brazilsouth,8,1,1,0.014624,0.16,0.045583,USD,False
2026-08-24,2026-08-24T19:00:09Z,Azure Kubernetes Service,eastus,9,2,2,0.007312,0.6,0.09581467,USD,False
2026-08-24,2026-08-24T19:00:09Z,Azure Kubernetes Service,eastus2,8,1,1,0.007312,0.16,0.0327915,USD,False
2026-08-24,2026-08-24T19:00:09Z,Azure Kubernetes Service,japaneast,8,1,1,0.010602,0.16,0.0385475,USD,False
2026-08-24,2026-08-24T19:00:09Z,Azure Kubernetes Service,northeurope,8,1,1,0.008774,0.16,0.0353495,USD,False
2026-08-24,2026-08-24T19:00:09Z,Azure Kubernetes Service,southeastasia,8,1,1,0.009506,0.16,0.036629,USD,False
2026-08-24,2026-08-24T19:00:09Z,Azure Kubernetes Service,swedencentral,8,1,1,0.009506,0.16,0.036629,USD,False
2026-08-24,2026-08-24T19:00:09Z,Azure Kubernetes Service,westeurope,8,1,1,0.010456,0.16,0.03829175,USD,False
2026-08-24,2026-08-24T19:00:09Z,Azure Kubernetes Service,westus2,8,1,1,0.007312,0.16,0.0327915,USD,False
2026-08-24,2026-08-24T19:00:09Z,Functions,australiaeast,9,2,3,0.0,0.182,0.02167433,USD,False
2026-08-24,2026-08-24T19:00:09Z,Functions,brazilsouth,9,2,3,0.0,0.183,0.02179656,USD,False
2026-08-24,2026-08-24T19:00:09Z,Functions,eastus,9,2,3,0.0,0.173,0.02059489,USD,False
2026-08-24,2026-08-24T19:00:09Z,Functions,eastus2,9,2,3,0.0,0.16,0.01905044,USD,False
2026-08-24,2026-08-24T19:00:09Z,Functions,japaneast,9,2,3,0.0,0.196,0.02333933,USD,False
2026-08-24,2026-08-24T19:00:09Z,Functions,northeurope,9,2,3,0.0,0.167,0.01988378,USD,False
2026-08-24,2026-08-24T19:00:09Z,Functions,southeastasia,9,2,3,0.0,0.178,0.02119656,USD,False
2026-08-24,2026-08-24T19:00:09Z,Functions,swedencentral,9,2,3,0.0,0.169,0.02012822,USD,False
2026-08-24,2026-08-24T19:00:09Z,Functions,westeurope,9,2,3,0.0,0.169,0.02012822,USD,False
2026-08-24,2026-08-24T19:00:09Z,Functions,westus2,9,2,3,0.0,0.16,0.01905044,USD,False
2026-08-24,2026-08-24T19:00:09Z,Load Balancer,australiaeast,0,0,0,,,,USD,False
2026-08-24,2026-08-24T19:00:09Z,Load Balancer,brazilsouth,0,0,0,,,,USD,False
2026-08-24,2026-08-24T19:00:09Z,Load Balancer,eastus,0,0,0,,,,USD,False
2026-08-24,2026-08-24T19:00:09Z,Load Balancer,eastus2,0,0,0,,,,USD,False
2026-08-24,2026-08-24T19:00:09Z,Load Balancer,japaneast,0,0,0,,,,USD,False
2026-08-24,2026-08-24T19:00:09Z,Load Balancer,northeurope,0,0,0,,,,USD,False
2026-08-24,2026-08-24T19:00:09Z,Load Balancer,southeastasia,0,0,0,,,,USD,False
2026-08-24,2026-08-24T19:00:09Z,Load Balancer,swedencentral,0,0,0,,,,USD,False
2026-08-24,2026-08-24T19:00:09Z,Load Balancer,westeurope,0,0,0,,,,USD,False
2026-08-24,2026-08-24T19:00:09Z,Load Balancer,westus2,0,0,0,,,,USD,False
2026-08-24,2026-08-24T19:00:09Z,SQL Database,australiaeast,154,37,77,0.0,571.408,22.78711522,USD,False
2026-08-24,2026-08-24T19:00:09Z,SQL Database,brazilsouth,109,35,71,0.0,627.26,31.3701431,USD,False
2026-08-24,2026-08-24T19:00:09Z,SQL Database,eastus,113,30,37,0.0,24.36,2.87434587,USD,False
2026-08-24,2026-08-24T19:00:09Z,SQL Database,eastus2,108,29,36,0.0,24.36,2.98343595,USD,False
2026-08-24,2026-08-24T19:00:09Z,SQL Database,japaneast,150,37,75,0.0,584.208,23.84588713,USD,False
2026-08-24,2026-08-24T19:00:09Z,SQL Database,northeurope,113,30,37,0.0,29.22,3.43563935,USD,False
2026-08-24,2026-08-24T19:00:09Z,SQL Database,southeastasia,111,29,37,0.0,31.66,3.77798125,USD,False
2026-08-24,2026-08-24T19:00:09Z,SQL Database,swedencentral,106,30,74,0.0,516.128,26.50978892,USD,False
2026-08-24,2026-08-24T19:00:09Z,SQL Database,westeurope,113,30,37,0.0,31.66,3.72220855,USD,False
2026-08-24,2026-08-24T19:00:09Z,SQL Database,westus2,111,29,37,0.0,24.36,2.91339714,USD,False
2026-08-24,2026-08-24T19:00:09Z,Storage,australiaeast,200,23,68,0.0,3342.34,23.89177272,USD,True
2026-08-24,2026-08-24T19:00:09Z,Storage,brazilsouth,200,27,62,0.0,4669.71,74.65290366,USD,True
2026-08-24,2026-08-24T19:00:09Z,Storage,eastus,200,28,70,0.0,3686.4,51.35685995,USD,False
2026-08-24,2026-08-24T19:00:09Z,Storage,eastus2,200,25,72,0.0,3686.4,24.146832,USD,False
2026-08-24,2026-08-24T19:00:09Z,Storage,japaneast,200,26,71,0.0,3109.035,41.43337182,USD,False
2026-08-24,2026-08-24T19:00:09Z,Storage,northeurope,200,26,69,0.0,3604.11,53.98662846,USD,False
2026-08-24,2026-08-24T19:00:09Z,Storage,southeastasia,200,28,79,0.0,3686.4,33.44616051,USD,False
2026-08-24,2026-08-24T19:00:09Z,Storage,swedencentral,200,26,76,0.0,3686.4,31.87963216,USD,True
2026-08-24,2026-08-24T19:00:09Z,Storage,westeurope,200,25,73,0.0,1982.17,32.12951834,USD,False
2026-08-24,2026-08-24T19:00:09Z,Storage,westus2,200,26,73,0.0,3686.4,34.08984903,USD,False
2026-08-24,2026-08-24T19:00:09Z,Virtual Machines,australiaeast,200,135,193,0.014026,41.918,2.82755354,USD,True
2026-08-24,2026-08-24T19:00:09Z,Virtual Machines,brazilsouth,200,139,196,0.00303,133.07446,4.95829367,USD,True
2026-08-24,2026-08-24T19:00:09Z,Virtual Machines,eastus,200,143,198,0.0,117.7788,3.84629311,USD,True
2026-08-24,2026-08-24T19:00:09Z,Virtual Machines,eastus2,200,148,200,0.00846,116.052,4.38622156,USD,True
2026-08-24,2026-08-24T19:00:09Z,Virtual Machines,japaneast,200,129,198,0.00864,179.244241,4.59030583,USD,True
2026-08-24,2026-08-24T19:00:09Z,Virtual Machines,northeurope,200,150,200,0.00204,71.50672,2.80828054,USD,True
2026-08-24,2026-08-24T19:00:09Z,Virtual Machines,southeastasia,200,141,198,0.021067,213.0211,6.19225863,USD,True
2026-08-24,2026-08-24T19:00:09Z,Virtual Machines,swedencentral,200,127,198,0.011,196.6272,4.39442905,USD,True
2026-08-24,2026-08-24T19:00:09Z,Virtual Machines,westeurope,200,137,199,0.00216,139.89936,6.05897936,USD,True
2026-08-24,2026-08-24T19:00:09Z,Virtual Machines,westus2,200,152,196,0.004,451.616,7.56344765,USD,True
2026-08-25,2026-08-25T18:57:41Z,Application Gateway,australiaeast,22,8,5,0.008,0.522,0.15022182,USD,False
2026-08-25,2026-08-25T18:57:41Z,Application Gateway,brazilsouth,18,7,5,0.008,0.72,0.20858,USD,False
2026-08-25,2026-08-25T18:57:41Z,Application Gateway,eastus,22,8,5,0.008,0.448,0.12017727,USD,False
2026-08-25,2026-08-25T18:57:41Z,Application Gateway,eastus2,22,8,5,0.008,0.448,0.12017727,USD,False
2026-08-25,2026-08-25T18:57:41Z,Application Gateway,japaneast,18,7,5,0.008,0.522,0.16874278,USD,False
2026-08-25,2026-08-25T18:57:41Z,Application Gateway,northeurope,22,8,5,0.008,0.50176,0.13672182,USD,False
2026-08-25,2026-08-25T18:57:41Z,Application Gateway,southeastasia,22,8,5,0.008,0.50176,0.14207636,USD,False
2026-08-25,2026-08-25T18:57:41Z,Application Gateway,swedencentral,18,7,5,0.0076,0.50176,0.16225667,USD,False
2026-08-25,2026-08-25T18:57:41Z,Application Gateway,westeurope,22,8,5,0.008,0.50176,0.14206727,USD,False
2026-08-25,2026-08-25T18:57:41Z,Application Gateway,westus2,18,7,5,0.008,0.448,0.13827222,USD,False
2026-08-25,2026-08-25T18:57:41Z,Azure App Service,australiaeast,124,20,67,0.016,80.0,3.33422719,USD,False
2026-08-25,2026-08-25T18:57:41Z,Azure App Service,brazilsouth,102,18,56,0.0158,80.0,2.96177998,USD,False
2026-08-25,2026-08-25T18:57:41Z,Azure App Service,eastus,113,16,62,0.017,80.0,3.05313451,USD,False
2026-08-25,2026-08-25T18:57:41Z,Azure App Service,eastus2,117,17,63,0.0,80.0,3.02458982,USD,False
2026-08-25,2026-08-25T18:57:41Z,Azure App Service,japaneast,128,21,68,0.0,80.0,3.31481827,USD,False
2026-08-25,2026-08-25T18:57:41Z,Azure App Service,northeurope,113,16,62,0.018,80.0,3.45700196,USD,False
2026-08-25,2026-08-25T18:57:41Z,Azure App Service,southeastasia,113,16,62,0.018,80.0,3.50719758,USD,False
2026-08-25,2026-08-25T18:57:41Z,Azure App Service,swedencentral,111,17,60,0.0,80.0,3.06190559,USD,False
2026-08-25,2026-08-25T18:57:41Z,Azure App Service,westeurope,117,17,63,0.0,80.0,3.48324291,USD,False
2026-08-25,2026-08-25T18:57:41Z,Azure App Service,westus2,117,17,63,0.0,80.0,3.01730191,USD,False
2026-08-25,2026-08-25T18:57:41Z,Azure Cosmos DB,australiaeast,107,15,82,0.0,32.553,2.52593146,USD,False
2026-08-25,2026-08-25T18:57:41Z,Azure Cosmos DB,brazilsouth,104,15,79,0.0,44.9,3.55257904,USD,False
2026-08-25,2026-08-25T18:57:41Z,Azure Cosmos DB,eastus,99,14,76,0.0,22.45,2.07406196,USD,False
2026-08-25,2026-08-25T18:57:41Z,Azure Cosmos DB,eastus2,99,14,76,0.0,22.45,2.07625388,USD,False
2026-08-25,2026-08-25T18:57:41Z,Azure Cosmos DB,japaneast,107,15,82,0.0,32.553,2.53508311,USD,False
2026-08-25,2026-08-25T18:57:41Z,Azure Cosmos DB,northeurope,107,15,82,0.0,26.94,2.19932712,USD,False
2026-08-25,2026-08-25T18:57:41Z,Azure Cosmos DB,southeastasia,107,15,82,0.0,29.185,2.28686618,USD,False
2026-08-25,2026-08-25T18:57:41Z,Azure Cosmos DB,swedencentral,98,15,74,0.0,29.185,2.56274822,USD,False
2026-08-25,2026-08-25T18:57:41Z,Azure Cosmos DB,westeurope,107,15,82,0.0,29.185,2.37166421,USD,False
2026-08-25,2026-08-25T18:57:41Z,Azure Cosmos DB,westus2,99,14,76,0.0,22.45,2.04923503,USD,False
2026-08-25,2026-08-25T18:57:41Z,Azure Database for PostgreSQL,australiaeast,111,41,52,0.0,76.343,4.18510888,USD,False
2026-08-25,2026-08-25T18:57:41Z,Azure Database for PostgreSQL,brazilsouth,115,43,52,0.0,133.345,6.57288077,USD,False
2026-08-25,2026-08-25T18:57:41Z,Azure Database for PostgreSQL,eastus,114,43,52,0.0,63.619,3.3205212,USD,False
2026-08-25,2026-08-25T18:57:41Z,Azure Database for PostgreSQL,eastus2,115,44,52,0.0,63.619,3.2949558,USD,False
2026-08-25,2026-08-25T18:57:41Z,Azure Database for PostgreSQL,japaneast,114,43,52,0.0,76.343,4.07747831,USD,False
2026-08-25,2026-08-25T18:57:41Z,Azure Database for PostgreSQL,northeurope,116,45,52,0.0,71.253,3.64768923,USD,False
2026-08-25,2026-08-25T18:57:41Z,Azure Database for PostgreSQL,southeastasia,114,43,52,0.0,76.343,4.07462355,USD,False
2026-08-25,2026-08-25T18:57:41Z,Azure Database for PostgreSQL,swedencentral,108,41,51,0.0,65.4,3.60271752,USD,False
2026-08-25,2026-08-25T18:57:41Z,Azure Database for PostgreSQL,westeurope,118,47,52,0.0,77.615,3.89576631,USD,False
2026-08-25,2026-08-25T18:57:41Z,Azure Database for PostgreSQL,westus2,111,41,52,0.0,63.619,3.40882718,USD,False
2026-08-25,2026-08-25T18:57:41Z,Azure Kubernetes Service,australiaeast,8,1,1,0.010602,0.16,0.0385475,USD,False
2026-08-25,2026-08-25T18:57:41Z,Azure Kubernetes Service,brazilsouth,8,1,1,0.014624,0.16,0.045583,USD,False
2026-08-25,2026-08-25T18:57:41Z,Azure Kubernetes Service,eastus,9,2,2,0.007312,0.6,0.09581467,USD,False
2026-08-25,2026-08-25T18:57:41Z,Azure Kubernetes Service,eastus2,8,1,1,0.007312,0.16,0.0327915,USD,False
2026-08-25,2026-08-25T18:57:41Z,Azure Kubernetes Service,japaneast,8,1,1,0.010602,0.16,0.0385475,USD,False
2026-08-25,2026-08-25T18:57:41Z,Azure Kubernetes Service,northeurope,8,1,1,0.008774,0.16,0.0353495,USD,False
2026-08-25,2026-08-25T18:57:41Z,Azure Kubernetes Service,southeastasia,8,1,1,0.009506,0.16,0.036629,USD,False
2026-08-25,2026-08-25T18:57:41Z,Azure Kubernetes Service,swedencentral,8,1,1,0.009506,0.16,0.036629,USD,False
2026-08-25,2026-08-25T18:57:41Z,Azure Kubernetes Service,westeurope,8,1,1,0.010456,0.16,0.03829175,USD,False
2026-08-25,2026-08-25T18:57:41Z,Azure Kubernetes Service,westus2,8,1,1,0.007312,0.16,0.0327915,USD,False
2026-08-25,2026-08-25T18:57:41Z,Functions,australiaeast,9,2,3,0.0,0.182,0.02167433,USD,False
2026-08-25,2026-08-25T18:57:41Z,Functions,brazilsouth,9,2,3,0.0,0.183,0.02179656,USD,False
2026-08-25,2026-08-25T18:57:41Z,Functions,eastus,9,2,3,0.0,0.173,0.02059489,USD,False
2026-08-25,2026-08-25T18:57:41Z,Functions,eastus2,9,2,3,0.0,0.16,0.01905044,USD,False
2026-08-25,2026-08-25T18:57:41Z,Functions,japaneast,9,2,3,0.0,0.196,0.02333933,USD,False
2026-08-25,2026-08-25T18:57:41Z,Functions,northeurope,9,2,3,0.0,0.167,0.01988378,USD,False
2026-08-25,2026-08-25T18:57:41Z,Functions,southeastasia,9,2,3,0.0,0.178,0.02119656,USD,False
2026-08-25,2026-08-25T18:57:41Z,Functions,swedencentral,9,2,3,0.0,0.169,0.02012822,USD,False
2026-08-25,2026-08-25T18:57:41Z,Functions,westeurope,9,2,3,0.0,0.169,0.02012822,USD,False
2026-08-25,2026-08-25T18:57:41Z,Functions,westus2,9,2,3,0.0,0.16,0.01905044,USD,False
2026-08-25,2026-08-25T18:57:41Z,Load Balancer,australiaeast,0,0,0,,,,USD,False
2026-08-25,2026-08-25T18:57:41Z,Load Balancer,brazilsouth,0,0,0,,,,USD,False
2026-08-25,2026-08-25T18:57:41Z,Load Balancer,eastus,0,0,0,,,,USD,False
2026-08-25,2026-08-25T18:57:41Z,Load Balancer,eastus2,0,0,0,,,,USD,False
2026-08-25,2026-08-25T18:57:41Z,Load Balancer,japaneast,0,0,0,,,,USD,False
2026-08-25,2026-08-25T18:57:41Z,Load Balancer,northeurope,0,0,0,,,,USD,False
2026-08-25,2026-08-25T18:57:41Z,Load Balancer,southeastasia,0,0,0,,,,USD,False
2026-08-25,2026-08-25T18:57:41Z,Load Balancer,swedencentral,0,0,0,,,,USD,False
2026-08-25,2026-08-25T18:57:41Z,Load Balancer,westeurope,0,0,0,,,,USD,False
2026-08-25,2026-08-25T18:57:41Z,Load Balancer,westus2,0,0,0,,,,USD,False
2026-08-25,2026-08-25T18:57:41Z,SQL Database,australiaeast,154,37,77,0.0,571.408,22.78711522,USD,False
2026-08-25,2026-08-25T18:57:41Z,SQL Database,brazilsouth,109,35,71,0.0,627.26,31.3701431,USD,False
2026-08-25,2026-08-25T18:57:41Z,SQL Database,eastus,113,30,37,0.0,24.36,2.87434587,USD,False
2026-08-25,2026-08-25T18:57:41Z,SQL Database,eastus2,108,29,36,0.0,24.36,2.98343595,USD,False
2026-08-25,2026-08-25T18:57:41Z,SQL Database,japaneast,150,37,75,0.0,584.208,23.84588713,USD,False
2026-08-25,2026-08-25T18:57:41Z,SQL Database,northeurope,113,30,37,0.0,29.22,3.43563935,USD,False
2026-08-25,2026-08-25T18:57:41Z,SQL Database,southeastasia,111,29,37,0.0,31.66,3.77798125,USD,False
2026-08-25,2026-08-25T18:57:41Z,SQL Database,swedencentral,106,30,74,0.0,516.128,26.50978892,USD,False
2026-08-25,2026-08-25T18:57:41Z,SQL Database,westeurope,113,30,37,0.0,31.66,3.72220855,USD,False
2026-08-25,2026-08-25T18:57:41Z,SQL Database,westus2,111,29,37,0.0,24.36,2.91339714,USD,False
2026-08-25,2026-08-25T18:57:41Z,Storage,australiaeast,200,23,68,0.0,3342.34,23.89177272,USD,True
2026-08-25,2026-08-25T18:57:41Z,Storage,brazilsouth,200,27,62,0.0,4669.71,74.65290366,USD,True
2026-08-25,2026-08-25T18:57:41Z,Storage,eastus,200,28,70,0.0,3686.4,51.35685995,USD,False
2026-08-25,2026-08-25T18:57:41Z,Storage,eastus2,200,25,72,0.0,3686.4,24.146832,USD,False
2026-08-25,2026-08-25T18:57:41Z,Storage,japaneast,200,26,71,0.0,3109.035,41.43337182,USD,False
2026-08-25,2026-08-25T18:57:41Z,Storage,northeurope,200,26,69,0.0,3604.11,53.98662846,USD,False
2026-08-25,2026-08-25T18:57:41Z,Storage,southeastasia,200,28,79,0.0,3686.4,33.44616051,USD,False
2026-08-25,2026-08-25T18:57:41Z,Storage,swedencentral,200,26,76,0.0,3686.4,31.87963216,USD,True
2026-08-25,2026-08-25T18:57:41Z,Storage,westeurope,200,25,73,0.0,1982.17,32.12951834,USD,False
2026-08-25,2026-08-25T18:57:41Z,Storage,westus2,200,26,73,0.0,3686.4,34.08984903,USD,False
2026-08-25,2026-08-25T18:57:41Z,Virtual Machines,australiaeast,200,135,193,0.014026,41.918,2.82755354,USD,True
2026-08-25,2026-08-25T18:57:41Z,Virtual Machines,brazilsouth,200,139,196,0.00303,133.07446,4.95829367,USD,True
2026-08-25,2026-08-25T18:57:41Z,Virtual Machines,eastus,200,143,198,0.0,117.7788,3.84629311,USD,True
2026-08-25,2026-08-25T18:57:41Z,Virtual Machines,eastus2,200,148,200,0.00846,116.052,4.38622156,USD,True
2026-08-25,2026-08-25T18:57:41Z,Virtual Machines,japaneast,200,129,198,0.00864,179.244241,4.59030583,USD,True
2026-08-25,2026-08-25T18:57:41Z,Virtual Machines,northeurope,200,150,200,0.00204,71.50672,2.80828054,USD,True
2026-08-25,2026-08-25T18:57:41Z,Virtual Machines,southeastasia,200,141,198,0.021067,213.0211,6.19225863,USD,True
2026-08-25,2026-08-25T18:57:41Z,Virtual Machines,swedencentral,200,127,198,0.011,196.6272,4.39442905,USD,True
2026-08-25,2026-08-25T18:57:41Z,Virtual Machines,westeurope,200,137,199,0.00216,139.89936,6.05897936,USD,True
2026-08-25,2026-08-25T18:57:41Z,Virtual Machines,westus2,200,152,196,0.004,451.616,7.56344765,USD,True
2026-08-26,2026-08-26T20:03:08Z,Application Gateway,australiaeast,22,8,5,0.008,0.522,0.15022182,USD,False
2026-08-26,2026-08-26T20:03:08Z,Application Gateway,brazilsouth,18,7,5,0.008,0.72,0.20858,USD,False
2026-08-26,2026-08-26T20:03:08Z,Application Gateway,eastus,22,8,5,0.008,0.448,0.12017727,USD,False
2026-08-26,2026-08-26T20:03:08Z,Application Gateway,eastus2,22,8,5,0.008,0.448,0.12017727,USD,False
2026-08-26,2026-08-26T20:03:08Z,Application Gateway,japaneast,18,7,5,0.008,0.522,0.16874278,USD,False
2026-08-26,2026-08-26T20:03:08Z,Application Gateway,northeurope,22,8,5,0.008,0.50176,0.13672182,USD,False
2026-08-26,2026-08-26T20:03:08Z,Application Gateway,southeastasia,22,8,5,0.008,0.50176,0.14207636,USD,False
2026-08-26,2026-08-26T20:03:08Z,Application Gateway,swedencentral,18,7,5,0.0076,0.50176,0.16225667,USD,False
2026-08-26,2026-08-26T20:03:08Z,Application Gateway,westeurope,22,8,5,0.008,0.50176,0.14206727,USD,False
2026-08-26,2026-08-26T20:03:08Z,Application Gateway,westus2,18,7,5,0.008,0.448,0.13827222,USD,False
2026-08-26,2026-08-26T20:03:08Z,Azure App Service,australiaeast,124,20,67,0.016,80.0,3.33422719,USD,False
2026-08-26,2026-08-26T20:03:08Z,Azure App Service,brazilsouth,102,18,56,0.0158,80.0,2.96177998,USD,False
2026-08-26,2026-08-26T20:03:08Z,Azure App Service,eastus,113,16,62,0.017,80.0,3.05313451,USD,False
2026-08-26,2026-08-26T20:03:08Z,Azure App Service,eastus2,117,17,63,0.0,80.0,3.02458982,USD,False
2026-08-26,2026-08-26T20:03:08Z,Azure App Service,japaneast,128,21,68,0.0,80.0,3.31481827,USD,False
2026-08-26,2026-08-26T20:03:08Z,Azure App Service,northeurope,113,16,62,0.018,80.0,3.45700196,USD,False
2026-08-26,2026-08-26T20:03:08Z,Azure App Service,southeastasia,113,16,62,0.018,80.0,3.50719758,USD,False
2026-08-26,2026-08-26T20:03:08Z,Azure App Service,swedencentral,111,17,60,0.0,80.0,3.06190559,USD,False
2026-08-26,2026-08-26T20:03:08Z,Azure App Service,westeurope,117,17,63,0.0,80.0,3.48324291,USD,False
2026-08-26,2026-08-26T20:03:08Z,Azure App Service,westus2,117,17,63,0.0,80.0,3.01730191,USD,False
2026-08-26,2026-08-26T20:03:08Z,Azure Cosmos DB,australiaeast,107,15,82,0.0,32.553,2.52593146,USD,False
2026-08-26,2026-08-26T20:03:08Z,Azure Cosmos DB,brazilsouth,104,15,79,0.0,44.9,3.55257904,USD,False
2026-08-26,2026-08-26T20:03:08Z,Azure Cosmos DB,eastus,99,14,76,0.0,22.45,2.07406196,USD,False
2026-08-26,2026-08-26T20:03:08Z,Azure Cosmos DB,eastus2,99,14,76,0.0,22.45,2.07625388,USD,False
2026-08-26,2026-08-26T20:03:08Z,Azure Cosmos DB,japaneast,107,15,82,0.0,32.553,2.53508311,USD,False
2026-08-26,2026-08-26T20:03:08Z,Azure Cosmos DB,northeurope,107,15,82,0.0,26.94,2.19932712,USD,False
2026-08-26,2026-08-26T20:03:08Z,Azure Cosmos DB,southeastasia,107,15,82,0.0,29.185,2.28686618,USD,False
2026-08-26,2026-08-26T20:03:08Z,Azure Cosmos DB,swedencentral,98,15,74,0.0,29.185,2.56274822,USD,False
2026-08-26,2026-08-26T20:03:08Z,Azure Cosmos DB,westeurope,107,15,82,0.0,29.185,2.37166421,USD,False
2026-08-26,2026-08-26T20:03:08Z,Azure Cosmos DB,westus2,99,14,76,0.0,22.45,2.04923503,USD,False
2026-08-26,2026-08-26T20:03:08Z,Azure Database for PostgreSQL,australiaeast,111,41,52,0.0,76.343,4.18510888,USD,False
2026-08-26,2026-08-26T20:03:08Z,Azure Database for PostgreSQL,brazilsouth,115,43,52,0.0,133.345,6.57288077,USD,False
2026-08-26,2026-08-26T20:03:08Z,Azure Database for PostgreSQL,eastus,114,43,52,0.0,63.619,3.3205212,USD,False
2026-08-26,2026-08-26T20:03:08Z,Azure Database for PostgreSQL,eastus2,115,44,52,0.0,63.619,3.2949558,USD,False
2026-08-26,2026-08-26T20:03:08Z,Azure Database for PostgreSQL,japaneast,114,43,52,0.0,76.343,4.07747831,USD,False
2026-08-26,2026-08-26T20:03:08Z,Azure Database for PostgreSQL,northeurope,116,45,52,0.0,71.253,3.64768923,USD,False
2026-08-26,2026-08-26T20:03:08Z,Azure Database for PostgreSQL,southeastasia,114,43,52,0.0,76.343,4.07462355,USD,False
2026-08-26,2026-08-26T20:03:08Z,Azure Database for PostgreSQL,swedencentral,108,41,51,0.0,65.4,3.60271752,USD,False
2026-08-26,2026-08-26T20:03:08Z,Azure Database for PostgreSQL,westeurope,118,47,52,0.0,77.615,3.89576631,USD,False
2026-08-26,2026-08-26T20:03:08Z,Azure Database for PostgreSQL,westus2,111,41,52,0.0,63.619,3.40882718,USD,False
2026-08-26,2026-08-26T20:03:08Z,Azure Kubernetes Service,australiaeast,8,1,1,0.010602,0.16,0.0385475,USD,False
2026-08-26,2026-08-26T20:03:08Z,Azure Kubernetes Service,brazilsouth,8,1,1,0.014624,0.16,0.045583,USD,False
2026-08-26,2026-08-26T20:03:08Z,Azure Kubernetes Service,eastus,9,2,2,0.007312,0.6,0.09581467,USD,False
2026-08-26,2026-08-26T20:03:08Z,Azure Kubernetes Service,eastus2,8,1,1,0.007312,0.16,0.0327915,USD,False
2026-08-26,2026-08-26T20:03:08Z,Azure Kubernetes Service,japaneast,8,1,1,0.010602,0.16,0.0385475,USD,False
2026-08-26,2026-08-26T20:03:08Z,Azure Kubernetes Service,northeurope,8,1,1,0.008774,0.16,0.0353495,USD,False
2026-08-26,2026-08-26T20:03:08Z,Azure Kubernetes Service,southeastasia,8,1,1,0.009506,0.16,0.036629,USD,False
2026-08-26,2026-08-26T20:03:08Z,Azure Kubernetes Service,swedencentral,8,1,1,0.009506,0.16,0.036629,USD,False
2026-08-26,2026-08-26T20:03:08Z,Azure Kubernetes Service,westeurope,8,1,1,0.010456,0.16,0.03829175,USD,False
2026-08-26,2026-08-26T20:03:08Z,Azure Kubernetes Service,westus2,8,1,1,0.007312,0.16,0.0327915,USD,False
2026-08-26,2026-08-26T20:03:08Z,Functions,australiaeast,9,2,3,0.0,0.182,0.02167433,USD,False
2026-08-26,2026-08-26T20:03:08Z,Functions,brazilsouth,9,2,3,0.0,0.183,0.02179656,USD,False
2026-08-26,2026-08-26T20:03:08Z,Functions,eastus,9,2,3,0.0,0.173,0.02059489,USD,False
2026-08-26,2026-08-26T20:03:08Z,Functions,eastus2,9,2,3,0.0,0.16,0.01905044,USD,False
2026-08-26,2026-08-26T20:03:08Z,Functions,japaneast,9,2,3,0.0,0.196,0.02333933,USD,False
2026-08-26,2026-08-26T20:03:08Z,Functions,northeurope,9,2,3,0.0,0.167,0.01988378,USD,False
2026-08-26,2026-08-26T20:03:08Z,Functions,southeastasia,9,2,3,0.0,0.178,0.02119656,USD,False
2026-08-26,2026-08-26T20:03:08Z,Functions,swedencentral,9,2,3,0.0,0.169,0.02012822,USD,False
2026-08-26,2026-08-26T20:03:08Z,Functions,westeurope,9,2,3,0.0,0.169,0.02012822,USD,False
2026-08-26,2026-08-26T20:03:08Z,Functions,westus2,9,2,3,0.0,0.16,0.01905044,USD,False
2026-08-26,2026-08-26T20:03:08Z,Load Balancer,australiaeast,0,0,0,,,,USD,False
2026-08-26,2026-08-26T20:03:08Z,Load Balancer,brazilsouth,0,0,0,,,,USD,False
2026-08-26,2026-08-26T20:03:08Z,Load Balancer,eastus,0,0,0,,,,USD,False
2026-08-26,2026-08-26T20:03:08Z,Load Balancer,eastus2,0,0,0,,,,USD,False
2026-08-26,2026-08-26T20:03:08Z,Load Balancer,japaneast,0,0,0,,,,USD,False
2026-08-26,2026-08-26T20:03:08Z,Load Balancer,northeurope,0,0,0,,,,USD,False
2026-08-26,2026-08-26T20:03:08Z,Load Balancer,southeastasia,0,0,0,,,,USD,False
2026-08-26,2026-08-26T20:03:08Z,Load Balancer,swedencentral,0,0,0,,,,USD,False
2026-08-26,2026-08-26T20:03:08Z,Load Balancer,westeurope,0,0,0,,,,USD,False
2026-08-26,2026-08-26T20:03:08Z,Load Balancer,westus2,0,0,0,,,,USD,False
2026-08-26,2026-08-26T20:03:08Z,SQL Database,australiaeast,154,37,77,0.0,571.408,22.78711522,USD,False
2026-08-26,2026-08-26T20:03:08Z,SQL Database,brazilsouth,109,35,71,0.0,627.26,31.3701431,USD,False
2026-08-26,2026-08-26T20:03:08Z,SQL Database,eastus,113,30,37,0.0,24.36,2.87434587,USD,False
2026-08-26,2026-08-26T20:03:08Z,SQL Database,eastus2,108,29,36,0.0,24.36,2.98343595,USD,False
2026-08-26,2026-08-26T20:03:08Z,SQL Database,japaneast,150,37,75,0.0,584.208,23.84588713,USD,False
2026-08-26,2026-08-26T20:03:08Z,SQL Database,northeurope,113,30,37,0.0,29.22,3.43563935,USD,False
2026-08-26,2026-08-26T20:03:08Z,SQL Database,southeastasia,111,29,37,0.0,31.66,3.77798125,USD,False
2026-08-26,2026-08-26T20:03:08Z,SQL Database,swedencentral,106,30,74,0.0,516.128,26.50978892,USD,False
2026-08-26,2026-08-26T20:03:08Z,SQL Database,westeurope,113,30,37,0.0,31.66,3.72220855,USD,False
2026-08-26,2026-08-26T20:03:08Z,SQL Database,westus2,111,29,37,0.0,24.36,2.91339714,USD,False
2026-08-26,2026-08-26T20:03:08Z,Storage,australiaeast,200,23,68,0.0,3342.34,23.89177272,USD,True
2026-08-26,2026-08-26T20:03:08Z,Storage,brazilsouth,200,27,62,0.0,4669.71,74.65290366,USD,True
2026-08-26,2026-08-26T20:03:08Z,Storage,eastus,200,28,70,0.0,3686.4,51.35685995,USD,False
2026-08-26,2026-08-26T20:03:08Z,Storage,eastus2,200,25,72,0.0,3686.4,24.146832,USD,False
2026-08-26,2026-08-26T20:03:08Z,Storage,japaneast,200,26,71,0.0,3109.035,41.43337182,USD,False
2026-08-26,2026-08-26T20:03:08Z,Storage,northeurope,200,26,69,0.0,3604.11,53.98662846,USD,False
2026-08-26,2026-08-26T20:03:08Z,Storage,southeastasia,200,28,79,0.0,3686.4,33.44616051,USD,False
2026-08-26,2026-08-26T20:03:08Z,Storage,swedencentral,200,26,76,0.0,3686.4,31.87963216,USD,True
2026-08-26,2026-08-26T20:03:08Z,Storage,westeurope,200,25,73,0.0,1982.17,32.12951834,USD,False
2026-08-26,2026-08-26T20:03:08Z,Storage,westus2,200,26,73,0.0,3686.4,34.08984903,USD,False
2026-08-26,2026-08-26T20:03:08Z,Virtual Machines,australiaeast,200,135,193,0.014026,41.918,2.82755354,USD,True
2026-08-26,2026-08-26T20:03:08Z,Virtual Machines,brazilsouth,200,139,196,0.00303,133.07446,4.95829367,USD,True
2026-08-26,2026-08-26T20:03:08Z,Virtual Machines,eastus,200,143,198,0.0,117.7788,3.84629311,USD,True
2026-08-26,2026-08-26T20:03:08Z,Virtual Machines,eastus2,200,148,200,0.00846,116.052,4.38622156,USD,True
2026-08-26,2026-08-26T20:03:08Z,Virtual Machines,japaneast,200,129,198,0.00864,179.244241,4.59030583,USD,True
2026-08-26,2026-08-26T20:03:08Z,Virtual Machines,northeurope,200,150,200,0.00204,71.50672,2.80828054,USD,True
2026-08-26,2026-08-26T20:03:08Z,Virtual Machines,southeastasia,200,141,198,0.021067,213.0211,6.19225863,USD,True
2026-08-26,2026-08-26T20:03:08Z,Virtual Machines,swedencentral,200,127,198,0.011,196.6272,4.39442905,USD,True
2026-08-26,2026-08-26T20:03:08Z,Virtual Machines,westeurope,200,137,199,0.00216,139.89936,6.05897936,USD,True
2026-08-26,2026-08-26T20:03:08Z,Virtual Machines,westus2,200,152,196,0.004,451.616,7.56344765,USD,True
2026-08-27,2026-08-27T17:38:59Z,Application Gateway,australiaeast,22,8,5,0.008,0.522,0.15022182,USD,False
2026-08-27,2026-08-27T17:38:59Z,Application Gateway,brazilsouth,18,7,5,0.008,0.72,0.20858,USD,False
2026-08-27,2026-08-27T17:38:59Z,Application Gateway,eastus,22,8,5,0.008,0.448,0.12017727,USD,False
2026-08-27,2026-08-27T17:38:59Z,Application Gateway,eastus2,22,8,5,0.008,0.448,0.12017727,USD,False
2026-08-27,2026-08-27T17:38:59Z,Application Gateway,japaneast,18,7,5,0.008,0.522,0.16874278,USD,False
2026-08-27,2026-08-27T17:38:59Z,Application Gateway,northeurope,22,8,5,0.008,0.50176,0.13672182,USD,False
2026-08-27,2026-08-27T17:38:59Z,Application Gateway,southeastasia,22,8,5,0.008,0.50176,0.14207636,USD,False
2026-08-27,2026-08-27T17:38:59Z,Application Gateway,swedencentral,18,7,5,0.0076,0.50176,0.16225667,USD,False
2026-08-27,2026-08-27T17:38:59Z,Application Gateway,westeurope,22,8,5,0.008,0.50176,0.14206727,USD,False
2026-08-27,2026-08-27T17:38:59Z,Application Gateway,westus2,18,7,5,0.008,0.448,0.13827222,USD,False
2026-08-27,2026-08-27T17:38:59Z,Azure App Service,australiaeast,124,20,67,0.016,80.0,3.33422719,USD,False
2026-08-27,2026-08-27T17:38:59Z,Azure App Service,brazilsouth,102,18,56,0.0158,80.0,2.96177998,USD,False
2026-08-27,2026-08-27T17:38:59Z,Azure App Service,eastus,113,16,62,0.017,80.0,3.05313451,USD,False
2026-08-27,2026-08-27T17:38:59Z,Azure App Service,eastus2,117,17,63,0.0,80.0,3.02458982,USD,False
2026-08-27,2026-08-27T17:38:59Z,Azure App Service,japaneast,128,21,68,0.0,80.0,3.31481827,USD,False
2026-08-27,2026-08-27T17:38:59Z,Azure App Service,northeurope,113,16,62,0.018,80.0,3.45700196,USD,False
2026-08-27,2026-08-27T17:38:59Z,Azure App Service,southeastasia,113,16,62,0.018,80.0,3.50719758,USD,False
2026-08-27,2026-08-27T17:38:59Z,Azure App Service,swedencentral,111,17,60,0.0,80.0,3.06190559,USD,False
2026-08-27,2026-08-27T17:38:59Z,Azure App Service,westeurope,117,17,63,0.0,80.0,3.48324291,USD,False
2026-08-27,2026-08-27T17:38:59Z,Azure App Service,westus2,117,17,63,0.0,80.0,3.01730191,USD,False
2026-08-27,2026-08-27T17:38:59Z,Azure Cosmos DB,australiaeast,107,15,82,0.0,32.553,2.52593146,USD,False
2026-08-27,2026-08-27T17:38:59Z,Azure Cosmos DB,brazilsouth,104,15,79,0.0,44.9,3.55257904,USD,False
2026-08-27,2026-08-27T17:38:59Z,Azure Cosmos DB,eastus,99,14,76,0.0,22.45,2.07406196,USD,False
2026-08-27,2026-08-27T17:38:59Z,Azure Cosmos DB,eastus2,99,14,76,0.0,22.45,2.07625388,USD,False
2026-08-27,2026-08-27T17:38:59Z,Azure Cosmos DB,japaneast,107,15,82,0.0,32.553,2.53508311,USD,False
2026-08-27,2026-08-27T17:38:59Z,Azure Cosmos DB,northeurope,107,15,82,0.0,26.94,2.19932712,USD,False
2026-08-27,2026-08-27T17:38:59Z,Azure Cosmos DB,southeastasia,107,15,82,0.0,29.185,2.28686618,USD,False
2026-08-27,2026-08-27T17:38:59Z,Azure Cosmos DB,swedencentral,98,15,74,0.0,29.185,2.56274822,USD,False
2026-08-27,2026-08-27T17:38:59Z,Azure Cosmos DB,westeurope,107,15,82,0.0,29.185,2.37166421,USD,False
2026-08-27,2026-08-27T17:38:59Z,Azure Cosmos DB,westus2,99,14,76,0.0,22.45,2.04923503,USD,False
2026-08-27,2026-08-27T17:38:59Z,Azure Database for PostgreSQL,australiaeast,111,41,52,0.0,76.343,4.18510888,USD,False
2026-08-27,2026-08-27T17:38:59Z,Azure Database for PostgreSQL,brazilsouth,115,43,52,0.0,133.345,6.57288077,USD,False
2026-08-27,2026-08-27T17:38:59Z,Azure Database for PostgreSQL,eastus,114,43,52,0.0,63.619,3.3205212,USD,False
2026-08-27,2026-08-27T17:38:59Z,Azure Database for PostgreSQL,eastus2,115,44,52,0.0,63.619,3.2949558,USD,False
2026-08-27,2026-08-27T17:38:59Z,Azure Database for PostgreSQL,japaneast,114,43,52,0.0,76.343,4.07747831,USD,False
2026-08-27,2026-08-27T17:38:59Z,Azure Database for PostgreSQL,northeurope,116,45,52,0.0,71.253,3.64768923,USD,False
2026-08-27,2026-08-27T17:38:59Z,Azure Database for PostgreSQL,southeastasia,114,43,52,0.0,76.343,4.07462355,USD,False
2026-08-27,2026-08-27T17:38:59Z,Azure Database for PostgreSQL,swedencentral,108,41,51,0.0,65.4,3.60271752,USD,False
2026-08-27,2026-08-27T17:38:59Z,Azure Database for PostgreSQL,westeurope,118,47,52,0.0,77.615,3.89576631,USD,False
2026-08-27,2026-08-27T17:38:59Z,Azure Database for PostgreSQL,westus2,111,41,52,0.0,63.619,3.40882718,USD,False
2026-08-27,2026-08-27T17:38:59Z,Azure Kubernetes Service,australiaeast,8,1,1,0.010602,0.16,0.0385475,USD,False
2026-08-27,2026-08-27T17:38:59Z,Azure Kubernetes Service,brazilsouth,8,1,1,0.014624,0.16,0.045583,USD,False
2026-08-27,2026-08-27T17:38:59Z,Azure Kubernetes Service,eastus,9,2,2,0.007312,0.6,0.09581467,USD,False
2026-08-27,2026-08-27T17:38:59Z,Azure Kubernetes Service,eastus2,8,1,1,0.007312,0.16,0.0327915,USD,False
2026-08-27,2026-08-27T17:38:59Z,Azure Kubernetes Service,japaneast,8,1,1,0.010602,0.16,0.0385475,USD,False
2026-08-27,2026-08-27T17:38:59Z,Azure Kubernetes Service,northeurope,8,1,1,0.008774,0.16,0.0353495,USD,False
2026-08-27,2026-08-27T17:38:59Z,Azure Kubernetes Service,southeastasia,8,1,1,0.009506,0.16,0.036629,USD,False
2026-08-27,2026-08-27T17:38:59Z,Azure Kubernetes Service,swedencentral,8,1,1,0.009506,0.16,0.036629,USD,False
2026-08-27,2026-08-27T17:38:59Z,Azure Kubernetes Service,westeurope,8,1,1,0.010456,0.16,0.03829175,USD,False
2026-08-27,2026-08-27T17:38:59Z,Azure Kubernetes Service,westus2,8,1,1,0.007312,0.16,0.0327915,USD,False
2026-08-27,2026-08-27T17:38:59Z,Functions,australiaeast,9,2,3,0.0,0.182,0.02167433,USD,False
2026-08-27,2026-08-27T17:38:59Z,Functions,brazilsouth,9,2,3,0.0,0.183,0.02179656,USD,False
2026-08-27,2026-08-27T17:38:59Z,Functions,eastus,9,2,3,0.0,0.173,0.02059489,USD,False
2026-08-27,2026-08-27T17:38:59Z,Functions,eastus2,9,2,3,0.0,0.16,0.01905044,USD,False
2026-08-27,2026-08-27T17:38:59Z,Functions,japaneast,9,2,3,0.0,0.196,0.02333933,USD,False
2026-08-27,2026-08-27T17:38:59Z,Functions,northeurope,9,2,3,0.0,0.167,0.01988378,USD,False
2026-08-27,2026-08-27T17:38:59Z,Functions,southeastasia,9,2,3,0.0,0.178,0.02119656,USD,False
2026-08-27,2026-08-27T17:38:59Z,Functions,swedencentral,9,2,3,0.0,0.169,0.02012822,USD,False
2026-08-27,2026-08-27T17:38:59Z,Functions,westeurope,9,2,3,0.0,0.169,0.02012822,USD,False
2026-08-27,2026-08-27T17:38:59Z,Functions,westus2,9,2,3,0.0,0.16,0.01905044,USD,False
2026-08-27,2026-08-27T17:38:59Z,Load Balancer,australiaeast,0,0,0,,,,USD,False
2026-08-27,2026-08-27T17:38:59Z,Load Balancer,brazilsouth,0,0,0,,,,USD,False
2026-08-27,2026-08-27T17:38:59Z,Load Balancer,eastus,0,0,0,,,,USD,False
2026-08-27,2026-08-27T17:38:59Z,Load Balancer,eastus2,0,0,0,,,,USD,False
2026-08-27,2026-08-27T17:38:59Z,Load Balancer,japaneast,0,0,0,,,,USD,False
2026-08-27,2026-08-27T17:38:59Z,Load Balancer,northeurope,0,0,0,,,,USD,False
2026-08-27,2026-08-27T17:38:59Z,Load Balancer,southeastasia,0,0,0,,,,USD,False
2026-08-27,2026-08-27T17:38:59Z,Load Balancer,swedencentral,0,0,0,,,,USD,False
2026-08-27,2026-08-27T17:38:59Z,Load Balancer,westeurope,0,0,0,,,,USD,False
2026-08-27,2026-08-27T17:38:59Z,Load Balancer,westus2,0,0,0,,,,USD,False
2026-08-27,2026-08-27T17:38:59Z,SQL Database,australiaeast,154,37,77,0.0,571.408,22.78711522,USD,False
2026-08-27,2026-08-27T17:38:59Z,SQL Database,brazilsouth,109,35,71,0.0,627.26,31.3701431,USD,False
2026-08-27,2026-08-27T17:38:59Z,SQL Database,eastus,113,30,37,0.0,24.36,2.87434587,USD,False
2026-08-27,2026-08-27T17:38:59Z,SQL Database,eastus2,108,29,36,0.0,24.36,2.98343595,USD,False
2026-08-27,2026-08-27T17:38:59Z,SQL Database,japaneast,150,37,75,0.0,584.208,23.84588713,USD,False
2026-08-27,2026-08-27T17:38:59Z,SQL Database,northeurope,113,30,37,0.0,29.22,3.43563935,USD,False
2026-08-27,2026-08-27T17:38:59Z,SQL Database,southeastasia,111,29,37,0.0,31.66,3.77798125,USD,False
2026-08-27,2026-08-27T17:38:59Z,SQL Database,swedencentral,106,30,74,0.0,516.128,26.50978892,USD,False
2026-08-27,2026-08-27T17:38:59Z,SQL Database,westeurope,113,30,37,0.0,31.66,3.72220855,USD,False
2026-08-27,2026-08-27T17:38:59Z,SQL Database,westus2,111,29,37,0.0,24.36,2.91339714,USD,False
2026-08-27,2026-08-27T17:38:59Z,Storage,australiaeast,200,23,68,0.0,3342.34,23.89177272,USD,True
2026-08-27,2026-08-27T17:38:59Z,Storage,brazilsouth,200,27,62,0.0,4669.71,74.65290366,USD,True
2026-08-27,2026-08-27T17:38:59Z,Storage,eastus,200,28,70,0.0,3686.4,51.35685995,USD,False
2026-08-27,2026-08-27T17:38:59Z,Storage,eastus2,200,25,72,0.0,3686.4,24.146832,USD,False
2026-08-27,2026-08-27T17:38:59Z,Storage,japaneast,200,26,71,0.0,3109.035,41.43337182,USD,False
2026-08-27,2026-08-27T17:38:59Z,Storage,northeurope,200,26,69,0.0,3604.11,53.98662846,USD,False
2026-08-27,2026-08-27T17:38:59Z,Storage,southeastasia,200,28,79,0.0,3686.4,33.44616051,USD,False
2026-08-27,2026-08-27T17:38:59Z,Storage,swedencentral,200,26,76,0.0,3686.4,31.87963216,USD,True
2026-08-27,2026-08-27T17:38:59Z,Storage,westeurope,200,25,73,0.0,1982.17,32.12951834,USD,False
2026-08-27,2026-08-27T17:38:59Z,Storage,westus2,200,26,73,0.0,3686.4,34.08984903,USD,False
2026-08-27,2026-08-27T17:38:59Z,Virtual Machines,australiaeast,200,135,193,0.014026,41.918,2.82755354,USD,True
2026-08-27,2026-08-27T17:38:59Z,Virtual Machines,brazilsouth,200,139,196,0.00303,133.07446,4.95829367,USD,True
2026-08-27,2026-08-27T17:38:59Z,Virtual Machines,eastus,200,143,198,0.0,117.7788,3.84629311,USD,True
2026-08-27,2026-08-27T17:38:59Z,Virtual Machines,eastus2,200,148,200,0.00846,116.052,4.38622156,USD,True
2026-08-27,2026-08-27T17:38:59Z,Virtual Machines,japaneast,200,129,198,0.00864,179.244241,4.59030583,USD,True
2026-08-27,2026-08-27T17:38:59Z,Virtual Machines,northeurope,200,150,200,0.00204,71.50672,2.80828054,USD,True
2026-08-27,2026-08-27T17:38:59Z,Virtual Machines,southeastasia,200,141,198,0.021067,213.0211,6.19225863,USD,True
2026-08-27,2026-08-27T17:38:59Z,Virtual Machines,swedencentral,200,127,198,0.011,196.6272,4.39442905,USD,True
2026-08-27,2026-08-27T17:38:59Z,Virtual Machines,westeurope,200,137,199,0.00216,139.89936,6.05897936,USD,True
2026-08-27,2026-08-27T17:38:59Z,Virtual Machines,westus2,200,152,196,0.004,451.616,7.56344765,USD,True
2026-08-28,2026-08-28T02:11:21Z,Application Gateway,australiaeast,22,8,5,0.008,0.522,0.15022182,USD,False
2026-08-28,2026-08-28T02:11:21Z,Application Gateway,brazilsouth,18,7,5,0.008,0.72,0.20858,USD,False
2026-08-28,2026-08-28T02:11:21Z,Application Gateway,eastus,22,8,5,0.008,0.448,0.12017727,USD,False
2026-08-28,2026-08-28T02:11:21Z,Application Gateway,eastus2,22,8,5,0.008,0.448,0.12017727,USD,False
2026-08-28,2026-08-28T02:11:21Z,Application Gateway,japaneast,18,7,5,0.008,0.522,0.16874278,USD,False
2026-08-28,2026-08-28T02:11:21Z,Application Gateway,northeurope,22,8,5,0.008,0.50176,0.13672182,USD,False
2026-08-28,2026-08-28T02:11:21Z,Application Gateway,southeastasia,22,8,5,0.008,0.50176,0.14207636,USD,False
2026-08-28,2026-08-28T02:11:21Z,Application Gateway,swedencentral,18,7,5,0.0076,0.50176,0.16225667,USD,False
2026-08-28,2026-08-28T02:11:21Z,Application Gateway,westeurope,22,8,5,0.008,0.50176,0.14206727,USD,False
2026-08-28,2026-08-28T02:11:21Z,Application Gateway,westus2,18,7,5,0.008,0.448,0.13827222,USD,False
2026-08-28,2026-08-28T02:11:21Z,Azure App Service,australiaeast,124,20,67,0.016,80.0,3.33422719,USD,False
2026-08-28,2026-08-28T02:11:21Z,Azure App Service,brazilsouth,102,18,56,0.0158,80.0,2.96177998,USD,False
2026-08-28,2026-08-28T02:11:21Z,Azure App Service,eastus,113,16,62,0.017,80.0,3.05313451,USD,False
2026-08-28,2026-08-28T02:11:21Z,Azure App Service,eastus2,117,17,63,0.0,80.0,3.02458982,USD,False
2026-08-28,2026-08-28T02:11:21Z,Azure App Service,japaneast,128,21,68,0.0,80.0,3.31481827,USD,False
2026-08-28,2026-08-28T02:11:21Z,Azure App Service,northeurope,113,16,62,0.018,80.0,3.45700196,USD,False
2026-08-28,2026-08-28T02:11:21Z,Azure App Service,southeastasia,113,16,62,0.018,80.0,3.50719758,USD,False
2026-08-28,2026-08-28T02:11:21Z,Azure App Service,swedencentral,111,17,60,0.0,80.0,3.06190559,USD,False
2026-08-28,2026-08-28T02:11:21Z,Azure App Service,westeurope,117,17,63,0.0,80.0,3.48324291,USD,False
2026-08-28,2026-08-28T02:11:21Z,Azure App Service,westus2,117,17,63,0.0,80.0,3.01730191,USD,False
2026-08-28,2026-08-28T02:11:21Z,Azure Cosmos DB,australiaeast,107,15,82,0.0,32.553,2.52593146,USD,False
2026-08-28,2026-08-28T02:11:21Z,Azure Cosmos DB,brazilsouth,104,15,79,0.0,44.9,3.55257904,USD,False
2026-08-28,2026-08-28T02:11:21Z,Azure Cosmos DB,eastus,99,14,76,0.0,22.45,2.07406196,USD,False
2026-08-28,2026-08-28T02:11:21Z,Azure Cosmos DB,eastus2,99,14,76,0.0,22.45,2.07625388,USD,False
2026-08-28,2026-08-28T02:11:21Z,Azure Cosmos DB,japaneast,107,15,82,0.0,32.553,2.53508311,USD,False
2026-08-28,2026-08-28T02:11:21Z,Azure Cosmos DB,northeurope,107,15,82,0.0,26.94,2.19932712,USD,False
2026-08-28,2026-08-28T02:11:21Z,Azure Cosmos DB,southeastasia,107,15,82,0.0,29.185,2.28686618,USD,False
2026-08-28,2026-08-28T02:11:21Z,Azure Cosmos DB,swedencentral,98,15,74,0.0,29.185,2.56274822,USD,False
2026-08-28,2026-08-28T02:11:21Z,Azure Cosmos DB,westeurope,107,15,82,0.0,29.185,2.37166421,USD,False
2026-08-28,2026-08-28T02:11:21Z,Azure Cosmos DB,westus2,99,14,76,0.0,22.45,2.04923503,USD,False
2026-08-28,2026-08-28T02:11:21Z,Azure Database for PostgreSQL,australiaeast,111,41,52,0.0,76.343,4.18510888,USD,False
2026-08-28,2026-08-28T02:11:21Z,Azure Database for PostgreSQL,brazilsouth,115,43,52,0.0,133.345,6.57288077,USD,False
2026-08-28,2026-08-28T02:11:21Z,Azure Database for PostgreSQL,eastus,114,43,52,0.0,63.619,3.3205212,USD,False
2026-08-28,2026-08-28T02:11:21Z,Azure Database for PostgreSQL,eastus2,115,44,52,0.0,63.619,3.2949558,USD,False
2026-08-28,2026-08-28T02:11:21Z,Azure Database for PostgreSQL,japaneast,114,43,52,0.0,76.343,4.07747831,USD,False
2026-08-28,2026-08-28T02:11:21Z,Azure Database for PostgreSQL,northeurope,116,45,52,0.0,71.253,3.64768923,USD,False
2026-08-28,2026-08-28T02:11:21Z,Azure Database for PostgreSQL,southeastasia,114,43,52,0.0,76.343,4.07462355,USD,False
2026-08-28,2026-08-28T02:11:21Z,Azure Database for PostgreSQL,swedencentral,108,41,51,0.0,65.4,3.60271752,USD,False
2026-08-28,2026-08-28T02:11:21Z,Azure Database for PostgreSQL,westeurope,118,47,52,0.0,77.615,3.89576631,USD,False
2026-08-28,2026-08-28T02:11:21Z,Azure Database for PostgreSQL,westus2,111,41,52,0.0,63.619,3.40882718,USD,False
2026-08-28,2026-08-28T02:11:21Z,Azure Kubernetes Service,australiaeast,8,1,1,0.010602,0.16,0.0385475,USD,False
2026-08-28,2026-08-28T02:11:21Z,Azure Kubernetes Service,brazilsouth,8,1,1,0.014624,0.16,0.045583,USD,False
2026-08-28,2026-08-28T02:11:21Z,Azure Kubernetes Service,eastus,9,2,2,0.007312,0.6,0.09581467,USD,False
2026-08-28,2026-08-28T02:11:21Z,Azure Kubernetes Service,eastus2,8,1,1,0.007312,0.16,0.0327915,USD,False
2026-08-28,2026-08-28T02:11:21Z,Azure Kubernetes Service,japaneast,8,1,1,0.010602,0.16,0.0385475,USD,False
2026-08-28,2026-08-28T02:11:21Z,Azure Kubernetes Service,northeurope,8,1,1,0.008774,0.16,0.0353495,USD,False
2026-08-28,2026-08-28T02:11:21Z,Azure Kubernetes Service,southeastasia,8,1,1,0.009506,0.16,0.036629,USD,False
2026-08-28,2026-08-28T02:11:21Z,Azure Kubernetes Service,swedencentral,8,1,1,0.009506,0.16,0.036629,USD,False
2026-08-28,2026-08-28T02:11:21Z,Azure Kubernetes Service,westeurope,8,1,1,0.010456,0.16,0.03829175,USD,False
2026-08-28,2026-08-28T02:11:21Z,Azure Kubernetes Service,westus2,8,1,1,0.007312,0.16,0.0327915,USD,False
2026-08-28,2026-08-28T02:11:21Z,Functions,australiaeast,9,2,3,0.0,0.182,0.02167433,USD,False
2026-08-28,2026-08-28T02:11:21Z,Functions,brazilsouth,9,2,3,0.0,0.183,0.02179656,USD,False
2026-08-28,2026-08-28T02:11:21Z,Functions,eastus,9,2,3,0.0,0.173,0.02059489,USD,False
2026-08-28,2026-08-28T02:11:21Z,Functions,eastus2,9,2,3,0.0,0.16,0.01905044,USD,False
2026-08-28,2026-08-28T02:11:21Z,Functions,japaneast,9,2,3,0.0,0.196,0.02333933,USD,False
2026-08-28,2026-08-28T02:11:21Z,Functions,northeurope,9,2,3,0.0,0.167,0.01988378,USD,False
2026-08-28,2026-08-28T02:11:21Z,Functions,southeastasia,9,2,3,0.0,0.178,0.02119656,USD,False
2026-08-28,2026-08-28T02:11:21Z,Functions,swedencentral,9,2,3,0.0,0.169,0.02012822,USD,False
2026-08-28,2026-08-28T02:11:21Z,Functions,westeurope,9,2,3,0.0,0.169,0.02012822,USD,False
2026-08-28,2026-08-28T02:11:21Z,Functions,westus2,9,2,3,0.0,0.16,0.01905044,USD,False
2026-08-28,2026-08-28T02:11:21Z,Load Balancer,australiaeast,0,0,0,,,,USD,False
2026-08-28,2026-08-28T02:11:21Z,Load Balancer,brazilsouth,0,0,0,,,,USD,False
2026-08-28,2026-08-28T02:11:21Z,Load Balancer,eastus,0,0,0,,,,USD,False
2026-08-28,2026-08-28T02:11:21Z,Load Balancer,eastus2,0,0,0,,,,USD,False
2026-08-28,2026-08-28T02:11:21Z,Load Balancer,japaneast,0,0,0,,,,USD,False
2026-08-28,2026-08-28T02:11:21Z,Load Balancer,northeurope,0,0,0,,,,USD,False
2026-08-28,2026-08-28T02:11:21Z,Load Balancer,southeastasia,0,0,0,,,,USD,False
2026-08-28,2026-08-28T02:11:21Z,Load Balancer,swedencentral,0,0,0,,,,USD,False
2026-08-28,2026-08-28T02:11:21Z,Load Balancer,westeurope,0,0,0,,,,USD,False
2026-08-28,2026-08-28T02:11:21Z,Load Balancer,westus2,0,0,0,,,,USD,False
2026-08-28,2026-08-28T02:11:21Z,SQL Database,australiaeast,154,37,77,0.0,571.408,22.78711522,USD,False
2026-08-28,2026-08-28T02:11:21Z,SQL Database,brazilsouth,109,35,71,0.0,627.26,31.3701431,USD,False
2026-08-28,2026-08-28T02:11:21Z,SQL Database,eastus,113,30,37,0.0,24.36,2.87434587,USD,False
2026-08-28,2026-08-28T02:11:21Z,SQL Database,eastus2,108,29,36,0.0,24.36,2.98343595,USD,False
2026-08-28,2026-08-28T02:11:21Z,SQL Database,japaneast,150,37,75,0.0,584.208,23.84588713,USD,False
2026-08-28,2026-08-28T02:11:21Z,SQL Database,northeurope,113,30,37,0.0,29.22,3.43563935,USD,False
2026-08-28,2026-08-28T02:11:21Z,SQL Database,southeastasia,111,29,37,0.0,31.66,3.77798125,USD,False
2026-08-28,2026-08-28T02:11:21Z,SQL Database,swedencentral,106,30,74,0.0,516.128,26.50978892,USD,False
2026-08-28,2026-08-28T02:11:21Z,SQL Database,westeurope,113,30,37,0.0,31.66,3.72220855,USD,False
2026-08-28,2026-08-28T02:11:21Z,SQL Database,westus2,111,29,37,0.0,24.36,2.91339714,USD,False
2026-08-28,2026-08-28T02:11:21Z,Storage,australiaeast,200,23,68,0.0,3342.34,23.89177272,USD,True
2026-08-28,2026-08-28T02:11:21Z,Storage,brazilsouth,200,27,62,0.0,4669.71,74.65290366,USD,True
2026-08-28,2026-08-28T02:11:21Z,Storage,eastus,200,28,70,0.0,3686.4,51.35685995,USD,False
2026-08-28,2026-08-28T02:11:21Z,Storage,eastus2,200,25,72,0.0,3686.4,24.146832,USD,False
2026-08-28,2026-08-28T02:11:21Z,Storage,japaneast,200,26,71,0.0,3109.035,41.43337182,USD,False
2026-08-28,2026-08-28T02:11:21Z,Storage,northeurope,200,26,69,0.0,3604.11,53.98662846,USD,False
2026-08-28,2026-08-28T02:11:21Z,Storage,southeastasia,200,28,79,0.0,3686.4,33.44616051,USD,False
2026-08-28,2026-08-28T02:11:21Z,Storage,swedencentral,200,26,76,0.0,3686.4,31.87963216,USD,True
2026-08-28,2026-08-28T02:11:21Z,Storage,westeurope,200,25,73,0.0,1982.17,32.12951834,USD,False
2026-08-28,2026-08-28T02:11:21Z,Storage,westus2,200,26,73,0.0,3686.4,34.08984903,USD,False
2026-08-28,2026-08-28T02:11:21Z,Virtual Machines,australiaeast,200,135,193,0.014026,41.918,2.82755354,USD,True
2026-08-28,2026-08-28T02:11:21Z,Virtual Machines,brazilsouth,200,139,196,0.00303,133.07446,4.95829367,USD,True
2026-08-28,2026-08-28T02:11:21Z,Virtual Machines,eastus,200,143,198,0.0,117.7788,3.84629311,USD,True
2026-08-28,2026-08-28T02:11:21Z,Virtual Machines,eastus2,200,148,200,0.00846,116.052,4.38622156,USD,True
2026-08-28,2026-08-28T02:11:21Z,Virtual Machines,japaneast,200,129,198,0.00864,179.244241,4.59030583,USD,True
2026-08-28,2026-08-28T02:11:21Z,Virtual Machines,northeurope,200,150,200,0.00204,71.50672,2.80828054,USD,True
2026-08-28,2026-08-28T02:11:21Z,Virtual Machines,southeastasia,200,141,198,0.021067,213.0211,6.19225863,USD,True
2026-08-28,2026-08-28T02:11:21Z,Virtual Machines,swedencentral,200,127,198,0.011,196.6272,4.39442905,USD,True
2026-08-28,2026-08-28T02:11:21Z,Virtual Machines,westeurope,200,137,199,0.00216,139.89936,6.05897936,USD,True
2026-08-28,2026-08-28T02:11:21Z,Virtual Machines,westus2,200,152,196,0.004,451.616,7.56344765,USD,True
2026-08-29,2026-08-29T20:56:20Z,Application Gateway,australiaeast,22,8,5,0.008,0.522,0.15022182,USD,False
2026-08-29,2026-08-29T20:56:20Z,Application Gateway,brazilsouth,18,7,5,0.008,0.72,0.20858,USD,False
2026-08-29,2026-08-29T20:56:20Z,Application Gateway,eastus,22,8,5,0.008,0.448,0.12017727,USD,False
2026-08-29,2026-08-29T20:56:20Z,Application Gateway,eastus2,22,8,5,0.008,0.448,0.12017727,USD,False
2026-08-29,2026-08-29T20:56:20Z,Application Gateway,japaneast,18,7,5,0.008,0.522,0.16874278,USD,False
2026-08-29,2026-08-29T20:56:20Z,Application Gateway,northeurope,22,8,5,0.008,0.50176,0.13672182,USD,False
2026-08-29,2026-08-29T20:56:20Z,Application Gateway,southeastasia,22,8,5,0.008,0.50176,0.14207636,USD,False
2026-08-29,2026-08-29T20:56:20Z,Application Gateway,swedencentral,18,7,5,0.0076,0.50176,0.16225667,USD,False
2026-08-29,2026-08-29T20:56:20Z,Application Gateway,westeurope,22,8,5,0.008,0.50176,0.14206727,USD,False
2026-08-29,2026-08-29T20:56:20Z,Application Gateway,westus2,18,7,5,0.008,0.448,0.13827222,USD,False
2026-08-29,2026-08-29T20:56:20Z,Azure App Service,australiaeast,124,20,67,0.016,80.0,3.33422719,USD,False
2026-08-29,2026-08-29T20:56:20Z,Azure App Service,brazilsouth,102,18,56,0.0158,80.0,2.96177998,USD,False
2026-08-29,2026-08-29T20:56:20Z,Azure App Service,eastus,113,16,62,0.017,80.0,3.05313451,USD,False
2026-08-29,2026-08-29T20:56:20Z,Azure App Service,eastus2,117,17,63,0.0,80.0,3.02458982,USD,False
2026-08-29,2026-08-29T20:56:20Z,Azure App Service,japaneast,128,21,68,0.0,80.0,3.31481827,USD,False
2026-08-29,2026-08-29T20:56:20Z,Azure App Service,northeurope,113,16,62,0.018,80.0,3.45700196,USD,False
2026-08-29,2026-08-29T20:56:20Z,Azure App Service,southeastasia,113,16,62,0.018,80.0,3.50719758,USD,False
2026-08-29,2026-08-29T20:56:20Z,Azure App Service,swedencentral,111,17,60,0.0,80.0,3.06190559,USD,False
2026-08-29,2026-08-29T20:56:20Z,Azure App Service,westeurope,117,17,63,0.0,80.0,3.48324291,USD,False
2026-08-29,2026-08-29T20:56:20Z,Azure App Service,westus2,117,17,63,0.0,80.0,3.01730191,USD,False
2026-08-29,2026-08-29T20:56:20Z,Azure Cosmos DB,australiaeast,107,15,82,0.0,32.553,2.52593146,USD,False
2026-08-29,2026-08-29T20:56:20Z,Azure Cosmos DB,brazilsouth,104,15,79,0.0,44.9,3.55257904,USD,False
2026-08-29,2026-08-29T20:56:20Z,Azure Cosmos DB,eastus,99,14,76,0.0,22.45,2.07406196,USD,False
2026-08-29,2026-08-29T20:56:20Z,Azure Cosmos DB,eastus2,99,14,76,0.0,22.45,2.07625388,USD,False
2026-08-29,2026-08-29T20:56:20Z,Azure Cosmos DB,japaneast,107,15,82,0.0,32.553,2.53508311,USD,False
2026-08-29,2026-08-29T20:56:20Z,Azure Cosmos DB,northeurope,107,15,82,0.0,26.94,2.19932712,USD,False
2026-08-29,2026-08-29T20:56:20Z,Azure Cosmos DB,southeastasia,107,15,82,0.0,29.185,2.28686618,USD,False
2026-08-29,2026-08-29T20:56:20Z,Azure Cosmos DB,swedencentral,98,15,74,0.0,29.185,2.56274822,USD,False
2026-08-29,2026-08-29T20:56:20Z,Azure Cosmos DB,westeurope,107,15,82,0.0,29.185,2.37166421,USD,False
2026-08-29,2026-08-29T20:56:20Z,Azure Cosmos DB,westus2,99,14,76,0.0,22.45,2.04923503,USD,False
2026-08-29,2026-08-29T20:56:20Z,Azure Database for PostgreSQL,australiaeast,111,41,52,0.0,76.343,4.18510888,USD,False
2026-08-29,2026-08-29T20:56:20Z,Azure Database for PostgreSQL,brazilsouth,115,43,52,0.0,133.345,6.57288077,USD,False
2026-08-29,2026-08-29T20:56:20Z,Azure Database for PostgreSQL,eastus,114,43,52,0.0,63.619,3.3205212,USD,False
2026-08-29,2026-08-29T20:56:20Z,Azure Database for PostgreSQL,eastus2,115,44,52,0.0,63.619,3.2949558,USD,False
2026-08-29,2026-08-29T20:56:20Z,Azure Database for PostgreSQL,japaneast,114,43,52,0.0,76.343,4.07747831,USD,False
2026-08-29,2026-08-29T20:56:20Z,Azure Database for PostgreSQL,northeurope,116,45,52,0.0,71.253,3.64768923,USD,False
2026-08-29,2026-08-29T20:56:20Z,Azure Database for PostgreSQL,southeastasia,114,43,52,0.0,76.343,4.07462355,USD,False
2026-08-29,2026-08-29T20:56:20Z,Azure Database for PostgreSQL,swedencentral,108,41,51,0.0,65.4,3.60271752,USD,False
2026-08-29,2026-08-29T20:56:20Z,Azure Database for PostgreSQL,westeurope,118,47,52,0.0,77.615,3.89576631,USD,False
2026-08-29,2026-08-29T20:56:20Z,Azure Database for PostgreSQL,westus2,111,41,52,0.0,63.619,3.40882718,USD,False
2026-08-29,2026-08-29T20:56:20Z,Azure Kubernetes Service,australiaeast,8,1,1,0.010602,0.16,0.0385475,USD,False
2026-08-29,2026-08-29T20:56:20Z,Azure Kubernetes Service,brazilsouth,8,1,1,0.014624,0.16,0.045583,USD,False
2026-08-29,2026-08-29T20:56:20Z,Azure Kubernetes Service,eastus,9,2,2,0.007312,0.6,0.09581467,USD,False
2026-08-29,2026-08-29T20:56:20Z,Azure Kubernetes Service,eastus2,8,1,1,0.007312,0.16,0.0327915,USD,False
2026-08-29,2026-08-29T20:56:20Z,Azure Kubernetes Service,japaneast,8,1,1,0.010602,0.16,0.0385475,USD,False
2026-08-29,2026-08-29T20:56:20Z,Azure Kubernetes Service,northeurope,8,1,1,0.008774,0.16,0.0353495,USD,False
2026-08-29,2026-08-29T20:56:20Z,Azure Kubernetes Service,southeastasia,8,1,1,0.009506,0.16,0.036629,USD,False
2026-08-29,2026-08-29T20:56:20Z,Azure Kubernetes Service,swedencentral,8,1,1,0.009506,0.16,0.036629,USD,False
2026-08-29,2026-08-29T20:56:20Z,Azure Kubernetes Service,westeurope,8,1,1,0.010456,0.16,0.03829175,USD,False
2026-08-29,2026-08-29T20:56:20Z,Azure Kubernetes Service,westus2,8,1,1,0.007312,0.16,0.0327915,USD,False
2026-08-29,2026-08-29T20:56:20Z,Functions,australiaeast,9,2,3,0.0,0.182,0.02167433,USD,False
2026-08-29,2026-08-29T20:56:20Z,Functions,brazilsouth,9,2,3,0.0,0.183,0.02179656,USD,False
2026-08-29,2026-08-29T20:56:20Z,Functions,eastus,9,2,3,0.0,0.173,0.02059489,USD,False
2026-08-29,2026-08-29T20:56:20Z,Functions,eastus2,9,2,3,0.0,0.16,0.01905044,USD,False
2026-08-29,2026-08-29T20:56:20Z,Functions,japaneast,9,2,3,0.0,0.196,0.02333933,USD,False
2026-08-29,2026-08-29T20:56:20Z,Functions,northeurope,9,2,3,0.0,0.167,0.01988378,USD,False
2026-08-29,2026-08-29T20:56:20Z,Functions,southeastasia,9,2,3,0.0,0.178,0.02119656,USD,False
2026-08-29,2026-08-29T20:56:20Z,Functions,swedencentral,9,2,3,0.0,0.169,0.02012822,USD,False
2026-08-29,2026-08-29T20:56:20Z,Functions,westeurope,9,2,3,0.0,0.169,0.02012822,USD,False
2026-08-29,2026-08-29T20:56:20Z,Functions,westus2,9,2,3,0.0,0.16,0.01905044,USD,False
2026-08-29,2026-08-29T20:56:20Z,Load Balancer,australiaeast,0,0,0,,,,USD,False
2026-08-29,2026-08-29T20:56:20Z,Load Balancer,brazilsouth,0,0,0,,,,USD,False
2026-08-29,2026-08-29T20:56:20Z,Load Balancer,eastus,0,0,0,,,,USD,False
2026-08-29,2026-08-29T20:56:20Z,Load Balancer,eastus2,0,0,0,,,,USD,False
2026-08-29,2026-08-29T20:56:20Z,Load Balancer,japaneast,0,0,0,,,,USD,False
2026-08-29,2026-08-29T20:56:20Z,Load Balancer,northeurope,0,0,0,,,,USD,False
2026-08-29,2026-08-29T20:56:20Z,Load Balancer,southeastasia,0,0,0,,,,USD,False
2026-08-29,2026-08-29T20:56:20Z,Load Balancer,swedencentral,0,0,0,,,,USD,False
2026-08-29,2026-08-29T20:56:20Z,Load Balancer,westeurope,0,0,0,,,,USD,False
2026-08-29,2026-08-29T20:56:20Z,Load Balancer,westus2,0,0,0,,,,USD,False
2026-08-29,2026-08-29T20:56:20Z,SQL Database,australiaeast,154,37,77,0.0,571.408,22.78711522,USD,False
2026-08-29,2026-08-29T20:56:20Z,SQL Database,brazilsouth,109,35,71,0.0,627.26,31.3701431,USD,False
2026-08-29,2026-08-29T20:56:20Z,SQL Database,eastus,113,30,37,0.0,24.36,2.87434587,USD,False
2026-08-29,2026-08-29T20:56:20Z,SQL Database,eastus2,108,29,36,0.0,24.36,2.98343595,USD,False
2026-08-29,2026-08-29T20:56:20Z,SQL Database,japaneast,150,37,75,0.0,584.208,23.84588713,USD,False
2026-08-29,2026-08-29T20:56:20Z,SQL Database,northeurope,113,30,37,0.0,29.22,3.43563935,USD,False
2026-08-29,2026-08-29T20:56:20Z,SQL Database,southeastasia,111,29,37,0.0,31.66,3.77798125,USD,False
2026-08-29,2026-08-29T20:56:20Z,SQL Database,swedencentral,106,30,74,0.0,516.128,26.50978892,USD,False
2026-08-29,2026-08-29T20:56:20Z,SQL Database,westeurope,113,30,37,0.0,31.66,3.72220855,USD,False
2026-08-29,2026-08-29T20:56:20Z,SQL Database,westus2,111,29,37,0.0,24.36,2.91339714,USD,False
2026-08-29,2026-08-29T20:56:20Z,Storage,australiaeast,200,23,68,0.0,3342.34,23.89177272,USD,True
2026-08-29,2026-08-29T20:56:20Z,Storage,brazilsouth,200,27,62,0.0,4669.71,74.65290366,USD,True
2026-08-29,2026-08-29T20:56:20Z,Storage,eastus,200,28,70,0.0,3686.4,51.35685995,USD,False
2026-08-29,2026-08-29T20:56:20Z,Storage,eastus2,200,25,72,0.0,3686.4,24.146832,USD,False
2026-08-29,2026-08-29T20:56:20Z,Storage,japaneast,200,26,71,0.0,3109.035,41.43337182,USD,False
2026-08-29,2026-08-29T20:56:20Z,Storage,northeurope,200,26,69,0.0,3604.11,53.98662846,USD,False
2026-08-29,2026-08-29T20:56:20Z,Storage,southeastasia,200,28,79,0.0,3686.4,33.44616051,USD,False
2026-08-29,2026-08-29T20:56:20Z,Storage,swedencentral,200,26,76,0.0,3686.4,31.87963216,USD,True
2026-08-29,2026-08-29T20:56:20Z,Storage,westeurope,200,25,73,0.0,1982.17,32.12951834,USD,False
2026-08-29,2026-08-29T20:56:20Z,Storage,westus2,200,26,73,0.0,3686.4,34.08984903,USD,False
2026-08-29,2026-08-29T20:56:20Z,Virtual Machines,australiaeast,200,135,193,0.014026,41.918,2.82755354,USD,True
2026-08-29,2026-08-29T20:56:20Z,Virtual Machines,brazilsouth,200,139,196,0.00303,133.07446,4.95829367,USD,True
2026-08-29,2026-08-29T20:56:20Z,Virtual Machines,eastus,200,143,198,0.0,117.7788,3.84629311,USD,True
2026-08-29,2026-08-29T20:56:20Z,Virtual Machines,eastus2,200,148,200,0.00846,116.052,4.38622156,USD,True
2026-08-29,2026-08-29T20:56:20Z,Virtual Machines,japaneast,200,129,198,0.00864,179.244241,4.59030583,USD,True
2026-08-29,2026-08-29T20:56:20Z,Virtual Machines,northeurope,200,150,200,0.00204,71.50672,2.80828054,USD,True
2026-08-29,2026-08-29T20:56:20Z,Virtual Machines,southeastasia,200,141,198,0.021067,213.0211,6.19225863,USD,True
2026-08-29,2026-08-29T20:56:20Z,Virtual Machines,swedencentral,200,127,198,0.011,196.6272,4.39442905,USD,True
2026-08-29,2026-08-29T20:56:20Z,Virtual Machines,westeurope,200,137,199,0.00216,139.89936,6.05897936,USD,True
2026-08-29,2026-08-29T20:56:20Z,Virtual Machines,westus2,200,152,196,0.004,451.616,7.56344765,USD,True
2026-08-30,2026-08-30T21:07:43Z,Application Gateway,australiaeast,22,8,5,0.008,0.522,0.15022182,USD,False
2026-08-30,2026-08-30T21:07:43Z,Application Gateway,brazilsouth,18,7,5,0.008,0.72,0.20858,USD,False
2026-08-30,2026-08-30T21:07:43Z,Application Gateway,eastus,22,8,5,0.008,0.448,0.12017727,USD,False
2026-08-30,2026-08-30T21:07:43Z,Application Gateway,eastus2,22,8,5,0.008,0.448,0.12017727,USD,False
2026-08-30,2026-08-30T21:07:43Z,Application Gateway,japaneast,18,7,5,0.008,0.522,0.16874278,USD,False
2026-08-30,2026-08-30T21:07:43Z,Application Gateway,northeurope,22,8,5,0.008,0.50176,0.13672182,USD,False
2026-08-30,2026-08-30T21:07:43Z,Application Gateway,southeastasia,22,8,5,0.008,0.50176,0.14207636,USD,False
2026-08-30,2026-08-30T21:07:43Z,Application Gateway,swedencentral,18,7,5,0.0076,0.50176,0.16225667,USD,False
2026-08-30,2026-08-30T21:07:43Z,Application Gateway,westeurope,22,8,5,0.008,0.50176,0.14206727,USD,False
2026-08-30,2026-08-30T21:07:43Z,Application Gateway,westus2,18,7,5,0.008,0.448,0.13827222,USD,False
2026-08-30,2026-08-30T21:07:43Z,Azure App Service,australiaeast,124,20,67,0.016,80.0,3.33422719,USD,False
2026-08-30,2026-08-30T21:07:43Z,Azure App Service,brazilsouth,102,18,56,0.0158,80.0,2.96177998,USD,False
2026-08-30,2026-08-30T21:07:43Z,Azure App Service,eastus,113,16,62,0.017,80.0,3.05313451,USD,False
2026-08-30,2026-08-30T21:07:43Z,Azure App Service,eastus2,117,17,63,0.0,80.0,3.02458982,USD,False
2026-08-30,2026-08-30T21:07:43Z,Azure App Service,japaneast,128,21,68,0.0,80.0,3.31481827,USD,False
2026-08-30,2026-08-30T21:07:43Z,Azure App Service,northeurope,113,16,62,0.018,80.0,3.45700196,USD,False
2026-08-30,2026-08-30T21:07:43Z,Azure App Service,southeastasia,113,16,62,0.018,80.0,3.50719758,USD,False
2026-08-30,2026-08-30T21:07:43Z,Azure App Service,swedencentral,111,17,60,0.0,80.0,3.06190559,USD,False
2026-08-30,2026-08-30T21:07:43Z,Azure App Service,westeurope,117,17,63,0.0,80.0,3.48324291,USD,False
2026-08-30,2026-08-30T21:07:43Z,Azure App Service,westus2,117,17,63,0.0,80.0,3.01730191,USD,False
2026-08-30,2026-08-30T21:07:43Z,Azure Cosmos DB,australiaeast,107,15,82,0.0,32.553,2.52593146,USD,False
2026-08-30,2026-08-30T21:07:43Z,Azure Cosmos DB,brazilsouth,104,15,79,0.0,44.9,3.55257904,USD,False
2026-08-30,2026-08-30T21:07:43Z,Azure Cosmos DB,eastus,99,14,76,0.0,22.45,2.07406196,USD,False
2026-08-30,2026-08-30T21:07:43Z,Azure Cosmos DB,eastus2,99,14,76,0.0,22.45,2.07625388,USD,False
2026-08-30,2026-08-30T21:07:43Z,Azure Cosmos DB,japaneast,107,15,82,0.0,32.553,2.53508311,USD,False
2026-08-30,2026-08-30T21:07:43Z,Azure Cosmos DB,northeurope,107,15,82,0.0,26.94,2.19932712,USD,False
2026-08-30,2026-08-30T21:07:43Z,Azure Cosmos DB,southeastasia,107,15,82,0.0,29.185,2.28686618,USD,False
2026-08-30,2026-08-30T21:07:43Z,Azure Cosmos DB,swedencentral,98,15,74,0.0,29.185,2.56274822,USD,False
2026-08-30,2026-08-30T21:07:43Z,Azure Cosmos DB,westeurope,107,15,82,0.0,29.185,2.37166421,USD,False
2026-08-30,2026-08-30T21:07:43Z,Azure Cosmos DB,westus2,99,14,76,0.0,22.45,2.04923503,USD,False
2026-08-30,2026-08-30T21:07:43Z,Azure Database for PostgreSQL,australiaeast,111,41,52,0.0,76.343,4.18510888,USD,False
2026-08-30,2026-08-30T21:07:43Z,Azure Database for PostgreSQL,brazilsouth,115,43,52,0.0,133.345,6.57288077,USD,False
2026-08-30,2026-08-30T21:07:43Z,Azure Database for PostgreSQL,eastus,114,43,52,0.0,63.619,3.3205212,USD,False
2026-08-30,2026-08-30T21:07:43Z,Azure Database for PostgreSQL,eastus2,115,44,52,0.0,63.619,3.2949558,USD,False
2026-08-30,2026-08-30T21:07:43Z,Azure Database for PostgreSQL,japaneast,114,43,52,0.0,76.343,4.07747831,USD,False
2026-08-30,2026-08-30T21:07:43Z,Azure Database for PostgreSQL,northeurope,116,45,52,0.0,71.253,3.64768923,USD,False
2026-08-30,2026-08-30T21:07:43Z,Azure Database for PostgreSQL,southeastasia,114,43,52,0.0,76.343,4.07462355,USD,False
2026-08-30,2026-08-30T21:07:43Z,Azure Database for PostgreSQL,swedencentral,108,41,51,0.0,65.4,3.60271752,USD,False
2026-08-30,2026-08-30T21:07:43Z,Azure Database for PostgreSQL,westeurope,118,47,52,0.0,77.615,3.89576631,USD,False
2026-08-30,2026-08-30T21:07:43Z,Azure Database for PostgreSQL,westus2,111,41,52,0.0,63.619,3.40882718,USD,False
2026-08-30,2026-08-30T21:07:43Z,Azure Kubernetes Service,australiaeast,8,1,1,0.010602,0.16,0.0385475,USD,False
2026-08-30,2026-08-30T21:07:43Z,Azure Kubernetes Service,brazilsouth,8,1,1,0.014624,0.16,0.045583,USD,False
2026-08-30,2026-08-30T21:07:43Z,Azure Kubernetes Service,eastus,9,2,2,0.007312,0.6,0.09581467,USD,False
2026-08-30,2026-08-30T21:07:43Z,Azure Kubernetes Service,eastus2,8,1,1,0.007312,0.16,0.0327915,USD,False
2026-08-30,2026-08-30T21:07:43Z,Azure Kubernetes Service,japaneast,8,1,1,0.010602,0.16,0.0385475,USD,False
2026-08-30,2026-08-30T21:07:43Z,Azure Kubernetes Service,northeurope,8,1,1,0.008774,0.16,0.0353495,USD,False
2026-08-30,2026-08-30T21:07:43Z,Azure Kubernetes Service,southeastasia,8,1,1,0.009506,0.16,0.036629,USD,False
2026-08-30,2026-08-30T21:07:43Z,Azure Kubernetes Service,swedencentral,8,1,1,0.009506,0.16,0.036629,USD,False
2026-08-30,2026-08-30T21:07:43Z,Azure Kubernetes Service,westeurope,8,1,1,0.010456,0.16,0.03829175,USD,False
2026-08-30,2026-08-30T21:07:43Z,Azure Kubernetes Service,westus2,8,1,1,0.007312,0.16,0.0327915,USD,False
2026-08-30,2026-08-30T21:07:43Z,Functions,australiaeast,9,2,3,0.0,0.182,0.02167433,USD,False
2026-08-30,2026-08-30T21:07:43Z,Functions,brazilsouth,9,2,3,0.0,0.183,0.02179656,USD,False
2026-08-30,2026-08-30T21:07:43Z,Functions,eastus,9,2,3,0.0,0.173,0.02059489,USD,False
2026-08-30,2026-08-30T21:07:43Z,Functions,eastus2,9,2,3,0.0,0.16,0.01905044,USD,False
2026-08-30,2026-08-30T21:07:43Z,Functions,japaneast,9,2,3,0.0,0.196,0.02333933,USD,False
2026-08-30,2026-08-30T21:07:43Z,Functions,northeurope,9,2,3,0.0,0.167,0.01988378,USD,False
2026-08-30,2026-08-30T21:07:43Z,Functions,southeastasia,9,2,3,0.0,0.178,0.02119656,USD,False
2026-08-30,2026-08-30T21:07:43Z,Functions,swedencentral,9,2,3,0.0,0.169,0.02012822,USD,False
2026-08-30,2026-08-30T21:07:43Z,Functions,westeurope,9,2,3,0.0,0.169,0.02012822,USD,False
2026-08-30,2026-08-30T21:07:43Z,Functions,westus2,9,2,3,0.0,0.16,0.01905044,USD,False
2026-08-30,2026-08-30T21:07:43Z,Load Balancer,australiaeast,0,0,0,,,,USD,False
2026-08-30,2026-08-30T21:07:43Z,Load Balancer,brazilsouth,0,0,0,,,,USD,False
2026-08-30,2026-08-30T21:07:43Z,Load Balancer,eastus,0,0,0,,,,USD,False
2026-08-30,2026-08-30T21:07:43Z,Load Balancer,eastus2,0,0,0,,,,USD,False
2026-08-30,2026-08-30T21:07:43Z,Load Balancer,japaneast,0,0,0,,,,USD,False
2026-08-30,2026-08-30T21:07:43Z,Load Balancer,northeurope,0,0,0,,,,USD,False
2026-08-30,2026-08-30T21:07:43Z,Load Balancer,southeastasia,0,0,0,,,,USD,False
2026-08-30,2026-08-30T21:07:43Z,Load Balancer,swedencentral,0,0,0,,,,USD,False
2026-08-30,2026-08-30T21:07:43Z,Load Balancer,westeurope,0,0,0,,,,USD,False
2026-08-30,2026-08-30T21:07:43Z,Load Balancer,westus2,0,0,0,,,,USD,False
2026-08-30,2026-08-30T21:07:43Z,SQL Database,australiaeast,154,37,77,0.0,571.408,22.78711522,USD,False
2026-08-30,2026-08-30T21:07:43Z,SQL Database,brazilsouth,109,35,71,0.0,627.26,31.3701431,USD,False
2026-08-30,2026-08-30T21:07:43Z,SQL Database,eastus,113,30,37,0.0,24.36,2.87434587,USD,False
2026-08-30,2026-08-30T21:07:43Z,SQL Database,eastus2,108,29,36,0.0,24.36,2.98343595,USD,False
2026-08-30,2026-08-30T21:07:43Z,SQL Database,japaneast,150,37,75,0.0,584.208,23.84588713,USD,False
2026-08-30,2026-08-30T21:07:43Z,SQL Database,northeurope,113,30,37,0.0,29.22,3.43563935,USD,False
2026-08-30,2026-08-30T21:07:43Z,SQL Database,southeastasia,111,29,37,0.0,31.66,3.77798125,USD,False
2026-08-30,2026-08-30T21:07:43Z,SQL Database,swedencentral,106,30,74,0.0,516.128,26.50978892,USD,False
2026-08-30,2026-08-30T21:07:43Z,SQL Database,westeurope,113,30,37,0.0,31.66,3.72220855,USD,False
2026-08-30,2026-08-30T21:07:43Z,SQL Database,westus2,111,29,37,0.0,24.36,2.91339714,USD,False
2026-08-30,2026-08-30T21:07:43Z,Storage,australiaeast,200,23,68,0.0,3342.34,23.89177272,USD,True
2026-08-30,2026-08-30T21:07:43Z,Storage,brazilsouth,200,27,62,0.0,4669.71,74.65290366,USD,True
2026-08-30,2026-08-30T21:07:43Z,Storage,eastus,200,28,70,0.0,3686.4,51.35685995,USD,False
2026-08-30,2026-08-30T21:07:43Z,Storage,eastus2,200,25,72,0.0,3686.4,24.146832,USD,False
2026-08-30,2026-08-30T21:07:43Z,Storage,japaneast,200,26,71,0.0,3109.035,41.43337182,USD,False
2026-08-30,2026-08-30T21:07:43Z,Storage,northeurope,200,26,69,0.0,3604.11,53.98662846,USD,False
2026-08-30,2026-08-30T21:07:43Z,Storage,southeastasia,200,28,79,0.0,3686.4,33.44616051,USD,False
2026-08-30,2026-08-30T21:07:43Z,Storage,swedencentral,200,26,76,0.0,3686.4,31.87963216,USD,True
2026-08-30,2026-08-30T21:07:43Z,Storage,westeurope,200,25,73,0.0,1982.17,32.12951834,USD,False
2026-08-30,2026-08-30T21:07:43Z,Storage,westus2,200,26,73,0.0,3686.4,34.08984903,USD,False
2026-08-30,2026-08-30T21:07:43Z,Virtual Machines,australiaeast,200,135,193,0.014026,41.918,2.82755354,USD,True
2026-08-30,2026-08-30T21:07:43Z,Virtual Machines,brazilsouth,200,139,196,0.00303,133.07446,4.95829367,USD,True
2026-08-30,2026-08-30T21:07:43Z,Virtual Machines,eastus,200,143,198,0.0,117.7788,3.84629311,USD,True
2026-08-30,2026-08-30T21:07:43Z,Virtual Machines,eastus2,200,148,200,0.00846,116.052,4.38622156,USD,True
2026-08-30,2026-08-30T21:07:43Z,Virtual Machines,japaneast,200,129,198,0.00864,179.244241,4.59030583,USD,True
2026-08-30,2026-08-30T21:07:43Z,Virtual Machines,northeurope,200,150,200,0.00204,71.50672,2.80828054,USD,True
2026-08-30,2026-08-30T21:07:43Z,Virtual Machines,southeastasia,200,141,198,0.021067,213.0211,6.19225863,USD,True
2026-08-30,2026-08-30T21:07:43Z,Virtual Machines,swedencentral,200,127,198,0.011,196.6272,4.39442905,USD,True
2026-08-30,2026-08-30T21:07:43Z,Virtual Machines,westeurope,200,137,199,0.00216,139.89936,6.05897936,USD,True
2026-08-30,2026-08-30T21:07:43Z,Virtual Machines,westus2,200,152,196,0.004,451.616,7.56344765,USD,True
2026-08-31,2026-08-31T22:52:14Z,Application Gateway,australiaeast,22,8,5,0.008,0.522,0.15022182,USD,False
2026-08-31,2026-08-31T22:52:14Z,Application Gateway,brazilsouth,18,7,5,0.008,0.72,0.20858,USD,False
2026-08-31,2026-08-31T22:52:14Z,Application Gateway,eastus,22,8,5,0.008,0.448,0.12017727,USD,False
2026-08-31,2026-08-31T22:52:14Z,Application Gateway,eastus2,22,8,5,0.008,0.448,0.12017727,USD,False
2026-08-31,2026-08-31T22:52:14Z,Application Gateway,japaneast,18,7,5,0.008,0.522,0.16874278,USD,False
2026-08-31,2026-08-31T22:52:14Z,Application Gateway,northeurope,22,8,5,0.008,0.50176,0.13672182,USD,False
2026-08-31,2026-08-31T22:52:14Z,Application Gateway,southeastasia,22,8,5,0.008,0.50176,0.14207636,USD,False
2026-08-31,2026-08-31T22:52:14Z,Application Gateway,swedencentral,18,7,5,0.0076,0.50176,0.16225667,USD,False
2026-08-31,2026-08-31T22:52:14Z,Application Gateway,westeurope,22,8,5,0.008,0.50176,0.14206727,USD,False
2026-08-31,2026-08-31T22:52:14Z,Application Gateway,westus2,18,7,5,0.008,0.448,0.13827222,USD,False
2026-08-31,2026-08-31T22:52:14Z,Azure App Service,australiaeast,124,20,67,0.016,80.0,3.33422719,USD,False
2026-08-31,2026-08-31T22:52:14Z,Azure App Service,brazilsouth,102,18,56,0.0158,80.0,2.96177998,USD,False
2026-08-31,2026-08-31T22:52:14Z,Azure App Service,eastus,113,16,62,0.017,80.0,3.05313451,USD,False
2026-08-31,2026-08-31T22:52:14Z,Azure App Service,eastus2,117,17,63,0.0,80.0,3.02458982,USD,False
2026-08-31,2026-08-31T22:52:14Z,Azure App Service,japaneast,128,21,68,0.0,80.0,3.31481827,USD,False
2026-08-31,2026-08-31T22:52:14Z,Azure App Service,northeurope,113,16,62,0.018,80.0,3.45700196,USD,False
2026-08-31,2026-08-31T22:52:14Z,Azure App Service,southeastasia,113,16,62,0.018,80.0,3.50719758,USD,False
2026-08-31,2026-08-31T22:52:14Z,Azure App Service,swedencentral,111,17,60,0.0,80.0,3.06190559,USD,False
2026-08-31,2026-08-31T22:52:14Z,Azure App Service,westeurope,117,17,63,0.0,80.0,3.48324291,USD,False
2026-08-31,2026-08-31T22:52:14Z,Azure App Service,westus2,117,17,63,0.0,80.0,3.01730191,USD,False
2026-08-31,2026-08-31T22:52:14Z,Azure Cosmos DB,australiaeast,107,15,82,0.0,32.553,2.52593146,USD,False
2026-08-31,2026-08-31T22:52:14Z,Azure Cosmos DB,brazilsouth,104,15,79,0.0,44.9,3.55257904,USD,False
2026-08-31,2026-08-31T22:52:14Z,Azure Cosmos DB,eastus,99,14,76,0.0,22.45,2.07406196,USD,False
2026-08-31,2026-08-31T22:52:14Z,Azure Cosmos DB,eastus2,99,14,76,0.0,22.45,2.07625388,USD,False
2026-08-31,2026-08-31T22:52:14Z,Azure Cosmos DB,japaneast,107,15,82,0.0,32.553,2.53508311,USD,False
2026-08-31,2026-08-31T22:52:14Z,Azure Cosmos DB,northeurope,107,15,82,0.0,26.94,2.19932712,USD,False
2026-08-31,2026-08-31T22:52:14Z,Azure Cosmos DB,southeastasia,107,15,82,0.0,29.185,2.28686618,USD,False
2026-08-31,2026-08-31T22:52:14Z,Azure Cosmos DB,swedencentral,98,15,74,0.0,29.185,2.56274822,USD,False
2026-08-31,2026-08-31T22:52:14Z,Azure Cosmos DB,westeurope,107,15,82,0.0,29.185,2.37166421,USD,False
2026-08-31,2026-08-31T22:52:14Z,Azure Cosmos DB,westus2,99,14,76,0.0,22.45,2.04923503,USD,False
2026-08-31,2026-08-31T22:52:14Z,Azure Database for PostgreSQL,australiaeast,111,41,52,0.0,76.343,4.18510888,USD,False
2026-08-31,2026-08-31T22:52:14Z,Azure Database for PostgreSQL,brazilsouth,115,43,52,0.0,133.345,6.57288077,USD,False
2026-08-31,2026-08-31T22:52:14Z,Azure Database for PostgreSQL,eastus,114,43,52,0.0,63.619,3.3205212,USD,False
2026-08-31,2026-08-31T22:52:14Z,Azure Database for PostgreSQL,eastus2,115,44,52,0.0,63.619,3.2949558,USD,False
2026-08-31,2026-08-31T22:52:14Z,Azure Database for PostgreSQL,japaneast,114,43,52,0.0,76.343,4.07747831,USD,False
2026-08-31,2026-08-31T22:52:14Z,Azure Database for PostgreSQL,northeurope,116,45,52,0.0,71.253,3.64768923,USD,False
2026-08-31,2026-08-31T22:52:14Z,Azure Database for PostgreSQL,southeastasia,114,43,52,0.0,76.343,4.07462355,USD,False
2026-08-31,2026-08-31T22:52:14Z,Azure Database for PostgreSQL,swedencentral,108,41,51,0.0,65.4,3.60271752,USD,False
2026-08-31,2026-08-31T22:52:14Z,Azure Database for PostgreSQL,westeurope,118,47,52,0.0,77.615,3.89576631,USD,False
2026-08-31,2026-08-31T22:52:14Z,Azure Database for PostgreSQL,westus2,111,41,52,0.0,63.619,3.40882718,USD,False
2026-08-31,2026-08-31T22:52:14Z,Azure Kubernetes Service,australiaeast,8,1,1,0.010602,0.16,0.0385475,USD,False
2026-08-31,2026-08-31T22:52:14Z,Azure Kubernetes Service,brazilsouth,8,1,1,0.014624,0.16,0.045583,USD,False
2026-08-31,2026-08-31T22:52:14Z,Azure Kubernetes Service,eastus,9,2,2,0.007312,0.6,0.09581467,USD,False
2026-08-31,2026-08-31T22:52:14Z,Azure Kubernetes Service,eastus2,8,1,1,0.007312,0.16,0.0327915,USD,False
2026-08-31,2026-08-31T22:52:14Z,Azure Kubernetes Service,japaneast,8,1,1,0.010602,0.16,0.0385475,USD,False
2026-08-31,2026-08-31T22:52:14Z,Azure Kubernetes Service,northeurope,8,1,1,0.008774,0.16,0.0353495,USD,False
2026-08-31,2026-08-31T22:52:14Z,Azure Kubernetes Service,southeastasia,8,1,1,0.009506,0.16,0.036629,USD,False
2026-08-31,2026-08-31T22:52:14Z,Azure Kubernetes Service,swedencentral,8,1,1,0.009506,0.16,0.036629,USD,False
2026-08-31,2026-08-31T22:52:14Z,Azure Kubernetes Service,westeurope,8,1,1,0.010456,0.16,0.03829175,USD,False
2026-08-31,2026-08-31T22:52:14Z,Azure Kubernetes Service,westus2,8,1,1,0.007312,0.16,0.0327915,USD,False
2026-08-31,2026-08-31T22:52:14Z,Functions,australiaeast,9,2,3,0.0,0.182,0.02167433,USD,False
2026-08-31,2026-08-31T22:52:14Z,Functions,brazilsouth,9,2,3,0.0,0.183,0.02179656,USD,False
2026-08-31,2026-08-31T22:52:14Z,Functions,eastus,9,2,3,0.0,0.173,0.02059489,USD,False
2026-08-31,2026-08-31T22:52:14Z,Functions,eastus2,9,2,3,0.0,0.16,0.01905044,USD,False
2026-08-31,2026-08-31T22:52:14Z,Functions,japaneast,9,2,3,0.0,0.196,0.02333933,USD,False
2026-08-31,2026-08-31T22:52:14Z,Functions,northeurope,9,2,3,0.0,0.167,0.01988378,USD,False
2026-08-31,2026-08-31T22:52:14Z,Functions,southeastasia,9,2,3,0.0,0.178,0.02119656,USD,False
2026-08-31,2026-08-31T22:52:14Z,Functions,swedencentral,9,2,3,0.0,0.169,0.02012822,USD,False
2026-08-31,2026-08-31T22:52:14Z,Functions,westeurope,9,2,3,0.0,0.169,0.02012822,USD,False
2026-08-31,2026-08-31T22:52:14Z,Functions,westus2,9,2,3,0.0,0.16,0.01905044,USD,False
2026-08-31,2026-08-31T22:52:14Z,Load Balancer,australiaeast,0,0,0,,,,USD,False
2026-08-31,2026-08-31T22:52:14Z,Load Balancer,brazilsouth,0,0,0,,,,USD,False
2026-08-31,2026-08-31T22:52:14Z,Load Balancer,eastus,0,0,0,,,,USD,False
2026-08-31,2026-08-31T22:52:14Z,Load Balancer,eastus2,0,0,0,,,,USD,False
2026-08-31,2026-08-31T22:52:14Z,Load Balancer,japaneast,0,0,0,,,,USD,False
2026-08-31,2026-08-31T22:52:14Z,Load Balancer,northeurope,0,0,0,,,,USD,False
2026-08-31,2026-08-31T22:52:14Z,Load Balancer,southeastasia,0,0,0,,,,USD,False
2026-08-31,2026-08-31T22:52:14Z,Load Balancer,swedencentral,0,0,0,,,,USD,False
2026-08-31,2026-08-31T22:52:14Z,Load Balancer,westeurope,0,0,0,,,,USD,False
2026-08-31,2026-08-31T22:52:14Z,Load Balancer,westus2,0,0,0,,,,USD,False
2026-08-31,2026-08-31T22:52:14Z,SQL Database,australiaeast,154,37,77,0.0,571.408,22.78711522,USD,False
2026-08-31,2026-08-31T22:52:14Z,SQL Database,brazilsouth,109,35,71,0.0,627.26,31.3701431,USD,False
2026-08-31,2026-08-31T22:52:14Z,SQL Database,eastus,113,30,37,0.0,24.36,2.87434587,USD,False
2026-08-31,2026-08-31T22:52:14Z,SQL Database,eastus2,108,29,36,0.0,24.36,2.98343595,USD,False
2026-08-31,2026-08-31T22:52:14Z,SQL Database,japaneast,150,37,75,0.0,584.208,23.84588713,USD,False
2026-08-31,2026-08-31T22:52:14Z,SQL Database,northeurope,113,30,37,0.0,29.22,3.43563935,USD,False
2026-08-31,2026-08-31T22:52:14Z,SQL Database,southeastasia,111,29,37,0.0,31.66,3.77798125,USD,False
2026-08-31,2026-08-31T22:52:14Z,SQL Database,swedencentral,106,30,74,0.0,516.128,26.50978892,USD,False
2026-08-31,2026-08-31T22:52:14Z,SQL Database,westeurope,113,30,37,0.0,31.66,3.72220855,USD,False
2026-08-31,2026-08-31T22:52:14Z,SQL Database,westus2,111,29,37,0.0,24.36,2.91339714,USD,False
2026-08-31,2026-08-31T22:52:14Z,Storage,australiaeast,200,23,68,0.0,3342.34,23.89177272,USD,True
2026-08-31,2026-08-31T22:52:14Z,Storage,brazilsouth,200,27,62,0.0,4669.71,74.65290366,USD,True
2026-08-31,2026-08-31T22:52:14Z,Storage,eastus,200,28,70,0.0,3686.4,51.35685995,USD,False
2026-08-31,2026-08-31T22:52:14Z,Storage,eastus2,200,25,72,0.0,3686.4,24.146832,USD,False
2026-08-31,2026-08-31T22:52:14Z,Storage,japaneast,200,26,71,0.0,3109.035,41.43337182,USD,False
2026-08-31,2026-08-31T22:52:14Z,Storage,northeurope,200,26,69,0.0,3604.11,53.98662846,USD,False
2026-08-31,2026-08-31T22:52:14Z,Storage,southeastasia,200,28,79,0.0,3686.4,33.44616051,USD,False
2026-08-31,2026-08-31T22:52:14Z,Storage,swedencentral,200,26,76,0.0,3686.4,31.87963216,USD,True
2026-08-31,2026-08-31T22:52:14Z,Storage,westeurope,200,25,73,0.0,1982.17,32.12951834,USD,False
2026-08-31,2026-08-31T22:52:14Z,Storage,westus2,200,26,73,0.0,3686.4,34.08984903,USD,False
2026-08-31,2026-08-31T22:52:14Z,Virtual Machines,australiaeast,200,135,193,0.014026,41.918,2.82755354,USD,True
2026-08-31,2026-08-31T22:52:14Z,Virtual Machines,brazilsouth,200,139,196,0.00303,133.07446,4.95829367,USD,True
2026-08-31,2026-08-31T22:52:14Z,Virtual Machines,eastus,200,143,198,0.0,117.7788,3.84629311,USD,True
2026-08-31,2026-08-31T22:52:14Z,Virtual Machines,eastus2,200,148,200,0.00846,116.052,4.38622156,USD,True
2026-08-31,2026-08-31T22:52:14Z,Virtual Machines,japaneast,200,129,198,0.00864,179.244241,4.59030583,USD,True
2026-08-31,2026-08-31T22:52:14Z,Virtual Machines,northeurope,200,150,200,0.00204,71.50672,2.80828054,USD,True
2026-08-31,2026-08-31T22:52:14Z,Virtual Machines,southeastasia,200,141,198,0.021067,213.0211,6.19225863,USD,True
2026-08-31,2026-08-31T22:52:14Z,Virtual Machines,swedencentral,200,127,198,0.011,196.6272,4.39442905,USD,True
2026-08-31,2026-08-31T22:52:14Z,Virtual Machines,westeurope,200,137,199,0.00216,139.89936,6.05897936,USD,True
2026-08-31,2026-08-31T22:52:14Z,Virtual Machines,westus2,200,152,196,0.004,451.616,7.56344765,USD,True
2026-09-01,2026-09-01T11:41:00Z,Application Gateway,australiaeast,22,8,5,0.008,0.522,0.15022182,USD,False
2026-09-01,2026-09-01T11:41:00Z,Application Gateway,brazilsouth,18,7,5,0.008,0.72,0.20858,USD,False
2026-09-01,2026-09-01T11:41:00Z,Application Gateway,eastus,22,8,5,0.008,0.448,0.12017727,USD,False
2026-09-01,2026-09-01T11:41:00Z,Application Gateway,eastus2,22,8,5,0.008,0.448,0.12017727,USD,False
2026-09-01,2026-09-01T11:41:00Z,Application Gateway,japaneast,18,7,5,0.008,0.522,0.16874278,USD,False
2026-09-01,2026-09-01T11:41:00Z,Application Gateway,northeurope,22,8,5,0.008,0.50176,0.13672182,USD,False
2026-09-01,2026-09-01T11:41:00Z,Application Gateway,southeastasia,22,8,5,0.008,0.50176,0.14207636,USD,False
2026-09-01,2026-09-01T11:41:00Z,Application Gateway,swedencentral,18,7,5,0.0076,0.50176,0.16225667,USD,False
2026-09-01,2026-09-01T11:41:00Z,Application Gateway,westeurope,22,8,5,0.008,0.50176,0.14206727,USD,False
2026-09-01,2026-09-01T11:41:00Z,Application Gateway,westus2,18,7,5,0.008,0.448,0.13827222,USD,False
2026-09-01,2026-09-01T11:41:00Z,Azure App Service,australiaeast,124,20,67,0.016,80.0,3.33422719,USD,False
2026-09-01,2026-09-01T11:41:00Z,Azure App Service,brazilsouth,102,18,56,0.0158,80.0,2.96177998,USD,False
2026-09-01,2026-09-01T11:41:00Z,Azure App Service,eastus,113,16,62,0.017,80.0,3.05313451,USD,False
2026-09-01,2026-09-01T11:41:00Z,Azure App Service,eastus2,117,17,63,0.0,80.0,3.02458982,USD,False
2026-09-01,2026-09-01T11:41:00Z,Azure App Service,japaneast,128,21,68,0.0,80.0,3.31481827,USD,False
2026-09-01,2026-09-01T11:41:00Z,Azure App Service,northeurope,113,16,62,0.018,80.0,3.45700196,USD,False
2026-09-01,2026-09-01T11:41:00Z,Azure App Service,southeastasia,113,16,62,0.018,80.0,3.50719758,USD,False
2026-09-01,2026-09-01T11:41:00Z,Azure App Service,swedencentral,111,17,60,0.0,80.0,3.06190559,USD,False
2026-09-01,2026-09-01T11:41:00Z,Azure App Service,westeurope,117,17,63,0.0,80.0,3.48324291,USD,False
2026-09-01,2026-09-01T11:41:00Z,Azure App Service,westus2,117,17,63,0.0,80.0,3.01730191,USD,False
2026-09-01,2026-09-01T11:41:00Z,Azure Cosmos DB,australiaeast,108,16,83,0.0,32.553,2.50455709,USD,False
2026-09-01,2026-09-01T11:41:00Z,Azure Cosmos DB,brazilsouth,105,16,80,0.0,44.9,3.5216021,USD,False
2026-09-01,2026-09-01T11:41:00Z,Azure Cosmos DB,eastus,100,15,77,0.0,22.45,2.05482134,USD,False
2026-09-01,2026-09-01T11:41:00Z,Azure Cosmos DB,eastus2,100,15,77,0.0,22.45,2.05699134,USD,False
2026-09-01,2026-09-01T11:41:00Z,Azure Cosmos DB,japaneast,108,16,83,0.0,32.553,2.51362401,USD,False
2026-09-01,2026-09-01T11:41:00Z,Azure Cosmos DB,northeurope,108,16,83,0.0,26.94,2.18094909,USD,False
2026-09-01,2026-09-01T11:41:00Z,Azure Cosmos DB,southeastasia,108,16,83,0.0,29.185,2.26763594,USD,False
2026-09-01,2026-09-01T11:41:00Z,Azure Cosmos DB,swedencentral,99,16,75,0.0,29.185,2.53883158,USD,False
2026-09-01,2026-09-01T11:41:00Z,Azure Cosmos DB,westeurope,108,16,83,0.0,29.185,2.35169047,USD,False
2026-09-01,2026-09-01T11:41:00Z,Azure Cosmos DB,westus2,100,15,77,0.0,22.45,2.03024268,USD,False
2026-09-01,2026-09-01T11:41:00Z,Azure Database for PostgreSQL,australiaeast,111,41,52,0.0,76.343,4.18510888,USD,False
2026-09-01,2026-09-01T11:41:00Z,Azure Database for PostgreSQL,brazilsouth,115,43,52,0.0,133.345,6.57288077,USD,False
2026-09-01,2026-09-01T11:41:00Z,Azure Database for PostgreSQL,eastus,114,43,52,0.0,63.619,3.3205212,USD,False
2026-09-01,2026-09-01T11:41:00Z,Azure Database for PostgreSQL,eastus2,115,44,52,0.0,63.619,3.2949558,USD,False
2026-09-01,2026-09-01T11:41:00Z,Azure Database for PostgreSQL,japaneast,114,43,52,0.0,76.343,4.07747831,USD,False
2026-09-01,2026-09-01T11:41:00Z,Azure Database for PostgreSQL,northeurope,116,45,52,0.0,71.253,3.64768923,USD,False
2026-09-01,2026-09-01T11:41:00Z,Azure Database for PostgreSQL,southeastasia,114,43,52,0.0,76.343,4.07462355,USD,False
2026-09-01,2026-09-01T11:41:00Z,Azure Database for PostgreSQL,swedencentral,108,41,51,0.0,65.4,3.60271752,USD,False
2026-09-01,2026-09-01T11:41:00Z,Azure Database for PostgreSQL,westeurope,118,47,52,0.0,77.615,3.89576631,USD,False
2026-09-01,2026-09-01T11:41:00Z,Azure Database for PostgreSQL,westus2,111,41,52,0.0,63.619,3.40882718,USD,False
2026-09-01,2026-09-01T11:41:00Z,Azure Kubernetes Service,australiaeast,8,1,1,0.010602,0.16,0.0385475,USD,False
2026-09-01,2026-09-01T11:41:00Z,Azure Kubernetes Service,brazilsouth,8,1,1,0.014624,0.16,0.045583,USD,False
2026-09-01,2026-09-01T11:41:00Z,Azure Kubernetes Service,eastus,9,2,2,0.007312,0.6,0.09581467,USD,False
2026-09-01,2026-09-01T11:41:00Z,Azure Kubernetes Service,eastus2,8,1,1,0.007312,0.16,0.0327915,USD,False
2026-09-01,2026-09-01T11:41:00Z,Azure Kubernetes Service,japaneast,8,1,1,0.010602,0.16,0.0385475,USD,False
2026-09-01,2026-09-01T11:41:00Z,Azure Kubernetes Service,northeurope,8,1,1,0.008774,0.16,0.0353495,USD,False
2026-09-01,2026-09-01T11:41:00Z,Azure Kubernetes Service,southeastasia,8,1,1,0.009506,0.16,0.036629,USD,False
2026-09-01,2026-09-01T11:41:00Z,Azure Kubernetes Service,swedencentral,8,1,1,0.009506,0.16,0.036629,USD,False
2026-09-01,2026-09-01T11:41:00Z,Azure Kubernetes Service,westeurope,8,1,1,0.010456,0.16,0.03829175,USD,False
2026-09-01,2026-09-01T11:41:00Z,Azure Kubernetes Service,westus2,8,1,1,0.007312,0.16,0.0327915,USD,False
2026-09-01,2026-09-01T11:41:00Z,Functions,australiaeast,9,2,3,0.0,0.182,0.02167433,USD,False
2026-09-01,2026-09-01T11:41:00Z,Functions,brazilsouth,9,2,3,0.0,0.183,0.02179656,USD,False
2026-09-01,2026-09-01T11:41:00Z,Functions,eastus,9,2,3,0.0,0.173,0.02059489,USD,False
2026-09-01,2026-09-01T11:41:00Z,Functions,eastus2,9,2,3,0.0,0.16,0.01905044,USD,False
2026-09-01,2026-09-01T11:41:00Z,Functions,japaneast,9,2,3,0.0,0.196,0.02333933,USD,False
2026-09-01,2026-09-01T11:41:00Z,Functions,northeurope,9,2,3,0.0,0.167,0.01988378,USD,False
2026-09-01,2026-09-01T11:41:00Z,Functions,southeastasia,9,2,3,0.0,0.178,0.02119656,USD,False
2026-09-01,2026-09-01T11:41:00Z,Functions,swedencentral,9,2,3,0.0,0.169,0.02012822,USD,False
2026-09-01,2026-09-01T11:41:00Z,Functions,westeurope,9,2,3,0.0,0.169,0.02012822,USD,False
2026-09-01,2026-09-01T11:41:00Z,Functions,westus2,9,2,3,0.0,0.16,0.01905044,USD,False
2026-09-01,2026-09-01T11:41:00Z,Load Balancer,australiaeast,0,0,0,,,,USD,False
2026-09-01,2026-09-01T11:41:00Z,Load Balancer,brazilsouth,0,0,0,,,,USD,False
2026-09-01,2026-09-01T11:41:00Z,Load Balancer,eastus,0,0,0,,,,USD,False
2026-09-01,2026-09-01T11:41:00Z,Load Balancer,eastus2,0,0,0,,,,USD,False
2026-09-01,2026-09-01T11:41:00Z,Load Balancer,japaneast,0,0,0,,,,USD,False
2026-09-01,2026-09-01T11:41:00Z,Load Balancer,northeurope,0,0,0,,,,USD,False
2026-09-01,2026-09-01T11:41:00Z,Load Balancer,southeastasia,0,0,0,,,,USD,False
2026-09-01,2026-09-01T11:41:00Z,Load Balancer,swedencentral,0,0,0,,,,USD,False
2026-09-01,2026-09-01T11:41:00Z,Load Balancer,westeurope,0,0,0,,,,USD,False
2026-09-01,2026-09-01T11:41:00Z,Load Balancer,westus2,0,0,0,,,,USD,False
2026-09-01,2026-09-01T11:41:00Z,SQL Database,australiaeast,154,37,77,0.0,571.408,22.78711522,USD,False
2026-09-01,2026-09-01T11:41:00Z,SQL Database,brazilsouth,109,35,71,0.0,627.26,31.3701431,USD,False
2026-09-01,2026-09-01T11:41:00Z,SQL Database,eastus,113,30,37,0.0,24.36,2.87434587,USD,False
2026-09-01,2026-09-01T11:41:00Z,SQL Database,eastus2,108,29,36,0.0,24.36,2.98343595,USD,False
2026-09-01,2026-09-01T11:41:00Z,SQL Database,japaneast,150,37,75,0.0,584.208,23.84588713,USD,False
2026-09-01,2026-09-01T11:41:00Z,SQL Database,northeurope,113,30,37,0.0,29.22,3.43563935,USD,False
2026-09-01,2026-09-01T11:41:00Z,SQL Database,southeastasia,111,29,37,0.0,31.66,3.77798125,USD,False
2026-09-01,2026-09-01T11:41:00Z,SQL Database,swedencentral,106,30,74,0.0,516.128,26.50978892,USD,False
2026-09-01,2026-09-01T11:41:00Z,SQL Database,westeurope,113,30,37,0.0,31.66,3.72220855,USD,False
2026-09-01,2026-09-01T11:41:00Z,SQL Database,westus2,111,29,37,0.0,24.36,2.91339714,USD,False
2026-09-01,2026-09-01T11:41:00Z,Storage,australiaeast,200,23,68,0.0,3342.34,23.89177272,USD,True
2026-09-01,2026-09-01T11:41:00Z,Storage,brazilsouth,200,27,62,0.0,4669.71,74.65290366,USD,True
2026-09-01,2026-09-01T11:41:00Z,Storage,eastus,200,28,70,0.0,3686.4,51.35685995,USD,False
2026-09-01,2026-09-01T11:41:00Z,Storage,eastus2,200,25,72,0.0,3686.4,24.146832,USD,False
2026-09-01,2026-09-01T11:41:00Z,Storage,japaneast,200,26,71,0.0,3109.035,41.43337182,USD,False
2026-09-01,2026-09-01T11:41:00Z,Storage,northeurope,200,26,69,0.0,3604.11,53.98662846,USD,False
2026-09-01,2026-09-01T11:41:00Z,Storage,southeastasia,200,28,79,0.0,3686.4,33.44616051,USD,False
2026-09-01,2026-09-01T11:41:00Z,Storage,swedencentral,200,26,76,0.0,3686.4,31.87963216,USD,True
2026-09-01,2026-09-01T11:41:00Z,Storage,westeurope,200,25,73,0.0,1982.17,32.12951834,USD,False
2026-09-01,2026-09-01T11:41:00Z,Storage,westus2,200,26,73,0.0,3686.4,34.08984903,USD,False
2026-09-01,2026-09-01T11:41:00Z,Virtual Machines,australiaeast,200,130,184,0.02735,41.918,2.885288,USD,True
2026-09-01,2026-09-01T11:41:00Z,Virtual Machines,brazilsouth,200,132,184,0.00303,93.0029,4.2978133,USD,True
2026-09-01,2026-09-01T11:41:00Z,Virtual Machines,eastus,200,137,182,0.0,117.7788,3.54387984,USD,True
2026-09-01,2026-09-01T11:41:00Z,Virtual Machines,eastus2,200,140,183,0.00846,116.052,4.43169652,USD,True
2026-09-01,2026-09-01T11:41:00Z,Virtual Machines,japaneast,200,126,189,0.00864,179.244241,4.70104353,USD,True
2026-09-01,2026-09-01T11:41:00Z,Virtual Machines,northeurope,200,140,188,0.00204,71.50672,2.80873126,USD,True
2026-09-01,2026-09-01T11:41:00Z,Virtual Machines,southeastasia,200,139,196,0.021067,213.0211,6.18808176,USD,True
2026-09-01,2026-09-01T11:41:00Z,Virtual Machines,swedencentral,200,121,185,0.011,196.6272,4.33224004,USD,True
2026-09-01,2026-09-01T11:41:00Z,Virtual Machines,westeurope,200,125,179,0.00216,139.89936,4.87637807,USD,True
2026-09-01,2026-09-01T11:41:00Z,Virtual Machines,westus2,200,140,180,0.0,410.4,5.14446527,USD,True
2026-09-02,2026-09-02T21:04:32Z,Application Gateway,australiaeast,22,8,5,0.008,0.522,0.15022182,USD,False
2026-09-02,2026-09-02T21:04:32Z,Application Gateway,brazilsouth,18,7,5,0.008,0.72,0.20858,USD,False
2026-09-02,2026-09-02T21:04:32Z,Application Gateway,eastus,22,8,5,0.008,0.448,0.12017727,USD,False
2026-09-02,2026-09-02T21:04:32Z,Application Gateway,eastus2,22,8,5,0.008,0.448,0.12017727,USD,False
2026-09-02,2026-09-02T21:04:32Z,Application Gateway,japaneast,18,7,5,0.008,0.522,0.16874278,USD,False
2026-09-02,2026-09-02T21:04:32Z,Application Gateway,northeurope,22,8,5,0.008,0.50176,0.13672182,USD,False
2026-09-02,2026-09-02T21:04:32Z,Application Gateway,southeastasia,22,8,5,0.008,0.50176,0.14207636,USD,False
2026-09-02,2026-09-02T21:04:32Z,Application Gateway,swedencentral,18,7,5,0.0076,0.50176,0.16225667,USD,False
2026-09-02,2026-09-02T21:04:32Z,Application Gateway,westeurope,22,8,5,0.008,0.50176,0.14206727,USD,False
2026-09-02,2026-09-02T21:04:32Z,Application Gateway,westus2,18,7,5,0.008,0.448,0.13827222,USD,False
2026-09-02,2026-09-02T21:04:32Z,Azure App Service,australiaeast,124,20,67,0.016,80.0,3.33422719,USD,False
2026-09-02,2026-09-02T21:04:32Z,Azure App Service,brazilsouth,102,18,56,0.0158,80.0,2.96177998,USD,False
2026-09-02,2026-09-02T21:04:32Z,Azure App Service,eastus,113,16,62,0.017,80.0,3.05313451,USD,False
2026-09-02,2026-09-02T21:04:32Z,Azure App Service,eastus2,117,17,63,0.0,80.0,3.02458982,USD,False
2026-09-02,2026-09-02T21:04:32Z,Azure App Service,japaneast,128,21,68,0.0,80.0,3.31481827,USD,False
2026-09-02,2026-09-02T21:04:32Z,Azure App Service,northeurope,113,16,62,0.018,80.0,3.45700196,USD,False
2026-09-02,2026-09-02T21:04:32Z,Azure App Service,southeastasia,113,16,62,0.018,80.0,3.50719758,USD,False
2026-09-02,2026-09-02T21:04:32Z,Azure App Service,swedencentral,111,17,60,0.0,80.0,3.06190559,USD,False
2026-09-02,2026-09-02T21:04:32Z,Azure App Service,westeurope,117,17,63,0.0,80.0,3.48324291,USD,False
2026-09-02,2026-09-02T21:04:32Z,Azure App Service,westus2,117,17,63,0.0,80.0,3.01730191,USD,False
2026-09-02,2026-09-02T21:04:32Z,Azure Cosmos DB,australiaeast,108,16,83,0.0,32.553,2.50455709,USD,False
2026-09-02,2026-09-02T21:04:32Z,Azure Cosmos DB,brazilsouth,105,16,80,0.0,44.9,3.5216021,USD,False
2026-09-02,2026-09-02T21:04:32Z,Azure Cosmos DB,eastus,100,15,77,0.0,22.45,2.05482134,USD,False
2026-09-02,2026-09-02T21:04:32Z,Azure Cosmos DB,eastus2,100,15,77,0.0,22.45,2.05699134,USD,False
2026-09-02,2026-09-02T21:04:32Z,Azure Cosmos DB,japaneast,108,16,83,0.0,32.553,2.51362401,USD,False
2026-09-02,2026-09-02T21:04:32Z,Azure Cosmos DB,northeurope,108,16,83,0.0,26.94,2.18094909,USD,False
2026-09-02,2026-09-02T21:04:32Z,Azure Cosmos DB,southeastasia,108,16,83,0.0,29.185,2.26763594,USD,False
2026-09-02,2026-09-02T21:04:32Z,Azure Cosmos DB,swedencentral,99,16,75,0.0,29.185,2.53883158,USD,False
2026-09-02,2026-09-02T21:04:32Z,Azure Cosmos DB,westeurope,108,16,83,0.0,29.185,2.35169047,USD,False
2026-09-02,2026-09-02T21:04:32Z,Azure Cosmos DB,westus2,100,15,77,0.0,22.45,2.03024268,USD,False
2026-09-02,2026-09-02T21:04:32Z,Azure Database for PostgreSQL,australiaeast,111,41,52,0.0,76.343,4.18510888,USD,False
2026-09-02,2026-09-02T21:04:32Z,Azure Database for PostgreSQL,brazilsouth,115,43,52,0.0,133.345,6.57288077,USD,False
2026-09-02,2026-09-02T21:04:32Z,Azure Database for PostgreSQL,eastus,114,43,52,0.0,63.619,3.3205212,USD,False
2026-09-02,2026-09-02T21:04:32Z,Azure Database for PostgreSQL,eastus2,115,44,52,0.0,63.619,3.2949558,USD,False
2026-09-02,2026-09-02T21:04:32Z,Azure Database for PostgreSQL,japaneast,114,43,52,0.0,76.343,4.07747831,USD,False
2026-09-02,2026-09-02T21:04:32Z,Azure Database for PostgreSQL,northeurope,116,45,52,0.0,71.253,3.64768923,USD,False
2026-09-02,2026-09-02T21:04:32Z,Azure Database for PostgreSQL,southeastasia,114,43,52,0.0,76.343,4.07462355,USD,False
2026-09-02,2026-09-02T21:04:32Z,Azure Database for PostgreSQL,swedencentral,108,41,51,0.0,65.4,3.60271752,USD,False
2026-09-02,2026-09-02T21:04:32Z,Azure Database for PostgreSQL,westeurope,118,47,52,0.0,77.615,3.89576631,USD,False
2026-09-02,2026-09-02T21:04:32Z,Azure Database for PostgreSQL,westus2,111,41,52,0.0,63.619,3.40882718,USD,False
2026-09-02,2026-09-02T21:04:32Z,Azure Kubernetes Service,australiaeast,8,1,1,0.010602,0.16,0.0385475,USD,False
2026-09-02,2026-09-02T21:04:32Z,Azure Kubernetes Service,brazilsouth,8,1,1,0.014624,0.16,0.045583,USD,False
2026-09-02,2026-09-02T21:04:32Z,Azure Kubernetes Service,eastus,9,2,2,0.007312,0.6,0.09581467,USD,False
2026-09-02,2026-09-02T21:04:32Z,Azure Kubernetes Service,eastus2,8,1,1,0.007312,0.16,0.0327915,USD,False
2026-09-02,2026-09-02T21:04:32Z,Azure Kubernetes Service,japaneast,8,1,1,0.010602,0.16,0.0385475,USD,False
2026-09-02,2026-09-02T21:04:32Z,Azure Kubernetes Service,northeurope,8,1,1,0.008774,0.16,0.0353495,USD,False
2026-09-02,2026-09-02T21:04:32Z,Azure Kubernetes Service,southeastasia,8,1,1,0.009506,0.16,0.036629,USD,False
2026-09-02,2026-09-02T21:04:32Z,Azure Kubernetes Service,swedencentral,8,1,1,0.009506,0.16,0.036629,USD,False
2026-09-02,2026-09-02T21:04:32Z,Azure Kubernetes Service,westeurope,8,1,1,0.010456,0.16,0.03829175,USD,False
2026-09-02,2026-09-02T21:04:32Z,Azure Kubernetes Service,westus2,8,1,1,0.007312,0.16,0.0327915,USD,False
2026-09-02,2026-09-02T21:04:32Z,Functions,australiaeast,9,2,3,0.0,0.182,0.02167433,USD,False
2026-09-02,2026-09-02T21:04:32Z,Functions,brazilsouth,9,2,3,0.0,0.183,0.02179656,USD,False
2026-09-02,2026-09-02T21:04:32Z,Functions,eastus,9,2,3,0.0,0.173,0.02059489,USD,False
2026-09-02,2026-09-02T21:04:32Z,Functions,eastus2,9,2,3,0.0,0.16,0.01905044,USD,False
2026-09-02,2026-09-02T21:04:32Z,Functions,japaneast,9,2,3,0.0,0.196,0.02333933,USD,False
2026-09-02,2026-09-02T21:04:32Z,Functions,northeurope,9,2,3,0.0,0.167,0.01988378,USD,False
2026-09-02,2026-09-02T21:04:32Z,Functions,southeastasia,9,2,3,0.0,0.178,0.02119656,USD,False
2026-09-02,2026-09-02T21:04:32Z,Functions,swedencentral,9,2,3,0.0,0.169,0.02012822,USD,False
2026-09-02,2026-09-02T21:04:32Z,Functions,westeurope,9,2,3,0.0,0.169,0.02012822,USD,False
2026-09-02,2026-09-02T21:04:32Z,Functions,westus2,9,2,3,0.0,0.16,0.01905044,USD,False
2026-09-02,2026-09-02T21:04:32Z,Load Balancer,australiaeast,0,0,0,,,,USD,False
2026-09-02,2026-09-02T21:04:32Z,Load Balancer,brazilsouth,0,0,0,,,,USD,False
2026-09-02,2026-09-02T21:04:32Z,Load Balancer,eastus,0,0,0,,,,USD,False
2026-09-02,2026-09-02T21:04:32Z,Load Balancer,eastus2,0,0,0,,,,USD,False
2026-09-02,2026-09-02T21:04:32Z,Load Balancer,japaneast,0,0,0,,,,USD,False
2026-09-02,2026-09-02T21:04:32Z,Load Balancer,northeurope,0,0,0,,,,USD,False
2026-09-02,2026-09-02T21:04:32Z,Load Balancer,southeastasia,0,0,0,,,,USD,False
2026-09-02,2026-09-02T21:04:32Z,Load Balancer,swedencentral,0,0,0,,,,USD,False
2026-09-02,2026-09-02T21:04:32Z,Load Balancer,westeurope,0,0,0,,,,USD,False
2026-09-02,2026-09-02T21:04:32Z,Load Balancer,westus2,0,0,0,,,,USD,False
2026-09-02,2026-09-02T21:04:32Z,SQL Database,australiaeast,154,37,77,0.0,571.408,22.78711522,USD,False
2026-09-02,2026-09-02T21:04:32Z,SQL Database,brazilsouth,109,35,71,0.0,627.26,31.3701431,USD,False
2026-09-02,2026-09-02T21:04:32Z,SQL Database,eastus,113,30,37,0.0,24.36,2.87434587,USD,False
2026-09-02,2026-09-02T21:04:32Z,SQL Database,eastus2,108,29,36,0.0,24.36,2.98343595,USD,False
2026-09-02,2026-09-02T21:04:32Z,SQL Database,japaneast,150,37,75,0.0,584.208,23.84588713,USD,False
2026-09-02,2026-09-02T21:04:32Z,SQL Database,northeurope,113,30,37,0.0,29.22,3.43563935,USD,False
2026-09-02,2026-09-02T21:04:32Z,SQL Database,southeastasia,111,29,37,0.0,31.66,3.77798125,USD,False
2026-09-02,2026-09-02T21:04:32Z,SQL Database,swedencentral,106,30,74,0.0,516.128,26.50978892,USD,False
2026-09-02,2026-09-02T21:04:32Z,SQL Database,westeurope,113,30,37,0.0,31.66,3.72220855,USD,False
2026-09-02,2026-09-02T21:04:32Z,SQL Database,westus2,111,29,37,0.0,24.36,2.91339714,USD,False
2026-09-02,2026-09-02T21:04:32Z,Storage,australiaeast,200,23,68,0.0,3342.34,23.89177272,USD,True
2026-09-02,2026-09-02T21:04:32Z,Storage,brazilsouth,200,27,62,0.0,4669.71,74.65290366,USD,True
2026-09-02,2026-09-02T21:04:32Z,Storage,eastus,200,28,70,0.0,3686.4,51.35685995,USD,False
2026-09-02,2026-09-02T21:04:32Z,Storage,eastus2,200,25,72,0.0,3686.4,24.146832,USD,False
2026-09-02,2026-09-02T21:04:32Z,Storage,japaneast,200,26,71,0.0,3109.035,41.43337182,USD,False
2026-09-02,2026-09-02T21:04:32Z,Storage,northeurope,200,26,69,0.0,3604.11,53.98662846,USD,False
2026-09-02,2026-09-02T21:04:32Z,Storage,southeastasia,200,28,79,0.0,3686.4,33.44616051,USD,False
2026-09-02,2026-09-02T21:04:32Z,Storage,swedencentral,200,26,76,0.0,3686.4,31.87963216,USD,True
2026-09-02,2026-09-02T21:04:32Z,Storage,westeurope,200,25,73,0.0,1982.17,32.12951834,USD,False
2026-09-02,2026-09-02T21:04:32Z,Storage,westus2,200,26,73,0.0,3686.4,34.08984903,USD,False
2026-09-02,2026-09-02T21:04:32Z,Virtual Machines,australiaeast,200,135,193,0.014026,41.918,2.83862876,USD,True
2026-09-02,2026-09-02T21:04:32Z,Virtual Machines,brazilsouth,200,139,196,0.00303,133.07446,4.96623309,USD,True
2026-09-02,2026-09-02T21:04:32Z,Virtual Machines,eastus,200,143,198,0.0,117.7788,3.85482646,USD,True
2026-09-02,2026-09-02T21:04:32Z,Virtual Machines,eastus2,200,148,200,0.00846,116.052,4.3868498,USD,True
2026-09-02,2026-09-02T21:04:32Z,Virtual Machines,japaneast,200,129,198,0.00864,179.244241,4.59753338,USD,True
2026-09-02,2026-09-02T21:04:32Z,Virtual Machines,northeurope,200,150,200,0.00204,71.50672,2.81186144,USD,True
2026-09-02,2026-09-02T21:04:32Z,Virtual Machines,southeastasia,200,141,198,0.021067,213.0211,6.19237343,USD,True
2026-09-02,2026-09-02T21:04:32Z,Virtual Machines,swedencentral,200,127,198,0.011,196.6272,4.4119511,USD,True
2026-09-02,2026-09-02T21:04:32Z,Virtual Machines,westeurope,200,137,199,0.00216,139.89936,6.0657742,USD,True
2026-09-02,2026-09-02T21:04:32Z,Virtual Machines,westus2,200,151,198,0.004,451.616,7.57400345,USD,True
